[
  {
    "id": 7511,
    "Cloth Name": "knitted-grass backpack",
    "variant_id": "1000_Bag_07511",
    "locale": {
      "USen": "Green",
      "EUen": "Green",
      "EUde": "Grün",
      "EUes": "Verde",
      "USes": "Verde",
      "EUfr": "Vert",
      "USfr": "Vert",
      "EUit": "Verde",
      "EUnl": "Groen",
      "CNzh": "绿色",
      "TWzh": "綠色",
      "JPja": "グリーン",
      "KRko": "그린",
      "EUru": "Зеленый"
    }
  },
  {
    "id": 7512,
    "Cloth Name": "hard-shell backpack",
    "variant_id": "1001_Bag_07512",
    "locale": {
      "USen": "Blue",
      "EUen": "Blue",
      "EUde": "Blau",
      "EUes": "Azul",
      "USes": "Azul",
      "EUfr": "Bleu",
      "USfr": "Bleu",
      "EUit": "Blu",
      "EUnl": "Blauw",
      "CNzh": "蓝色",
      "TWzh": "藍色",
      "JPja": "ブルー",
      "KRko": "블루",
      "EUru": "Синий"
    }
  },
  {
    "id": 10184,
    "Cloth Name": "hard-shell backpack",
    "variant_id": "1001_Bag_10184",
    "locale": {
      "USen": "Red",
      "EUen": "Red",
      "EUde": "Rot",
      "EUes": "Rojo",
      "USes": "Rojo",
      "EUfr": "Rouge",
      "USfr": "Rouge",
      "EUit": "Rosso",
      "EUnl": "Rood",
      "CNzh": "红色",
      "TWzh": "紅色",
      "JPja": "レッド",
      "KRko": "레드",
      "EUru": "Красный"
    }
  },
  {
    "id": 11946,
    "Cloth Name": "hard-shell backpack",
    "variant_id": "1001_Bag_11946",
    "locale": {
      "USen": "Silver",
      "EUen": "Silver",
      "EUde": "Silber",
      "EUes": "Plateado",
      "USes": "Plateado",
      "EUfr": "Argent",
      "USfr": "Argent",
      "EUit": "Argentato",
      "EUnl": "Zilver",
      "CNzh": "银色",
      "TWzh": "銀色",
      "JPja": "シルバー",
      "KRko": "실버",
      "EUru": "Серебряный"
    }
  },
  {
    "id": 9761,
    "Cloth Name": "Nook Inc. knapsack",
    "variant_id": "1150_Bag_09761",
    "locale": {
      "USen": "Brown",
      "EUen": "Brown",
      "EUde": "Braun",
      "EUes": "Marrón",
      "USes": "Marrón",
      "EUfr": "Brun",
      "USfr": "Brun",
      "EUit": "Marrone",
      "EUnl": "Bruin",
      "CNzh": "棕色",
      "TWzh": "棕色",
      "JPja": "ブラウン",
      "KRko": "브라운",
      "EUru": "Коричневый"
    }
  },
  {
    "id": 12131,
    "Cloth Name": "DAL backpack",
    "variant_id": "1185_Bag_12131",
    "locale": {
      "USen": "Blue",
      "EUen": "Blue",
      "EUde": "Blau",
      "EUes": "Azul",
      "USes": "Azul",
      "EUfr": "Bleu",
      "USfr": "Bleu",
      "EUit": "Blu",
      "EUnl": "Blauw",
      "CNzh": "蓝色",
      "TWzh": "藍色",
      "JPja": "ブルー",
      "KRko": "블루",
      "EUru": "Синий"
    }
  },
  {
    "id": 12447,
    "Cloth Name": "Bunny Day bag",
    "variant_id": "1203_Bag_12447",
    "locale": {
      "USen": "Colorful",
      "EUen": "Colorful",
      "EUde": "Bunt",
      "EUes": "Multicolor",
      "USes": "Multicolor",
      "EUfr": "Multicolore",
      "USfr": "Multicolore",
      "EUit": "Variopinto",
      "EUnl": "Veelkleurig",
      "CNzh": "彩色",
      "TWzh": "彩色",
      "JPja": "カラフル",
      "KRko": "컬러풀",
      "EUru": "Яркий"
    }
  },
  {
    "id": 12797,
    "Cloth Name": "grape-harvest basket",
    "variant_id": "1233_Bag_12797",
    "locale": {
      "USen": "Brown",
      "EUen": "Brown",
      "EUde": "Braun",
      "EUes": "Marrón",
      "USes": "Marrón",
      "EUfr": "Brun",
      "USfr": "Brun",
      "EUit": "Marrone",
      "EUnl": "Bruin",
      "CNzh": "棕色",
      "TWzh": "棕色",
      "JPja": "ブラウン",
      "KRko": "브라운",
      "EUru": "Коричневый"
    }
  },
  {
    "id": 6838,
    "Cloth Name": "town backpack",
    "variant_id": "957_Bag_06838",
    "locale": {
      "USen": "Green",
      "EUen": "Green",
      "EUde": "Grün",
      "EUes": "Verde",
      "USes": "Verde",
      "EUfr": "Vert",
      "USfr": "Vert",
      "EUit": "Verde",
      "EUnl": "Groen",
      "CNzh": "绿色",
      "TWzh": "綠色",
      "JPja": "グリーン",
      "KRko": "그린",
      "EUru": "Зеленый"
    }
  },
  {
    "id": 6839,
    "Cloth Name": "town backpack",
    "variant_id": "957_Bag_06839",
    "locale": {
      "USen": "Orange",
      "EUen": "Orange",
      "EUde": "Orange",
      "EUes": "Naranja",
      "USes": "Naranja",
      "EUfr": "Orange",
      "USfr": "Orange",
      "EUit": "Arancio",
      "EUnl": "Oranje",
      "CNzh": "橘色",
      "TWzh": "橘色",
      "JPja": "オレンジ",
      "KRko": "오렌지",
      "EUru": "Оранжевый"
    }
  },
  {
    "id": 11944,
    "Cloth Name": "town backpack",
    "variant_id": "957_Bag_11944",
    "locale": {
      "USen": "Blue",
      "EUen": "Blue",
      "EUde": "Blau",
      "EUes": "Azul",
      "USes": "Azul",
      "EUfr": "Bleu",
      "USfr": "Bleu",
      "EUit": "Blu",
      "EUnl": "Blauw",
      "CNzh": "蓝色",
      "TWzh": "藍色",
      "JPja": "ブルー",
      "KRko": "블루",
      "EUru": "Синий"
    }
  },
  {
    "id": 11945,
    "Cloth Name": "town backpack",
    "variant_id": "957_Bag_11945",
    "locale": {
      "USen": "Red",
      "EUen": "Red",
      "EUde": "Rot",
      "EUes": "Rojo",
      "USes": "Rojo",
      "EUfr": "Rouge",
      "USfr": "Rouge",
      "EUit": "Rosso",
      "EUnl": "Rood",
      "CNzh": "红色",
      "TWzh": "紅色",
      "JPja": "レッド",
      "KRko": "레드",
      "EUru": "Красный"
    }
  },
  {
    "id": 2550,
    "Cloth Name": "travel pouch",
    "variant_id": "958_Bag_02550",
    "locale": {
      "USen": "Pink",
      "EUen": "Pink",
      "EUde": "Rosa",
      "EUes": "Rosa",
      "USes": "Rosa",
      "EUfr": "Rose",
      "USfr": "Rose",
      "EUit": "Rosa",
      "EUnl": "Roze",
      "CNzh": "粉红",
      "TWzh": "粉紅色",
      "JPja": "ピンク",
      "KRko": "핑크",
      "EUru": "Розовый"
    }
  },
  {
    "id": 12000,
    "Cloth Name": "travel pouch",
    "variant_id": "958_Bag_12000",
    "locale": {
      "USen": "Green",
      "EUen": "Green",
      "EUde": "Grün",
      "EUes": "Verde",
      "USes": "Verde",
      "EUfr": "Vert",
      "USfr": "Vert",
      "EUit": "Verde",
      "EUnl": "Groen",
      "CNzh": "绿色",
      "TWzh": "綠色",
      "JPja": "グリーン",
      "KRko": "그린",
      "EUru": "Зеленый"
    }
  },
  {
    "id": 12001,
    "Cloth Name": "travel pouch",
    "variant_id": "958_Bag_12001",
    "locale": {
      "USen": "Light blue",
      "EUen": "Light blue",
      "EUde": "Hellblau",
      "EUes": "Celeste",
      "USes": "Celeste",
      "EUfr": "Bleu clair",
      "USfr": "Bleu pâle",
      "EUit": "Blu chiaro",
      "EUnl": "Lichtblauw",
      "CNzh": "浅蓝色",
      "TWzh": "淺藍色",
      "JPja": "ライトブルー",
      "KRko": "라이트 블루",
      "EUru": "Голубой"
    }
  },
  {
    "id": 12002,
    "Cloth Name": "travel pouch",
    "variant_id": "958_Bag_12002",
    "locale": {
      "USen": "Purple",
      "EUen": "Purple",
      "EUde": "Lila",
      "EUes": "Púrpura",
      "USes": "Morado",
      "EUfr": "Violet",
      "USfr": "Mauve",
      "EUit": "Viola",
      "EUnl": "Paars",
      "CNzh": "紫色",
      "TWzh": "紫色",
      "JPja": "パープル",
      "KRko": "퍼플",
      "EUru": "Фиолетовый"
    }
  },
  {
    "id": 7470,
    "Cloth Name": "messenger bag",
    "variant_id": "962_Bag_07470",
    "locale": {
      "USen": "Green",
      "EUen": "Green",
      "EUde": "Grün",
      "EUes": "Verde",
      "USes": "Verde",
      "EUfr": "Vert",
      "USfr": "Vert",
      "EUit": "Verde",
      "EUnl": "Groen",
      "CNzh": "绿色",
      "TWzh": "綠色",
      "JPja": "グリーン",
      "KRko": "그린",
      "EUru": "Зеленый"
    }
  },
  {
    "id": 11978,
    "Cloth Name": "messenger bag",
    "variant_id": "962_Bag_11978",
    "locale": {
      "USen": "Orange",
      "EUen": "Orange",
      "EUde": "Orange",
      "EUes": "Naranja",
      "USes": "Naranja",
      "EUfr": "Orange",
      "USfr": "Orange",
      "EUit": "Arancio",
      "EUnl": "Oranje",
      "CNzh": "橘色",
      "TWzh": "橘色",
      "JPja": "オレンジ",
      "KRko": "오렌지",
      "EUru": "Оранжевый"
    }
  },
  {
    "id": 11979,
    "Cloth Name": "messenger bag",
    "variant_id": "962_Bag_11979",
    "locale": {
      "USen": "Black",
      "EUen": "Black",
      "EUde": "Schwarz",
      "EUes": "Negro",
      "USes": "Negro",
      "EUfr": "Noir",
      "USfr": "Noir",
      "EUit": "Nero",
      "EUnl": "Zwart",
      "CNzh": "黑色",
      "TWzh": "黑色",
      "JPja": "ブラック",
      "KRko": "블랙",
      "EUru": "Черный"
    }
  },
  {
    "id": 7471,
    "Cloth Name": "dry bag",
    "variant_id": "963_Bag_07471",
    "locale": {
      "USen": "Yellow",
      "EUen": "Yellow",
      "EUde": "Gelb",
      "EUes": "Amarillo",
      "USes": "Amarillo",
      "EUfr": "Jaune",
      "USfr": "Jaune",
      "EUit": "Giallo",
      "EUnl": "Geel",
      "CNzh": "黄色",
      "TWzh": "黃色",
      "JPja": "イエロー",
      "KRko": "옐로",
      "EUru": "Желтый"
    }
  },
  {
    "id": 11964,
    "Cloth Name": "dry bag",
    "variant_id": "963_Bag_11964",
    "locale": {
      "USen": "Blue",
      "EUen": "Blue",
      "EUde": "Blau",
      "EUes": "Azul",
      "USes": "Azul",
      "EUfr": "Bleu",
      "USfr": "Bleu",
      "EUit": "Blu",
      "EUnl": "Blauw",
      "CNzh": "蓝色",
      "TWzh": "藍色",
      "JPja": "ブルー",
      "KRko": "블루",
      "EUru": "Синий"
    }
  },
  {
    "id": 7476,
    "Cloth Name": "pleather shoulder bag",
    "variant_id": "964_Bag_07476",
    "locale": {
      "USen": "Brown",
      "EUen": "Brown",
      "EUde": "Braun",
      "EUes": "Marrón",
      "USes": "Marrón",
      "EUfr": "Brun",
      "USfr": "Brun",
      "EUit": "Marrone",
      "EUnl": "Bruin",
      "CNzh": "棕色",
      "TWzh": "棕色",
      "JPja": "ブラウン",
      "KRko": "브라운",
      "EUru": "Коричневый"
    }
  },
  {
    "id": 12009,
    "Cloth Name": "pleather shoulder bag",
    "variant_id": "964_Bag_12009",
    "locale": {
      "USen": "Navy blue",
      "EUen": "Navy blue",
      "EUde": "Marineblau",
      "EUes": "Azul marino",
      "USes": "Azul marino",
      "EUfr": "Bleu marine",
      "USfr": "Bleu marine",
      "EUit": "Blu marino",
      "EUnl": "Marineblauw",
      "CNzh": "海军蓝",
      "TWzh": "海軍藍",
      "JPja": "ネイビー",
      "KRko": "네이비",
      "EUru": "Черно-синий"
    }
  },
  {
    "id": 7477,
    "Cloth Name": "fish pochette",
    "variant_id": "965_Bag_07477",
    "locale": {
      "USen": "Blue",
      "EUen": "Blue",
      "EUde": "Blau",
      "EUes": "Azul",
      "USes": "Azul",
      "EUfr": "Bleu",
      "USfr": "Bleu",
      "EUit": "Blu",
      "EUnl": "Blauw",
      "CNzh": "蓝色",
      "TWzh": "藍色",
      "JPja": "ブルー",
      "KRko": "블루",
      "EUru": "Синий"
    }
  },
  {
    "id": 7478,
    "Cloth Name": "tackle bag",
    "variant_id": "966_Bag_07478",
    "locale": {
      "USen": "Blue",
      "EUen": "Blue",
      "EUde": "Blau",
      "EUes": "Azul",
      "USes": "Azul",
      "EUfr": "Bleu",
      "USfr": "Bleu",
      "EUit": "Blu",
      "EUnl": "Blauw",
      "CNzh": "蓝色",
      "TWzh": "藍色",
      "JPja": "ブルー",
      "KRko": "블루",
      "EUru": "Синий"
    }
  },
  {
    "id": 7479,
    "Cloth Name": "bug cage",
    "variant_id": "967_Bag_07479",
    "locale": {
      "USen": "Green",
      "EUen": "Green",
      "EUde": "Grün",
      "EUes": "Verde",
      "USes": "Verde",
      "EUfr": "Vert",
      "USfr": "Vert",
      "EUit": "Verde",
      "EUnl": "Groen",
      "CNzh": "绿色",
      "TWzh": "綠色",
      "JPja": "グリーン",
      "KRko": "그린",
      "EUru": "Зеленый"
    }
  },
  {
    "id": 7480,
    "Cloth Name": "faux-fur bag",
    "variant_id": "968_Bag_07480",
    "locale": {
      "USen": "Pink",
      "EUen": "Pink",
      "EUde": "Rosa",
      "EUes": "Rosa",
      "USes": "Rosa",
      "EUfr": "Rose",
      "USfr": "Rose",
      "EUit": "Rosa",
      "EUnl": "Roze",
      "CNzh": "粉红",
      "TWzh": "粉紅色",
      "JPja": "ピンク",
      "KRko": "핑크",
      "EUru": "Розовый"
    }
  },
  {
    "id": 12003,
    "Cloth Name": "faux-fur bag",
    "variant_id": "968_Bag_12003",
    "locale": {
      "USen": "Purple",
      "EUen": "Purple",
      "EUde": "Lila",
      "EUes": "Púrpura",
      "USes": "Morado",
      "EUfr": "Violet",
      "USfr": "Mauve",
      "EUit": "Viola",
      "EUnl": "Paars",
      "CNzh": "紫色",
      "TWzh": "紫色",
      "JPja": "パープル",
      "KRko": "퍼플",
      "EUru": "Фиолетовый"
    }
  },
  {
    "id": 7481,
    "Cloth Name": "pleather fringe bag",
    "variant_id": "969_Bag_07481",
    "locale": {
      "USen": "Camel",
      "EUen": "Camel",
      "EUde": "Kamelfarben",
      "EUes": "Pardo",
      "USes": "Pardo",
      "EUfr": "Sable",
      "USfr": "Sable",
      "EUit": "Cammello",
      "EUnl": "Kameelbruin",
      "CNzh": "驼色",
      "TWzh": "駝色",
      "JPja": "キャメル",
      "KRko": "캐멀",
      "EUru": "Светло-коричневый"
    }
  },
  {
    "id": 12010,
    "Cloth Name": "pleather fringe bag",
    "variant_id": "969_Bag_12010",
    "locale": {
      "USen": "White",
      "EUen": "White",
      "EUde": "Weiß",
      "EUes": "Blanco",
      "USes": "Blanco",
      "EUfr": "Blanc",
      "USfr": "Blanc",
      "EUit": "Bianco",
      "EUnl": "Wit",
      "CNzh": "白色",
      "TWzh": "白色",
      "JPja": "ホワイト",
      "KRko": "화이트",
      "EUru": "Белый"
    }
  },
  {
    "id": 7482,
    "Cloth Name": "hand-knit pouch",
    "variant_id": "970_Bag_07482",
    "locale": {
      "USen": "Green",
      "EUen": "Green",
      "EUde": "Grün",
      "EUes": "Verde",
      "USes": "Verde",
      "EUfr": "Vert",
      "USfr": "Vert",
      "EUit": "Verde",
      "EUnl": "Groen",
      "CNzh": "绿色",
      "TWzh": "綠色",
      "JPja": "グリーン",
      "KRko": "그린",
      "EUru": "Зеленый"
    }
  },
  {
    "id": 12004,
    "Cloth Name": "hand-knit pouch",
    "variant_id": "970_Bag_12004",
    "locale": {
      "USen": "Purple",
      "EUen": "Purple",
      "EUde": "Lila",
      "EUes": "Púrpura",
      "USes": "Morado",
      "EUfr": "Violet",
      "USfr": "Mauve",
      "EUit": "Viola",
      "EUnl": "Paars",
      "CNzh": "紫色",
      "TWzh": "紫色",
      "JPja": "パープル",
      "KRko": "퍼플",
      "EUru": "Фиолетовый"
    }
  },
  {
    "id": 7483,
    "Cloth Name": "crossbody bag",
    "variant_id": "971_Bag_07483",
    "locale": {
      "USen": "Pink",
      "EUen": "Pink",
      "EUde": "Rosa",
      "EUes": "Rosa",
      "USes": "Rosa",
      "EUfr": "Rose",
      "USfr": "Rose",
      "EUit": "Rosa",
      "EUnl": "Roze",
      "CNzh": "粉红",
      "TWzh": "粉紅色",
      "JPja": "ピンク",
      "KRko": "핑크",
      "EUru": "Розовый"
    }
  },
  {
    "id": 11980,
    "Cloth Name": "crossbody bag",
    "variant_id": "971_Bag_11980",
    "locale": {
      "USen": "Green",
      "EUen": "Green",
      "EUde": "Grün",
      "EUes": "Verde",
      "USes": "Verde",
      "EUfr": "Vert",
      "USfr": "Vert",
      "EUit": "Verde",
      "EUnl": "Groen",
      "CNzh": "绿色",
      "TWzh": "綠色",
      "JPja": "グリーン",
      "KRko": "그린",
      "EUru": "Зеленый"
    }
  },
  {
    "id": 11981,
    "Cloth Name": "crossbody bag",
    "variant_id": "971_Bag_11981",
    "locale": {
      "USen": "Yellow",
      "EUen": "Yellow",
      "EUde": "Gelb",
      "EUes": "Amarillo",
      "USes": "Amarillo",
      "EUfr": "Jaune",
      "USfr": "Jaune",
      "EUit": "Giallo",
      "EUnl": "Geel",
      "CNzh": "黄色",
      "TWzh": "黃色",
      "JPja": "イエロー",
      "KRko": "옐로",
      "EUru": "Желтый"
    }
  },
  {
    "id": 11982,
    "Cloth Name": "crossbody bag",
    "variant_id": "971_Bag_11982",
    "locale": {
      "USen": "White",
      "EUen": "White",
      "EUde": "Weiß",
      "EUes": "Blanco",
      "USes": "Blanco",
      "EUfr": "Blanc",
      "USfr": "Blanc",
      "EUit": "Bianco",
      "EUnl": "Wit",
      "CNzh": "白色",
      "TWzh": "白色",
      "JPja": "ホワイト",
      "KRko": "화이트",
      "EUru": "Белый"
    }
  },
  {
    "id": 7484,
    "Cloth Name": "pleather crossbody bag",
    "variant_id": "972_Bag_07484",
    "locale": {
      "USen": "Navy blue",
      "EUen": "Navy blue",
      "EUde": "Marineblau",
      "EUes": "Azul marino",
      "USes": "Azul marino",
      "EUfr": "Bleu marine",
      "USfr": "Bleu marine",
      "EUit": "Blu marino",
      "EUnl": "Marineblauw",
      "CNzh": "海军蓝",
      "TWzh": "海軍藍",
      "JPja": "ネイビー",
      "KRko": "네이비",
      "EUru": "Черно-синий"
    }
  },
  {
    "id": 12005,
    "Cloth Name": "pleather crossbody bag",
    "variant_id": "972_Bag_12005",
    "locale": {
      "USen": "Black",
      "EUen": "Black",
      "EUde": "Schwarz",
      "EUes": "Negro",
      "USes": "Negro",
      "EUfr": "Noir",
      "USfr": "Noir",
      "EUit": "Nero",
      "EUnl": "Zwart",
      "CNzh": "黑色",
      "TWzh": "黑色",
      "JPja": "ブラック",
      "KRko": "블랙",
      "EUru": "Черный"
    }
  },
  {
    "id": 7485,
    "Cloth Name": "crossbody boston bag",
    "variant_id": "973_Bag_07485",
    "locale": {
      "USen": "Red",
      "EUen": "Red",
      "EUde": "Rot",
      "EUes": "Rojo",
      "USes": "Rojo",
      "EUfr": "Rouge",
      "USfr": "Rouge",
      "EUit": "Rosso",
      "EUnl": "Rood",
      "CNzh": "红色",
      "TWzh": "紅色",
      "JPja": "レッド",
      "KRko": "레드",
      "EUru": "Красный"
    }
  },
  {
    "id": 12011,
    "Cloth Name": "crossbody boston bag",
    "variant_id": "973_Bag_12011",
    "locale": {
      "USen": "Blue",
      "EUen": "Blue",
      "EUde": "Blau",
      "EUes": "Azul",
      "USes": "Azul",
      "EUfr": "Bleu",
      "USfr": "Bleu",
      "EUit": "Blu",
      "EUnl": "Blauw",
      "CNzh": "蓝色",
      "TWzh": "藍色",
      "JPja": "ブルー",
      "KRko": "블루",
      "EUru": "Синий"
    }
  },
  {
    "id": 7486,
    "Cloth Name": "gumdrop shoulder bag",
    "variant_id": "974_Bag_07486",
    "locale": {
      "USen": "Pop",
      "EUen": "Pop",
      "EUde": "Pop",
      "EUes": "Pop",
      "USes": "Pop",
      "EUfr": "Pop",
      "USfr": "Pop",
      "EUit": "Pop",
      "EUnl": "Spetterend",
      "CNzh": "缤纷色",
      "TWzh": "繽紛色",
      "JPja": "ポップ",
      "KRko": "팝",
      "EUru": "Яркий"
    }
  },
  {
    "id": 12012,
    "Cloth Name": "gumdrop shoulder bag",
    "variant_id": "974_Bag_12012",
    "locale": {
      "USen": "Cool",
      "EUen": "Cool",
      "EUde": "Cool",
      "EUes": "Moderno",
      "USes": "Moderno",
      "EUfr": "Cool",
      "USfr": "Cool",
      "EUit": "Spavaldo",
      "EUnl": "Cool",
      "CNzh": "酷感色",
      "TWzh": "酷感色",
      "JPja": "クール",
      "KRko": "쿨",
      "EUru": "Модный"
    }
  },
  {
    "id": 7487,
    "Cloth Name": "cloth shoulder bag",
    "variant_id": "975_Bag_07487",
    "locale": {
      "USen": "Blue",
      "EUen": "Blue",
      "EUde": "Blau",
      "EUes": "Azul",
      "USes": "Azul",
      "EUfr": "Bleu",
      "USfr": "Bleu",
      "EUit": "Blu",
      "EUnl": "Blauw",
      "CNzh": "蓝色",
      "TWzh": "藍色",
      "JPja": "ブルー",
      "KRko": "블루",
      "EUru": "Синий"
    }
  },
  {
    "id": 12013,
    "Cloth Name": "cloth shoulder bag",
    "variant_id": "975_Bag_12013",
    "locale": {
      "USen": "Orange",
      "EUen": "Orange",
      "EUde": "Orange",
      "EUes": "Naranja",
      "USes": "Naranja",
      "EUfr": "Orange",
      "USfr": "Orange",
      "EUit": "Arancio",
      "EUnl": "Oranje",
      "CNzh": "橘色",
      "TWzh": "橘色",
      "JPja": "オレンジ",
      "KRko": "오렌지",
      "EUru": "Оранжевый"
    }
  },
  {
    "id": 12014,
    "Cloth Name": "cloth shoulder bag",
    "variant_id": "975_Bag_12014",
    "locale": {
      "USen": "Ivory",
      "EUen": "Ivory",
      "EUde": "Porzellanfarben",
      "EUes": "Marfil",
      "USes": "Marfil",
      "EUfr": "Ivoire",
      "USfr": "Ivoire",
      "EUit": "Avorio",
      "EUnl": "Ivoorwit",
      "CNzh": "象牙色",
      "TWzh": "象牙色",
      "JPja": "アイボリー",
      "KRko": "아이보리",
      "EUru": "Цвет слоновой кости"
    }
  },
  {
    "id": 7488,
    "Cloth Name": "straw pochette",
    "variant_id": "976_Bag_07488",
    "locale": {
      "USen": "Brown",
      "EUen": "Brown",
      "EUde": "Braun",
      "EUes": "Marrón",
      "USes": "Marrón",
      "EUfr": "Brun",
      "USfr": "Brun",
      "EUit": "Marrone",
      "EUnl": "Bruin",
      "CNzh": "棕色",
      "TWzh": "棕色",
      "JPja": "ブラウン",
      "KRko": "브라운",
      "EUru": "Коричневый"
    }
  },
  {
    "id": 7489,
    "Cloth Name": "star pochette",
    "variant_id": "977_Bag_07489",
    "locale": {
      "USen": "Yellow",
      "EUen": "Yellow",
      "EUde": "Gelb",
      "EUes": "Amarillo",
      "USes": "Amarillo",
      "EUfr": "Jaune",
      "USfr": "Jaune",
      "EUit": "Giallo",
      "EUnl": "Geel",
      "CNzh": "黄色",
      "TWzh": "黃色",
      "JPja": "イエロー",
      "KRko": "옐로",
      "EUru": "Желтый"
    }
  },
  {
    "id": 7490,
    "Cloth Name": "cherry-blossom pochette",
    "variant_id": "978_Bag_07490",
    "locale": {
      "USen": "Pink",
      "EUen": "Pink",
      "EUde": "Rosa",
      "EUes": "Rosa",
      "USes": "Rosa",
      "EUfr": "Rose",
      "USfr": "Rose",
      "EUit": "Rosa",
      "EUnl": "Roze",
      "CNzh": "粉红",
      "TWzh": "粉紅色",
      "JPja": "ピンク",
      "KRko": "핑크",
      "EUru": "Розовый"
    }
  },
  {
    "id": 7491,
    "Cloth Name": "maple-leaf pochette",
    "variant_id": "979_Bag_07491",
    "locale": {
      "USen": "Red",
      "EUen": "Red",
      "EUde": "Rot",
      "EUes": "Rojo",
      "USes": "Rojo",
      "EUfr": "Rouge",
      "USfr": "Rouge",
      "EUit": "Rosso",
      "EUnl": "Rood",
      "CNzh": "红色",
      "TWzh": "紅色",
      "JPja": "レッド",
      "KRko": "레드",
      "EUru": "Красный"
    }
  },
  {
    "id": 7492,
    "Cloth Name": "acorn pochette",
    "variant_id": "980_Bag_07492",
    "locale": {
      "USen": "Brown",
      "EUen": "Brown",
      "EUde": "Braun",
      "EUes": "Marrón",
      "USes": "Marrón",
      "EUfr": "Brun",
      "USfr": "Brun",
      "EUit": "Marrone",
      "EUnl": "Bruin",
      "CNzh": "棕色",
      "TWzh": "棕色",
      "JPja": "ブラウン",
      "KRko": "브라운",
      "EUru": "Коричневый"
    }
  },
  {
    "id": 7493,
    "Cloth Name": "snowflake pochette",
    "variant_id": "981_Bag_07493",
    "locale": {
      "USen": "White",
      "EUen": "White",
      "EUde": "Weiß",
      "EUes": "Blanco",
      "USes": "Blanco",
      "EUfr": "Blanc",
      "USfr": "Blanc",
      "EUit": "Bianco",
      "EUnl": "Wit",
      "CNzh": "白色",
      "TWzh": "白色",
      "JPja": "ホワイト",
      "KRko": "화이트",
      "EUru": "Белый"
    }
  },
  {
    "id": 7494,
    "Cloth Name": "shellfish pochette",
    "variant_id": "982_Bag_07494",
    "locale": {
      "USen": "White",
      "EUen": "White",
      "EUde": "Weiß",
      "EUes": "Blanco",
      "USes": "Blanco",
      "EUfr": "Blanc",
      "USfr": "Blanc",
      "EUit": "Bianco",
      "EUnl": "Wit",
      "CNzh": "白色",
      "TWzh": "白色",
      "JPja": "ホワイト",
      "KRko": "화이트",
      "EUru": "Белый"
    }
  },
  {
    "id": 7497,
    "Cloth Name": "tool bag",
    "variant_id": "983_Bag_07497",
    "locale": {
      "USen": "Black",
      "EUen": "Black",
      "EUde": "Schwarz",
      "EUes": "Negro",
      "USes": "Negro",
      "EUfr": "Noir",
      "USfr": "Noir",
      "EUit": "Nero",
      "EUnl": "Zwart",
      "CNzh": "黑色",
      "TWzh": "黑色",
      "JPja": "ブラック",
      "KRko": "블랙",
      "EUru": "Черный"
    }
  },
  {
    "id": 7302,
    "Cloth Name": "retro sports bag",
    "variant_id": "984_Bag_07302",
    "locale": {
      "USen": "Blue",
      "EUen": "Blue",
      "EUde": "Blau",
      "EUes": "Azul",
      "USes": "Azul",
      "EUfr": "Bleu",
      "USfr": "Bleu",
      "EUit": "Blu",
      "EUnl": "Blauw",
      "CNzh": "蓝色",
      "TWzh": "藍色",
      "JPja": "ブルー",
      "KRko": "블루",
      "EUru": "Синий"
    }
  },
  {
    "id": 12007,
    "Cloth Name": "retro sports bag",
    "variant_id": "984_Bag_12007",
    "locale": {
      "USen": "Red",
      "EUen": "Red",
      "EUde": "Rot",
      "EUes": "Rojo",
      "USes": "Rojo",
      "EUfr": "Rouge",
      "USfr": "Rouge",
      "EUit": "Rosso",
      "EUnl": "Rood",
      "CNzh": "红色",
      "TWzh": "紅色",
      "JPja": "レッド",
      "KRko": "레드",
      "EUru": "Красный"
    }
  },
  {
    "id": 12008,
    "Cloth Name": "retro sports bag",
    "variant_id": "984_Bag_12008",
    "locale": {
      "USen": "Black",
      "EUen": "Black",
      "EUde": "Schwarz",
      "EUes": "Negro",
      "USes": "Negro",
      "EUfr": "Noir",
      "USfr": "Noir",
      "EUit": "Nero",
      "EUnl": "Zwart",
      "CNzh": "黑色",
      "TWzh": "黑色",
      "JPja": "ブラック",
      "KRko": "블랙",
      "EUru": "Черный"
    }
  },
  {
    "id": 7304,
    "Cloth Name": "sacoche bag",
    "variant_id": "985_Bag_07304",
    "locale": {
      "USen": "Blue",
      "EUen": "Blue",
      "EUde": "Blau",
      "EUes": "Azul",
      "USes": "Azul",
      "EUfr": "Bleu",
      "USfr": "Bleu",
      "EUit": "Blu",
      "EUnl": "Blauw",
      "CNzh": "蓝色",
      "TWzh": "藍色",
      "JPja": "ブルー",
      "KRko": "블루",
      "EUru": "Синий"
    }
  },
  {
    "id": 11974,
    "Cloth Name": "sacoche bag",
    "variant_id": "985_Bag_11974",
    "locale": {
      "USen": "Red",
      "EUen": "Red",
      "EUde": "Rot",
      "EUes": "Rojo",
      "USes": "Rojo",
      "EUfr": "Rouge",
      "USfr": "Rouge",
      "EUit": "Rosso",
      "EUnl": "Rood",
      "CNzh": "红色",
      "TWzh": "紅色",
      "JPja": "レッド",
      "KRko": "레드",
      "EUru": "Красный"
    }
  },
  {
    "id": 11975,
    "Cloth Name": "sacoche bag",
    "variant_id": "985_Bag_11975",
    "locale": {
      "USen": "Black",
      "EUen": "Black",
      "EUde": "Schwarz",
      "EUes": "Negro",
      "USes": "Negro",
      "EUfr": "Noir",
      "USfr": "Noir",
      "EUit": "Nero",
      "EUnl": "Zwart",
      "CNzh": "黑色",
      "TWzh": "黑色",
      "JPja": "ブラック",
      "KRko": "블랙",
      "EUru": "Черный"
    }
  },
  {
    "id": 7305,
    "Cloth Name": "evening bag",
    "variant_id": "986_Bag_07305",
    "locale": {
      "USen": "Pink",
      "EUen": "Pink",
      "EUde": "Rosa",
      "EUes": "Rosa",
      "USes": "Rosa",
      "EUfr": "Rose",
      "USfr": "Rose",
      "EUit": "Rosa",
      "EUnl": "Roze",
      "CNzh": "粉红",
      "TWzh": "粉紅色",
      "JPja": "ピンク",
      "KRko": "핑크",
      "EUru": "Розовый"
    }
  },
  {
    "id": 11976,
    "Cloth Name": "evening bag",
    "variant_id": "986_Bag_11976",
    "locale": {
      "USen": "Blue",
      "EUen": "Blue",
      "EUde": "Blau",
      "EUes": "Azul",
      "USes": "Azul",
      "EUfr": "Bleu",
      "USfr": "Bleu",
      "EUit": "Blu",
      "EUnl": "Blauw",
      "CNzh": "蓝色",
      "TWzh": "藍色",
      "JPja": "ブルー",
      "KRko": "블루",
      "EUru": "Синий"
    }
  },
  {
    "id": 11977,
    "Cloth Name": "evening bag",
    "variant_id": "986_Bag_11977",
    "locale": {
      "USen": "Black",
      "EUen": "Black",
      "EUde": "Schwarz",
      "EUes": "Negro",
      "USes": "Negro",
      "EUfr": "Noir",
      "USfr": "Noir",
      "EUit": "Nero",
      "EUnl": "Zwart",
      "CNzh": "黑色",
      "TWzh": "黑色",
      "JPja": "ブラック",
      "KRko": "블랙",
      "EUru": "Черный"
    }
  },
  {
    "id": 7498,
    "Cloth Name": "log pack",
    "variant_id": "987_Bag_07498",
    "locale": {
      "USen": "Brown",
      "EUen": "Brown",
      "EUde": "Braun",
      "EUes": "Marrón",
      "USes": "Marrón",
      "EUfr": "Brun",
      "USfr": "Brun",
      "EUit": "Marrone",
      "EUnl": "Bruin",
      "CNzh": "棕色",
      "TWzh": "棕色",
      "JPja": "ブラウン",
      "KRko": "브라운",
      "EUru": "Коричневый"
    }
  },
  {
    "id": 7499,
    "Cloth Name": "traveler's backpack",
    "variant_id": "988_Bag_07499",
    "locale": {
      "USen": "Orange",
      "EUen": "Orange",
      "EUde": "Orange",
      "EUes": "Naranja",
      "USes": "Naranja",
      "EUfr": "Orange",
      "USfr": "Orange",
      "EUit": "Arancio",
      "EUnl": "Oranje",
      "CNzh": "橘色",
      "TWzh": "橘色",
      "JPja": "オレンジ",
      "KRko": "오렌지",
      "EUru": "Оранжевый"
    }
  },
  {
    "id": 11965,
    "Cloth Name": "traveler's backpack",
    "variant_id": "988_Bag_11965",
    "locale": {
      "USen": "Blue",
      "EUen": "Blue",
      "EUde": "Blau",
      "EUes": "Azul",
      "USes": "Azul",
      "EUfr": "Bleu",
      "USfr": "Bleu",
      "EUit": "Blu",
      "EUnl": "Blauw",
      "CNzh": "蓝色",
      "TWzh": "藍色",
      "JPja": "ブルー",
      "KRko": "블루",
      "EUru": "Синий"
    }
  },
  {
    "id": 11966,
    "Cloth Name": "traveler's backpack",
    "variant_id": "988_Bag_11966",
    "locale": {
      "USen": "Brown",
      "EUen": "Brown",
      "EUde": "Braun",
      "EUes": "Marrón",
      "USes": "Marrón",
      "EUfr": "Brun",
      "USfr": "Brun",
      "EUit": "Marrone",
      "EUnl": "Bruin",
      "CNzh": "棕色",
      "TWzh": "棕色",
      "JPja": "ブラウン",
      "KRko": "브라운",
      "EUru": "Коричневый"
    }
  },
  {
    "id": 7500,
    "Cloth Name": "square backpack",
    "variant_id": "989_Bag_07500",
    "locale": {
      "USen": "Yellow",
      "EUen": "Yellow",
      "EUde": "Gelb",
      "EUes": "Amarillo",
      "USes": "Amarillo",
      "EUfr": "Jaune",
      "USfr": "Jaune",
      "EUit": "Giallo",
      "EUnl": "Geel",
      "CNzh": "黄色",
      "TWzh": "黃色",
      "JPja": "イエロー",
      "KRko": "옐로",
      "EUru": "Желтый"
    }
  },
  {
    "id": 11967,
    "Cloth Name": "square backpack",
    "variant_id": "989_Bag_11967",
    "locale": {
      "USen": "Pink",
      "EUen": "Pink",
      "EUde": "Rosa",
      "EUes": "Rosa",
      "USes": "Rosa",
      "EUfr": "Rose",
      "USfr": "Rose",
      "EUit": "Rosa",
      "EUnl": "Roze",
      "CNzh": "粉红",
      "TWzh": "粉紅色",
      "JPja": "ピンク",
      "KRko": "핑크",
      "EUru": "Розовый"
    }
  },
  {
    "id": 11968,
    "Cloth Name": "square backpack",
    "variant_id": "989_Bag_11968",
    "locale": {
      "USen": "Green",
      "EUen": "Green",
      "EUde": "Grün",
      "EUes": "Verde",
      "USes": "Verde",
      "EUfr": "Vert",
      "USfr": "Vert",
      "EUit": "Verde",
      "EUnl": "Groen",
      "CNzh": "绿色",
      "TWzh": "綠色",
      "JPja": "グリーン",
      "KRko": "그린",
      "EUru": "Зеленый"
    }
  },
  {
    "id": 7501,
    "Cloth Name": "outdoor backpack",
    "variant_id": "990_Bag_07501",
    "locale": {
      "USen": "Avocado",
      "EUen": "Avocado",
      "EUde": "Avocado",
      "EUes": "Verde bosque",
      "USes": "Verde musgo",
      "EUfr": "Vert kaki",
      "USfr": "Vert kaki",
      "EUit": "Avocado",
      "EUnl": "Avocadogroen",
      "CNzh": "卡其色",
      "TWzh": "卡其色",
      "JPja": "カーキ",
      "KRko": "카키",
      "EUru": "Защитный"
    }
  },
  {
    "id": 11969,
    "Cloth Name": "outdoor backpack",
    "variant_id": "990_Bag_11969",
    "locale": {
      "USen": "Orange",
      "EUen": "Orange",
      "EUde": "Orange",
      "EUes": "Naranja",
      "USes": "Naranja",
      "EUfr": "Orange",
      "USfr": "Orange",
      "EUit": "Arancio",
      "EUnl": "Oranje",
      "CNzh": "橘色",
      "TWzh": "橘色",
      "JPja": "オレンジ",
      "KRko": "오렌지",
      "EUru": "Оранжевый"
    }
  },
  {
    "id": 11970,
    "Cloth Name": "outdoor backpack",
    "variant_id": "990_Bag_11970",
    "locale": {
      "USen": "Navy blue",
      "EUen": "Navy blue",
      "EUde": "Marineblau",
      "EUes": "Azul marino",
      "USes": "Azul marino",
      "EUfr": "Bleu marine",
      "USfr": "Bleu marine",
      "EUit": "Blu marino",
      "EUnl": "Marineblauw",
      "CNzh": "海军蓝",
      "TWzh": "海軍藍",
      "JPja": "ネイビー",
      "KRko": "네이비",
      "EUru": "Черно-синий"
    }
  },
  {
    "id": 7502,
    "Cloth Name": "butterfly backpack",
    "variant_id": "991_Bag_07502",
    "locale": {
      "USen": "Pink",
      "EUen": "Pink",
      "EUde": "Rosa",
      "EUes": "Rosa",
      "USes": "Rosa",
      "EUfr": "Rose",
      "USfr": "Rose",
      "EUit": "Rosa",
      "EUnl": "Roze",
      "CNzh": "粉红",
      "TWzh": "粉紅色",
      "JPja": "ピンク",
      "KRko": "핑크",
      "EUru": "Розовый"
    }
  },
  {
    "id": 7503,
    "Cloth Name": "studded backpack",
    "variant_id": "992_Bag_07503",
    "locale": {
      "USen": "Black",
      "EUen": "Black",
      "EUde": "Schwarz",
      "EUes": "Negro",
      "USes": "Negro",
      "EUfr": "Noir",
      "USfr": "Noir",
      "EUit": "Nero",
      "EUnl": "Zwart",
      "CNzh": "黑色",
      "TWzh": "黑色",
      "JPja": "ブラック",
      "KRko": "블랙",
      "EUru": "Черный"
    }
  },
  {
    "id": 12006,
    "Cloth Name": "studded backpack",
    "variant_id": "992_Bag_12006",
    "locale": {
      "USen": "White",
      "EUen": "White",
      "EUde": "Weiß",
      "EUes": "Blanco",
      "USes": "Blanco",
      "EUfr": "Blanc",
      "USfr": "Blanc",
      "EUit": "Bianco",
      "EUnl": "Wit",
      "CNzh": "白色",
      "TWzh": "白色",
      "JPja": "ホワイト",
      "KRko": "화이트",
      "EUru": "Белый"
    }
  },
  {
    "id": 7504,
    "Cloth Name": "mini pleather bag",
    "variant_id": "993_Bag_07504",
    "locale": {
      "USen": "White",
      "EUen": "White",
      "EUde": "Weiß",
      "EUes": "Blanco",
      "USes": "Blanco",
      "EUfr": "Blanc",
      "USfr": "Blanc",
      "EUit": "Bianco",
      "EUnl": "Wit",
      "CNzh": "白色",
      "TWzh": "白色",
      "JPja": "ホワイト",
      "KRko": "화이트",
      "EUru": "Белый"
    }
  },
  {
    "id": 12015,
    "Cloth Name": "mini pleather bag",
    "variant_id": "993_Bag_12015",
    "locale": {
      "USen": "Black",
      "EUen": "Black",
      "EUde": "Schwarz",
      "EUes": "Negro",
      "USes": "Negro",
      "EUfr": "Noir",
      "USfr": "Noir",
      "EUit": "Nero",
      "EUnl": "Zwart",
      "CNzh": "黑色",
      "TWzh": "黑色",
      "JPja": "ブラック",
      "KRko": "블랙",
      "EUru": "Черный"
    }
  },
  {
    "id": 7505,
    "Cloth Name": "extra-large backpack",
    "variant_id": "994_Bag_07505",
    "locale": {
      "USen": "Red",
      "EUen": "Red",
      "EUde": "Rot",
      "EUes": "Rojo",
      "USes": "Rojo",
      "EUfr": "Rouge",
      "USfr": "Rouge",
      "EUit": "Rosso",
      "EUnl": "Rood",
      "CNzh": "红色",
      "TWzh": "紅色",
      "JPja": "レッド",
      "KRko": "레드",
      "EUru": "Красный"
    }
  },
  {
    "id": 11971,
    "Cloth Name": "extra-large backpack",
    "variant_id": "994_Bag_11971",
    "locale": {
      "USen": "Green",
      "EUen": "Green",
      "EUde": "Grün",
      "EUes": "Verde",
      "USes": "Verde",
      "EUfr": "Vert",
      "USfr": "Vert",
      "EUit": "Verde",
      "EUnl": "Groen",
      "CNzh": "绿色",
      "TWzh": "綠色",
      "JPja": "グリーン",
      "KRko": "그린",
      "EUru": "Зеленый"
    }
  },
  {
    "id": 11972,
    "Cloth Name": "extra-large backpack",
    "variant_id": "994_Bag_11972",
    "locale": {
      "USen": "Black",
      "EUen": "Black",
      "EUde": "Schwarz",
      "EUes": "Negro",
      "USes": "Negro",
      "EUfr": "Noir",
      "USfr": "Noir",
      "EUit": "Nero",
      "EUnl": "Zwart",
      "CNzh": "黑色",
      "TWzh": "黑色",
      "JPja": "ブラック",
      "KRko": "블랙",
      "EUru": "Черный"
    }
  },
  {
    "id": 11973,
    "Cloth Name": "extra-large backpack",
    "variant_id": "994_Bag_11973",
    "locale": {
      "USen": "Blue",
      "EUen": "Blue",
      "EUde": "Blau",
      "EUes": "Azul",
      "USes": "Azul",
      "EUfr": "Bleu",
      "USfr": "Bleu",
      "EUit": "Blu",
      "EUnl": "Blauw",
      "CNzh": "蓝色",
      "TWzh": "藍色",
      "JPja": "ブルー",
      "KRko": "블루",
      "EUru": "Синий"
    }
  },
  {
    "id": 7506,
    "Cloth Name": "basket pack",
    "variant_id": "995_Bag_07506",
    "locale": {
      "USen": "Green",
      "EUen": "Green",
      "EUde": "Grün",
      "EUes": "Verde",
      "USes": "Verde",
      "EUfr": "Vert",
      "USfr": "Vert",
      "EUit": "Verde",
      "EUnl": "Groen",
      "CNzh": "绿色",
      "TWzh": "綠色",
      "JPja": "みどり",
      "KRko": "초록색",
      "EUru": "Зеленый"
    }
  },
  {
    "id": 7507,
    "Cloth Name": "foldover-top backpack",
    "variant_id": "996_Bag_07507",
    "locale": {
      "USen": "Green",
      "EUen": "Green",
      "EUde": "Grün",
      "EUes": "Verde",
      "USes": "Verde",
      "EUfr": "Vert",
      "USfr": "Vert",
      "EUit": "Verde",
      "EUnl": "Groen",
      "CNzh": "绿色",
      "TWzh": "綠色",
      "JPja": "グリーン",
      "KRko": "그린",
      "EUru": "Зеленый"
    }
  },
  {
    "id": 12016,
    "Cloth Name": "foldover-top backpack",
    "variant_id": "996_Bag_12016",
    "locale": {
      "USen": "Blue",
      "EUen": "Blue",
      "EUde": "Blau",
      "EUes": "Azul",
      "USes": "Azul",
      "EUfr": "Bleu",
      "USfr": "Bleu",
      "EUit": "Blu",
      "EUnl": "Blauw",
      "CNzh": "蓝色",
      "TWzh": "藍色",
      "JPja": "ブルー",
      "KRko": "블루",
      "EUru": "Синий"
    }
  },
  {
    "id": 12017,
    "Cloth Name": "foldover-top backpack",
    "variant_id": "996_Bag_12017",
    "locale": {
      "USen": "Gray",
      "EUen": "Gray",
      "EUde": "Grau",
      "EUes": "Gris",
      "USes": "Gris",
      "EUfr": "Gris",
      "USfr": "Gris",
      "EUit": "Grigio",
      "EUnl": "Grijs",
      "CNzh": "灰色",
      "TWzh": "灰色",
      "JPja": "グレー",
      "KRko": "그레이",
      "EUru": "Серый"
    }
  },
  {
    "id": 12018,
    "Cloth Name": "foldover-top backpack",
    "variant_id": "996_Bag_12018",
    "locale": {
      "USen": "Pink",
      "EUen": "Pink",
      "EUde": "Rosa",
      "EUes": "Rosa",
      "USes": "Rosa",
      "EUfr": "Rose",
      "USfr": "Rose",
      "EUit": "Rosa",
      "EUnl": "Roze",
      "CNzh": "粉红",
      "TWzh": "粉紅色",
      "JPja": "ピンク",
      "KRko": "핑크",
      "EUru": "Розовый"
    }
  },
  {
    "id": 7508,
    "Cloth Name": "knapsack",
    "variant_id": "997_Bag_07508",
    "locale": {
      "USen": "Blue",
      "EUen": "Blue",
      "EUde": "Blau",
      "EUes": "Azul",
      "USes": "Azul",
      "EUfr": "Bleu",
      "USfr": "Bleu",
      "EUit": "Blu",
      "EUnl": "Blauw",
      "CNzh": "蓝色",
      "TWzh": "藍色",
      "JPja": "ブルー",
      "KRko": "블루",
      "EUru": "Синий"
    }
  },
  {
    "id": 12019,
    "Cloth Name": "knapsack",
    "variant_id": "997_Bag_12019",
    "locale": {
      "USen": "Black",
      "EUen": "Black",
      "EUde": "Schwarz",
      "EUes": "Negro",
      "USes": "Negro",
      "EUfr": "Noir",
      "USfr": "Noir",
      "EUit": "Nero",
      "EUnl": "Zwart",
      "CNzh": "黑色",
      "TWzh": "黑色",
      "JPja": "ブラック",
      "KRko": "블랙",
      "EUru": "Черный"
    }
  },
  {
    "id": 7509,
    "Cloth Name": "canvas backpack",
    "variant_id": "998_Bag_07509",
    "locale": {
      "USen": "White",
      "EUen": "White",
      "EUde": "Weiß",
      "EUes": "Blanco",
      "USes": "Blanco",
      "EUfr": "Blanc",
      "USfr": "Blanc",
      "EUit": "Bianco",
      "EUnl": "Wit",
      "CNzh": "白色",
      "TWzh": "白色",
      "JPja": "ホワイト",
      "KRko": "화이트",
      "EUru": "Белый"
    }
  },
  {
    "id": 7510,
    "Cloth Name": "Mom's knapsack",
    "variant_id": "999_Bag_07510",
    "locale": {
      "USen": "M",
      "EUen": "M",
      "EUde": "M",
      "EUes": "M",
      "USes": "M",
      "EUfr": "M",
      "USfr": "M",
      "EUit": "M",
      "EUnl": "M",
      "CNzh": "M",
      "TWzh": "M",
      "JPja": "M",
      "KRko": "M",
      "EUru": "М"
    }
  },
  {
    "id": 12148,
    "Cloth Name": "Mom's knapsack",
    "variant_id": "999_Bag_12148",
    "locale": {
      "USen": "Flowers",
      "EUen": "Flowers",
      "EUde": "Blumen",
      "EUes": "Flores",
      "USes": "Flores",
      "EUfr": "Fleuri",
      "USfr": "Fleuri",
      "EUit": "Fiori",
      "EUnl": "Bloemen",
      "CNzh": "花朵",
      "TWzh": "花朵",
      "JPja": "フラワー",
      "KRko": "플라워",
      "EUru": "Цветы"
    }
  },
  {
    "id": 12149,
    "Cloth Name": "Mom's knapsack",
    "variant_id": "999_Bag_12149",
    "locale": {
      "USen": "Polka dots",
      "EUen": "Polka dots",
      "EUde": "Pünktchen",
      "EUes": "Lunares",
      "USes": "Lunares",
      "EUfr": "Pois",
      "USfr": "Pois",
      "EUit": "Pois",
      "EUnl": "Polkadots",
      "CNzh": "圆点",
      "TWzh": "點點",
      "JPja": "ドット",
      "KRko": "도트",
      "EUru": "В горошек"
    }
  },
  {
    "id": 12150,
    "Cloth Name": "Mom's knapsack",
    "variant_id": "999_Bag_12150",
    "locale": {
      "USen": "Colorful quilt design",
      "EUen": "Colorful quilt design",
      "EUde": "Bunter Quilt",
      "EUes": "Retales multicolor",
      "USes": "Retales multicolor",
      "EUfr": "Patchwork coloré",
      "USfr": "Courtepointe colorée",
      "EUit": "Trapuntato multicolore",
      "EUnl": "Bonte quilt",
      "CNzh": "彩色拼布",
      "TWzh": "彩色拼布",
      "JPja": "カラフルキルト",
      "KRko": "컬러풀 퀼트",
      "EUru": "Пестрая мозаика"
    }
  },
  {
    "id": 12151,
    "Cloth Name": "Mom's knapsack",
    "variant_id": "999_Bag_12151",
    "locale": {
      "USen": "Cherries",
      "EUen": "Cherries",
      "EUde": "Kirschen",
      "EUes": "Cerezas",
      "USes": "Cerezas",
      "EUfr": "Cerises",
      "USfr": "Cerises",
      "EUit": "Ciliegie",
      "EUnl": "Kersen",
      "CNzh": "樱桃",
      "TWzh": "櫻桃",
      "JPja": "チェリー",
      "KRko": "체리",
      "EUru": "Вишня"
    }
  },
  {
    "id": 12152,
    "Cloth Name": "Mom's knapsack",
    "variant_id": "999_Bag_12152",
    "locale": {
      "USen": "Denim with stripes",
      "EUen": "Denim with stripes",
      "EUde": "Jeans mit Streifen",
      "EUes": "Tela vaquera con rayas",
      "USes": "Tela de jean con rayas",
      "EUfr": "Jean rayé",
      "USfr": "Jeans rayés",
      "EUit": "Jeans a righe",
      "EUnl": "Gestreepte spijkerstof",
      "CNzh": "牛仔条纹",
      "TWzh": "牛仔條紋",
      "JPja": "デニムストライプ",
      "KRko": "데님 스트라이프",
      "EUru": "Деним в полоску"
    }
  },
  {
    "id": 12153,
    "Cloth Name": "Mom's knapsack",
    "variant_id": "999_Bag_12153",
    "locale": {
      "USen": "Forest print",
      "EUen": "Forest print",
      "EUde": "Wald",
      "EUes": "Árboles",
      "USes": "Árboles",
      "EUfr": "Forestier",
      "USfr": "Forestier",
      "EUit": "Alberi colorati",
      "EUnl": "Bosprint",
      "CNzh": "森林",
      "TWzh": "森林",
      "JPja": "フォレスト",
      "KRko": "포레스트",
      "EUru": "Лес"
    }
  },
  {
    "id": 12154,
    "Cloth Name": "Mom's knapsack",
    "variant_id": "999_Bag_12154",
    "locale": {
      "USen": "Chick",
      "EUen": "Chick",
      "EUde": "Küken",
      "EUes": "Pollito",
      "USes": "Pollito",
      "EUfr": "Poussin",
      "USfr": "Poussin",
      "EUit": "Pulcino",
      "EUnl": "Kuiken",
      "CNzh": "小鸡",
      "TWzh": "小雞",
      "JPja": "ヒヨコ",
      "KRko": "병아리",
      "EUru": "Цыпленок"
    }
  }
]
