[
  {
    "id": 533,
    "version": "1.0.0",
    "locale": {
      "USen": "school hat",
      "EUen": "school hat",
      "EUde": "Schülerhut",
      "EUes": "gorra de colegio",
      "USes": "gorra de colegio",
      "EUfr": "chapeau d'écolier",
      "USfr": "chapeau d'écolier",
      "EUit": "cappello da scolaro",
      "EUnl": "Japanse schoolhoedje",
      "CNzh": "上学帽",
      "TWzh": "上學帽",
      "JPja": "つうがくぼう",
      "KRko": "유치원생 모자",
      "EUru": "школьная шапочка"
    }
  },
  {
    "id": 550,
    "version": "1.0.0",
    "locale": {
      "USen": "New Year's hat",
      "EUen": "New Year's hat",
      "EUde": "Neujahrshut",
      "EUes": "gorro de Año Nuevo",
      "USes": "gorro de Año Nuevo",
      "EUfr": "chapeau de nouvel an",
      "USfr": "chapeau de Nouvel An",
      "EUit": "cappello di Capodanno",
      "EUnl": "nieuwjaarshoedje",
      "CNzh": "新年帽",
      "TWzh": "新年帽",
      "JPja": "ニューイヤーハット",
      "KRko": "새해 모자",
      "EUru": "новогодняя шапочка"
    }
  },
  {
    "id": 551,
    "version": "1.0.0",
    "locale": {
      "USen": "birthday hat",
      "EUen": "birthday hat",
      "EUde": "Geburtstagshut",
      "EUes": "sombrero de cumpleaños",
      "USes": "sombrero de cumpleaños",
      "EUfr": "chapeau anniversaire",
      "USfr": "chapeau de fête",
      "EUit": "cappello di compleanno",
      "EUnl": "verjaardagshoed",
      "CNzh": "生日帽",
      "TWzh": "生日帽",
      "JPja": "バースデーハット",
      "KRko": "생일 모자",
      "EUru": "именинная шапка"
    }
  },
  {
    "id": 552,
    "version": "1.0.0",
    "locale": {
      "USen": "hyacinth crown",
      "EUen": "hyacinth crown",
      "EUde": "Hyazinthenkrone",
      "EUes": "guirnalda jacinto",
      "USes": "tiara jacintos",
      "EUfr": "coiffe jacinthes",
      "USfr": "coiffe jacinthes",
      "EUit": "corona di giacinti",
      "EUnl": "hyacintenkroon",
      "CNzh": "风信子花冠",
      "TWzh": "風信子花冠",
      "JPja": "ヒヤシンスのかんむり",
      "KRko": "히아신스 화관",
      "EUru": "венок из гиацинтов"
    }
  },
  {
    "id": 553,
    "version": "1.0.0",
    "locale": {
      "USen": "cool hyacinth crown",
      "EUen": "cool hyacinth crown",
      "EUde": "Bunthyazinthenkrone",
      "EUes": "guirnalda jacinto refinada",
      "USes": "tiara jacintos atrevida",
      "EUfr": "coiffe jacinthes raffinée",
      "USfr": "coiffe jacinthes raffinée",
      "EUit": "corona di giacinti spavalda",
      "EUnl": "toffe hyacintenkroon",
      "CNzh": "清新风信子花冠",
      "TWzh": "清新風信子花冠",
      "JPja": "ヒヤシンスのかんむり・クール",
      "KRko": "쿨 히아신스 화관",
      "EUru": "яркий венок из гиацинтов"
    }
  },
  {
    "id": 554,
    "version": "1.0.0",
    "locale": {
      "USen": "purple hyacinth crown",
      "EUen": "purple hyacinth crown",
      "EUde": "Purpurhyazinthenkrone",
      "EUes": "guirnalda jacinto violeta",
      "USes": "tiara jacintos morados",
      "EUfr": "coiffe jacinthes mauves",
      "USfr": "coiffe jacinthes mauves",
      "EUit": "corona di giacinti viola",
      "EUnl": "paarse-hyacintenkroon",
      "CNzh": "紫色风信子花冠",
      "TWzh": "紫色風信子花冠",
      "JPja": "ヒヤシンスのかんむり・パープル",
      "KRko": "퍼플 히아신스 화관",
      "EUru": "фиол. венок из гиацинтов"
    }
  },
  {
    "id": 555,
    "version": "1.0.0",
    "locale": {
      "USen": "windflower crown",
      "EUen": "windflower crown",
      "EUde": "Anemonenkrone",
      "EUes": "guirnalda anémona",
      "USes": "tiara anémonas",
      "EUfr": "coiffe anémones",
      "USfr": "coiffe anémones",
      "EUit": "corona di anemoni",
      "EUnl": "anemonenkroon",
      "CNzh": "银莲花花冠",
      "TWzh": "銀蓮花花冠",
      "JPja": "アネモネのかんむり",
      "KRko": "아네모네 화관",
      "EUru": "венок из ветрениц"
    }
  },
  {
    "id": 556,
    "version": "1.0.0",
    "locale": {
      "USen": "cool windflower crown",
      "EUen": "cool windflower crown",
      "EUde": "Buntanemonenkrone",
      "EUes": "guirnalda anémona refinada",
      "USes": "tiara anémonas atrevida",
      "EUfr": "coiffe anémones raffinée",
      "USfr": "coiffe anémones raffinée",
      "EUit": "corona di anemoni spavalda",
      "EUnl": "toffe anemonenkroon",
      "CNzh": "清新银莲花花冠",
      "TWzh": "清新銀蓮花花冠",
      "JPja": "アネモネのかんむり・クール",
      "KRko": "쿨 아네모네 화관",
      "EUru": "яркий венок из ветрениц"
    }
  },
  {
    "id": 557,
    "version": "1.0.0",
    "locale": {
      "USen": "purple windflower crown",
      "EUen": "purple windflower crown",
      "EUde": "Purpuranemonenkrone",
      "EUes": "guirnalda anémona violeta",
      "USes": "tiara anémonas moradas",
      "EUfr": "coiffe anémones mauves",
      "USfr": "coiffe anémones mauves",
      "EUit": "corona di anemoni viola",
      "EUnl": "paarse-anemonenkroon",
      "CNzh": "紫色银莲花花冠",
      "TWzh": "紫色銀蓮花花冠",
      "JPja": "アネモネのかんむり・パープル",
      "KRko": "퍼플 아네모네 화관",
      "EUru": "фиол. венок из ветрениц"
    }
  },
  {
    "id": 558,
    "version": "1.0.0",
    "locale": {
      "USen": "tulip crown",
      "EUen": "tulip crown",
      "EUde": "Tulpenkrone",
      "EUes": "guirnalda tulipán",
      "USes": "tiara tulipanes",
      "EUfr": "coiffe tulipes",
      "USfr": "coiffe tulipes",
      "EUit": "corona di tulipani",
      "EUnl": "tulpenkroon",
      "CNzh": "郁金香花冠",
      "TWzh": "鬱金香花冠",
      "JPja": "チューリップのかんむり",
      "KRko": "튤립 화관",
      "EUru": "венок из тюльпанов"
    }
  },
  {
    "id": 559,
    "version": "1.0.0",
    "locale": {
      "USen": "chic tulip crown",
      "EUen": "chic tulip crown",
      "EUde": "Edeltulpenkrone",
      "EUes": "guirnalda tulipán chic",
      "USes": "tiara tulipanes chic",
      "EUfr": "coiffe tulipes chic",
      "USfr": "coiffe tulipes chic",
      "EUit": "corona di tulipani chic",
      "EUnl": "chique tulpenkroon",
      "CNzh": "典雅郁金香花冠",
      "TWzh": "典雅鬱金香花冠",
      "JPja": "チューリップのかんむり・シック",
      "KRko": "시크 튤립 화관",
      "EUru": "диво-венок из тюльпанов"
    }
  },
  {
    "id": 560,
    "version": "1.0.0",
    "locale": {
      "USen": "dark tulip crown",
      "EUen": "dark tulip crown",
      "EUde": "Römertulpenkrone",
      "EUes": "guirnalda tulipán negro",
      "USes": "tiara tulipanes gótica",
      "EUfr": "coiffe tulipes sombre",
      "USfr": "coiffe tulipes sombre",
      "EUit": "corona di tulipani cupa",
      "EUnl": "donkere-tulpenkroon",
      "CNzh": "深色郁金香花冠",
      "TWzh": "深色鬱金香花冠",
      "JPja": "チューリップのかんむり・ダーク",
      "KRko": "다크 튤립 화관",
      "EUru": "темн. венок из тюльпанов"
    }
  },
  {
    "id": 561,
    "version": "1.0.0",
    "locale": {
      "USen": "pansy crown",
      "EUen": "pansy crown",
      "EUde": "Veilchenkrone",
      "EUes": "guirnalda viola",
      "USes": "tiara violas",
      "EUfr": "coiffe pensées",
      "USfr": "coiffe pensées",
      "EUit": "corona di viole",
      "EUnl": "viooltjeskroon",
      "CNzh": "三色堇花冠",
      "TWzh": "三色堇花冠",
      "JPja": "パンジーのかんむり",
      "KRko": "팬지 화관",
      "EUru": "венок из фиалок"
    }
  },
  {
    "id": 562,
    "version": "1.0.0",
    "locale": {
      "USen": "cool pansy crown",
      "EUen": "cool pansy crown",
      "EUde": "Buntveilchenkrone",
      "EUes": "guirnalda viola refinada",
      "USes": "tiara violas atrevida",
      "EUfr": "coiffe pensées raffinée",
      "USfr": "coiffe pensées raffinée",
      "EUit": "corona di viole spavalda",
      "EUnl": "toffe viooltjeskroon",
      "CNzh": "清新三色堇花冠",
      "TWzh": "清新三色堇花冠",
      "JPja": "パンジーのかんむり・クール",
      "KRko": "쿨 팬지 화관",
      "EUru": "яркий венок из фиалок"
    }
  },
  {
    "id": 563,
    "version": "1.0.0",
    "locale": {
      "USen": "purple pansy crown",
      "EUen": "purple pansy crown",
      "EUde": "Hainveilchenkrone",
      "EUes": "guirnalda viola violeta",
      "USes": "tiara violas moradas",
      "EUfr": "coiffe pensées mauves",
      "USfr": "coiffe pensées mauves",
      "EUit": "corona di viole viola",
      "EUnl": "paarse-viooltjeskroon",
      "CNzh": "紫色三色堇花冠",
      "TWzh": "紫色三色堇花冠",
      "JPja": "パンジーのかんむり・パープル",
      "KRko": "퍼플 팬지 화관",
      "EUru": "фиол. венок из фиалок"
    }
  },
  {
    "id": 564,
    "version": "1.0.0",
    "locale": {
      "USen": "cosmos crown",
      "EUen": "cosmos crown",
      "EUde": "Cosmeenkrone",
      "EUes": "guirnalda cosmos",
      "USes": "tiara cosmos",
      "EUfr": "coiffe cosmos",
      "USfr": "coiffe cosmos",
      "EUit": "corona di cosmee",
      "EUnl": "cosmeakroon",
      "CNzh": "波斯菊花冠",
      "TWzh": "波斯菊花冠",
      "JPja": "コスモスのかんむり",
      "KRko": "코스모스 화관",
      "EUru": "венок из космей"
    }
  },
  {
    "id": 565,
    "version": "1.0.0",
    "locale": {
      "USen": "lovely cosmos crown",
      "EUen": "lovely cosmos crown",
      "EUde": "Buntcosmeenkrone",
      "EUes": "guirnalda cosmos adorable",
      "USes": "tiara cosmos adorable",
      "EUfr": "jolie coiffe cosmos",
      "USfr": "jolie coiffe cosmos",
      "EUit": "corona di cosmee graziosa",
      "EUnl": "lieflijke cosmeakroon",
      "CNzh": "甜美波斯菊花冠",
      "TWzh": "甜美波斯菊花冠",
      "JPja": "コスモスのかんむり・ラブリー",
      "KRko": "러블리 코스모스 화관",
      "EUru": "чудный венок из космей"
    }
  },
  {
    "id": 566,
    "version": "1.0.0",
    "locale": {
      "USen": "dark cosmos crown",
      "EUen": "dark cosmos crown",
      "EUde": "Schwarzcosmeenkrone",
      "EUes": "guirnalda cosmos negro",
      "USes": "tiara cosmos gótica",
      "EUfr": "coiffe cosmos sombre",
      "USfr": "coiffe cosmos sombre",
      "EUit": "corona di cosmee cupa",
      "EUnl": "donkere-cosmeakroon",
      "CNzh": "深色波斯菊花冠",
      "TWzh": "深色波斯菊花冠",
      "JPja": "コスモスのかんむり・ダーク",
      "KRko": "다크 코스모스 화관",
      "EUru": "темн. венок из космей"
    }
  },
  {
    "id": 567,
    "version": "1.0.0",
    "locale": {
      "USen": "rose crown",
      "EUen": "rose crown",
      "EUde": "Rosenkrone",
      "EUes": "guirnalda rosa",
      "USes": "tiara rosas",
      "EUfr": "coiffe roses",
      "USfr": "coiffe roses",
      "EUit": "corona di rose",
      "EUnl": "rozenkroon",
      "CNzh": "玫瑰花冠",
      "TWzh": "玫瑰花冠",
      "JPja": "バラのかんむり",
      "KRko": "장미 화관",
      "EUru": "венок из роз"
    }
  },
  {
    "id": 568,
    "version": "1.0.0",
    "locale": {
      "USen": "cute rose crown",
      "EUen": "cute rose crown",
      "EUde": "Buntrosenkrone",
      "EUes": "guirnalda rosa adorable",
      "USes": "tiara rosas adorable",
      "EUfr": "jolie coiffe roses",
      "USfr": "jolie coiffe roses",
      "EUit": "corona di rose graziosa",
      "EUnl": "schattige rozenkroon",
      "CNzh": "可爱玫瑰花冠",
      "TWzh": "可愛玫瑰花冠",
      "JPja": "バラのかんむり・キュート",
      "KRko": "큐트 장미 화관",
      "EUru": "милый венок из роз"
    }
  },
  {
    "id": 569,
    "version": "1.0.0",
    "locale": {
      "USen": "chic rose crown",
      "EUen": "chic rose crown",
      "EUde": "Edelrosenkrone",
      "EUes": "guirnalda rosa oscura",
      "USes": "tiara rosas oscuras",
      "EUfr": "coiffe roses chic",
      "USfr": "coiffe roses chic",
      "EUit": "corona di rose chic",
      "EUnl": "chique rozenkroon",
      "CNzh": "典雅玫瑰花冠",
      "TWzh": "典雅玫瑰花冠",
      "JPja": "バラのかんむり・シック",
      "KRko": "시크 장미 화관",
      "EUru": "диво-венок из роз"
    }
  },
  {
    "id": 570,
    "version": "1.0.0",
    "locale": {
      "USen": "lily crown",
      "EUen": "lily crown",
      "EUde": "Lilienkrone",
      "EUes": "guirnalda lirio",
      "USes": "tiara lirios",
      "EUfr": "coiffe lys",
      "USfr": "coiffe lys",
      "EUit": "corona di gigli",
      "EUnl": "leliekroon",
      "CNzh": "百合花冠",
      "TWzh": "百合花冠",
      "JPja": "ユリのかんむり",
      "KRko": "백합 화관",
      "EUru": "венок из лилий"
    }
  },
  {
    "id": 571,
    "version": "1.0.0",
    "locale": {
      "USen": "cute lily crown",
      "EUen": "cute lily crown",
      "EUde": "Buntlilienkrone",
      "EUes": "guirnalda lirio adorable",
      "USes": "tiara lirios adorable",
      "EUfr": "jolie coiffe lys",
      "USfr": "jolie coiffe lys",
      "EUit": "corona di gigli graziosa",
      "EUnl": "schattige leliekroon",
      "CNzh": "可爱百合花冠",
      "TWzh": "可愛百合花冠",
      "JPja": "ユリのかんむり・キュート",
      "KRko": "큐트 백합 화관",
      "EUru": "диво-венок из лилий"
    }
  },
  {
    "id": 572,
    "version": "1.0.0",
    "locale": {
      "USen": "dark lily crown",
      "EUen": "dark lily crown",
      "EUde": "Dunkellilienkrone",
      "EUes": "guirnalda lirio negro",
      "USes": "tiara lirios gótica",
      "EUfr": "coiffe lys sombre",
      "USfr": "coiffe lys sombre",
      "EUit": "corona di gigli cupa",
      "EUnl": "donkere-leliekroon",
      "CNzh": "深色百合花冠",
      "TWzh": "深色百合花冠",
      "JPja": "ユリのかんむり・ダーク",
      "KRko": "다크 백합 화관",
      "EUru": "темный венок из лилий"
    }
  },
  {
    "id": 573,
    "version": "1.0.0",
    "locale": {
      "USen": "mum crown",
      "EUen": "mum crown",
      "EUde": "Chrysanthemenkrone",
      "EUes": "guirnalda crisantemo",
      "USes": "tiara crisantemos",
      "EUfr": "coiffe chrysanthèmes",
      "USfr": "coiffe chrysanthèmes",
      "EUit": "corona di crisantemi",
      "EUnl": "chrysantenkroon",
      "CNzh": "菊花花冠",
      "TWzh": "菊花花冠",
      "JPja": "キクのかんむり",
      "KRko": "국화 화관",
      "EUru": "фиол. венок из хризантем"
    }
  },
  {
    "id": 574,
    "version": "1.0.0",
    "locale": {
      "USen": "chic mum crown",
      "EUen": "chic mum crown",
      "EUde": "Edelchrysanthemenkrone",
      "EUes": "guirnalda crisantemo chic",
      "USes": "tiara crisantemos chic",
      "EUfr": "coiffe chrysanth. chic",
      "USfr": "coiffe chrysanth. chic",
      "EUit": "corona di crisantemi chic",
      "EUnl": "chique chrysantenkroon",
      "CNzh": "典雅菊花花冠",
      "TWzh": "典雅菊花花冠",
      "JPja": "キクのかんむり・シック",
      "KRko": "시크 국화 화관",
      "EUru": "диво-венок из хризантем"
    }
  },
  {
    "id": 575,
    "version": "1.0.0",
    "locale": {
      "USen": "simple mum crown",
      "EUen": "simple mum crown",
      "EUde": "Grünchrysanthemenkrone",
      "EUes": "guirnalda crisantemo verde",
      "USes": "tiara crisantemos verdes",
      "EUfr": "coiffe chrysanth. simple",
      "USfr": "coiffe chrysanth. simple",
      "EUit": "corona crisantemi semplice",
      "EUnl": "simpele chrysantenkroon",
      "CNzh": "简约菊花花冠",
      "TWzh": "簡約菊花花冠",
      "JPja": "キクのかんむり・シンプル",
      "KRko": "심플 국화 화관",
      "EUru": "веночек из хризантем"
    }
  },
  {
    "id": 579,
    "version": "1.0.0",
    "locale": {
      "USen": "mesh cap",
      "EUen": "mesh cap",
      "EUde": "Truckerkappe",
      "EUes": "gorra con malla",
      "USes": "gorra de red",
      "EUfr": "casquette voilage filet",
      "USfr": "casquette voilage filet",
      "EUit": "berretto con visiera",
      "EUnl": "truckerspet",
      "CNzh": "网帽",
      "TWzh": "網帽",
      "JPja": "メッシュキャップ",
      "KRko": "망사 모자",
      "EUru": "кепка с сеточкой"
    }
  },
  {
    "id": 580,
    "version": "1.0.0",
    "locale": {
      "USen": "top hat",
      "EUen": "top hat",
      "EUde": "Zylinder",
      "EUes": "sombrero de copa",
      "USes": "sombrero de copa",
      "EUfr": "haut-de-forme",
      "USfr": "haut-de-forme",
      "EUit": "cilindro",
      "EUnl": "hoge hoed",
      "CNzh": "丝质礼帽",
      "TWzh": "絲質禮帽",
      "JPja": "シルクハット",
      "KRko": "실크해트",
      "EUru": "цилиндр"
    }
  },
  {
    "id": 587,
    "version": "1.0.0",
    "locale": {
      "USen": "explorer's hat",
      "EUen": "explorer's hat",
      "EUde": "Safarihut",
      "EUes": "sombrero de exploración",
      "USes": "sombrero de exploración",
      "EUfr": "chapeau aventure",
      "USfr": "chapeau aventure",
      "EUit": "cappello da esploratore",
      "EUnl": "ontdekkingsreizigershoed",
      "CNzh": "探险帽",
      "TWzh": "探險帽",
      "JPja": "たんけんぼう",
      "KRko": "탐험 모자",
      "EUru": "шляпа исследователя"
    }
  },
  {
    "id": 588,
    "version": "1.0.0",
    "locale": {
      "USen": "scholar's hat",
      "EUen": "scholar's hat",
      "EUde": "Abschlusshut",
      "EUes": "birrete de graduación",
      "USes": "birrete de graduación",
      "EUfr": "chapeau diplôme",
      "USfr": "mortier de finissant",
      "EUit": "cappello da laurea",
      "EUnl": "afstudeerhoed",
      "CNzh": "学士帽",
      "TWzh": "學士帽",
      "JPja": "がくしのぼうし",
      "KRko": "학사모",
      "EUru": "шапка магистра"
    }
  },
  {
    "id": 589,
    "version": "1.0.0",
    "locale": {
      "USen": "sombrero",
      "EUen": "sombrero",
      "EUde": "Sombrero",
      "EUes": "sombrero cuate",
      "USes": "sombrero de palma",
      "EUfr": "sombrero",
      "USfr": "sombrero",
      "EUit": "sombrero",
      "EUnl": "sombrero",
      "CNzh": "墨西哥草帽",
      "TWzh": "墨西哥草帽",
      "JPja": "ソンブレロ",
      "KRko": "솜브레로",
      "EUru": "сомбреро"
    }
  },
  {
    "id": 590,
    "version": "1.0.0",
    "locale": {
      "USen": "safety helmet",
      "EUen": "safety helmet",
      "EUde": "Baustellenhelm",
      "EUes": "casco de obra",
      "USes": "casco de obra",
      "EUfr": "casque de chantier",
      "USfr": "casque de chantier",
      "EUit": "elmetto protettivo",
      "EUnl": "veiligheidshelm",
      "CNzh": "安全帽",
      "TWzh": "安全帽",
      "JPja": "あんぜんヘルメット",
      "KRko": "안전모",
      "EUru": "каска строителя"
    }
  },
  {
    "id": 591,
    "version": "1.0.0",
    "locale": {
      "USen": "chef's hat",
      "EUen": "chef's hat",
      "EUde": "Kochmütze",
      "EUes": "gorro de chef",
      "USes": "gorro de chef",
      "EUfr": "toque",
      "USfr": "toque",
      "EUit": "cappello da cuoco",
      "EUnl": "koksmuts",
      "CNzh": "厨师帽",
      "TWzh": "廚師帽",
      "JPja": "コックさんのぼうし",
      "KRko": "요리사 모자",
      "EUru": "колпак повара"
    }
  },
  {
    "id": 592,
    "version": "1.0.0",
    "locale": {
      "USen": "police cap",
      "EUen": "police cap",
      "EUde": "Polizeimütze",
      "EUes": "gorra de policía",
      "USes": "gorra de policía",
      "EUfr": "casquette de police",
      "USfr": "casquette de police",
      "EUit": "cappello da poliziotto",
      "EUnl": "politiepet",
      "CNzh": "警官帽",
      "TWzh": "警官帽",
      "JPja": "けいかんのぼうし",
      "KRko": "경찰모",
      "EUru": "фуражка полицейского"
    }
  },
  {
    "id": 593,
    "version": "1.3.0",
    "locale": {
      "USen": "pirate's hat",
      "EUen": "pirate's hat",
      "EUde": "Piratenhut",
      "EUes": "sombrero pirata",
      "USes": "sombrero pirata",
      "EUfr": "chapeau de pirate",
      "USfr": "chapeau de pirate",
      "EUit": "cappello da pirata",
      "EUnl": "piratenhoed",
      "CNzh": "海盗帽子",
      "TWzh": "海盜帽子",
      "JPja": "かいぞくのぼうし",
      "KRko": "해적 모자",
      "EUru": "пиратская двууголка"
    }
  },
  {
    "id": 594,
    "version": "1.0.0",
    "locale": {
      "USen": "bamboo hat",
      "EUen": "bamboo hat",
      "EUde": "Bambushut",
      "EUes": "gorro de bambú cónico",
      "USes": "gorro de bambú cónico",
      "EUfr": "nón lá",
      "USfr": "nón lá",
      "EUit": "cappello di bambù",
      "EUnl": "bamboehoed",
      "CNzh": "斗笠",
      "TWzh": "斗笠",
      "JPja": "かさぼうし",
      "KRko": "삼각 삿갓",
      "EUru": "бамбуковая шапочка"
    }
  },
  {
    "id": 595,
    "version": "1.0.0",
    "locale": {
      "USen": "faux-fur hat",
      "EUen": "faux-fur hat",
      "EUde": "Kunstfellhut",
      "EUes": "gorro de pelo sintético",
      "USes": "gorro de piel sintética",
      "EUfr": "bonnet en fausse fourrure",
      "USfr": "bonnet en fausse fourrure",
      "EUit": "cappello di ecopelliccia",
      "EUnl": "muts van imitatiebont",
      "CNzh": "仿毛皮帽",
      "TWzh": "仿毛皮帽",
      "JPja": "フェイクファーハット",
      "KRko": "인조털 모자",
      "EUru": "шапка «под мех»"
    }
  },
  {
    "id": 596,
    "version": "1.0.0",
    "locale": {
      "USen": "do-rag",
      "EUen": "do-rag",
      "EUde": "Bandana",
      "EUes": "pañuelo anudado",
      "USes": "pañuelo anudado",
      "EUfr": "bandana triangle",
      "USfr": "bandana triangle",
      "EUit": "bandana a quadri",
      "EUnl": "Japanse hoofddoek",
      "CNzh": "三角巾",
      "TWzh": "三角巾",
      "JPja": "さんかくきん",
      "KRko": "삼각 두건",
      "EUru": "косынка"
    }
  },
  {
    "id": 597,
    "version": "1.0.0",
    "locale": {
      "USen": "knit hat",
      "EUen": "knit hat",
      "EUde": "Strickmütze",
      "EUes": "gorro de punto",
      "USes": "gorro tejido",
      "EUfr": "bonnet tricoté",
      "USfr": "tuque",
      "EUit": "cappello di maglia",
      "EUnl": "gebreide muts",
      "CNzh": "针织帽",
      "TWzh": "針織帽",
      "JPja": "ニットキャップ",
      "KRko": "털모자",
      "EUru": "вязаная шапочка"
    }
  },
  {
    "id": 598,
    "version": "1.0.0",
    "locale": {
      "USen": "paperboy cap",
      "EUen": "paperboy cap",
      "EUde": "Botenmütze",
      "EUes": "gorra de granujilla",
      "USes": "gorra travesura",
      "EUfr": "casquette de livreur",
      "USfr": "casquette de livreur",
      "EUit": "coppola",
      "EUnl": "golfpet",
      "CNzh": "狩猎帽",
      "TWzh": "狩獵帽",
      "JPja": "ハンチング",
      "KRko": "헌팅캡",
      "EUru": "кепка газетчика"
    }
  },
  {
    "id": 599,
    "version": "1.0.0",
    "locale": {
      "USen": "plain cap",
      "EUen": "plain cap",
      "EUde": "Schirmmütze",
      "EUes": "gorra sencilla",
      "USes": "gorra sencilla",
      "EUfr": "casquette militaire",
      "USfr": "casquette",
      "EUit": "berretto militare",
      "EUnl": "eenvoudige pet",
      "CNzh": "军帽",
      "TWzh": "軍帽",
      "JPja": "ワークキャップ",
      "KRko": "워크캡",
      "EUru": "простая кепка"
    }
  },
  {
    "id": 617,
    "version": "1.0.0",
    "locale": {
      "USen": "sailor's hat",
      "EUen": "sailor's hat",
      "EUde": "Matrosenmütze",
      "EUes": "gorro marinero",
      "USes": "gorro marinero",
      "EUfr": "bonnet marin",
      "USfr": "bonnet de matelot",
      "EUit": "cappello da marinaio",
      "EUnl": "matrozenpet",
      "CNzh": "水手帽",
      "TWzh": "水手帽",
      "JPja": "ふなのりのぼうし",
      "KRko": "선원 모자",
      "EUru": "шапочка моряка"
    }
  },
  {
    "id": 618,
    "version": "1.0.0",
    "locale": {
      "USen": "viking helmet",
      "EUen": "viking helmet",
      "EUde": "Wikingerhelm",
      "EUes": "casco vikingo",
      "USes": "casco vikingo",
      "EUfr": "casque viking",
      "USfr": "casque viking",
      "EUit": "elmo vichingo",
      "EUnl": "Vikinghelm",
      "CNzh": "维京人头盔",
      "TWzh": "維京人頭盔",
      "JPja": "バイキングのかぶと",
      "KRko": "바이킹 투구",
      "EUru": "шлем викинга"
    }
  },
  {
    "id": 631,
    "version": "1.0.0",
    "locale": {
      "USen": "mage's hat",
      "EUen": "mage's hat",
      "EUde": "Hexenhut",
      "EUes": "sombrero de hechicería",
      "USes": "sombrero de hechicería",
      "EUfr": "chapeau de sorcellerie",
      "USfr": "chapeau de sorcellerie",
      "EUit": "cappello da strega",
      "EUnl": "heksenhoed",
      "CNzh": "魔女帽",
      "TWzh": "魔女帽",
      "JPja": "まじょのぼうし",
      "KRko": "마술사 모자",
      "EUru": "чародейская шляпа"
    }
  },
  {
    "id": 632,
    "version": "1.0.0",
    "locale": {
      "USen": "denim cap",
      "EUen": "denim cap",
      "EUde": "Jeans-Kappe",
      "EUes": "gorra vaquera",
      "USes": "gorra de jean",
      "EUfr": "casquette en jean",
      "USfr": "casquette en jean",
      "EUit": "cappellino di jeans",
      "EUnl": "denim pet",
      "CNzh": "牛仔布帽",
      "TWzh": "牛仔布帽",
      "JPja": "デニムキャップ",
      "KRko": "데님 야구 모자",
      "EUru": "джинсовая кепка"
    }
  },
  {
    "id": 633,
    "version": "1.0.0",
    "locale": {
      "USen": "cycling cap",
      "EUen": "cycling cap",
      "EUde": "Radlermütze",
      "EUes": "gorra de ciclista",
      "USes": "gorra de ciclista",
      "EUfr": "casquette cycliste",
      "USfr": "casquette cycliste",
      "EUit": "cappellino da ciclista",
      "EUnl": "wielrennerspet",
      "CNzh": "骑行帽",
      "TWzh": "單車帽",
      "JPja": "サイクルキャップ",
      "KRko": "사이클 야구 모자",
      "EUru": "велосипедная кепка"
    }
  },
  {
    "id": 634,
    "version": "1.0.0",
    "locale": {
      "USen": "outdoor hat",
      "EUen": "outdoor hat",
      "EUde": "Outdoor-Hut",
      "EUes": "sombrero de paseo",
      "USes": "sombrero de paseo",
      "EUfr": "chapeau de randonnée",
      "USfr": "chapeau de randonnée",
      "EUit": "cappello parasole",
      "EUnl": "kampeerhoed",
      "CNzh": "户外登山帽",
      "TWzh": "戶外登山帽",
      "JPja": "アウトドアハット",
      "KRko": "아웃도어 모자",
      "EUru": "походная шляпа"
    }
  },
  {
    "id": 635,
    "version": "1.0.0",
    "locale": {
      "USen": "straw boater",
      "EUen": "straw boater",
      "EUde": "Kreissäge",
      "EUes": "canotier",
      "USes": "canotier",
      "EUfr": "canotier",
      "USfr": "canotier",
      "EUit": "paglietta",
      "EUnl": "gondeliershoed",
      "CNzh": "平顶草帽",
      "TWzh": "平頂草帽",
      "JPja": "カンカンぼう",
      "KRko": "캉캉 모자",
      "EUru": "шляпка канотье"
    }
  },
  {
    "id": 636,
    "version": "1.0.0",
    "locale": {
      "USen": "beret",
      "EUen": "beret",
      "EUde": "Barett",
      "EUes": "boina",
      "USes": "boina",
      "EUfr": "béret",
      "USfr": "béret",
      "EUit": "basco",
      "EUnl": "baret",
      "CNzh": "贝雷帽",
      "TWzh": "貝雷帽",
      "JPja": "ベレーぼう",
      "KRko": "베레모",
      "EUru": "берет"
    }
  },
  {
    "id": 637,
    "version": "1.0.0",
    "locale": {
      "USen": "orange hat",
      "EUen": "orange hat",
      "EUde": "Orangenhut",
      "EUes": "gorro naranja",
      "USes": "gorro naranja",
      "EUfr": "chapeau orange",
      "USfr": "chapeau orange",
      "EUit": "cappello arancia",
      "EUnl": "sinaasappelmuts",
      "CNzh": "橘子帽子",
      "TWzh": "橘子帽子",
      "JPja": "オレンジのぼうし",
      "KRko": "귤 모자",
      "EUru": "шапка-апельсин"
    }
  },
  {
    "id": 638,
    "version": "1.0.0",
    "locale": {
      "USen": "kiwi hat",
      "EUen": "kiwi hat",
      "EUde": "Kiwihut",
      "EUes": "gorro kiwi",
      "USes": "gorro kiwi",
      "EUfr": "chapeau kiwi",
      "USfr": "chapeau kiwi",
      "EUit": "cappello kiwi",
      "EUnl": "kiwimuts",
      "CNzh": "奇异果帽子",
      "TWzh": "奇異果帽子",
      "JPja": "キウイのぼうし",
      "KRko": "키위 모자",
      "EUru": "шапка-киви"
    }
  },
  {
    "id": 639,
    "version": "1.0.0",
    "locale": {
      "USen": "strawberry hat",
      "EUen": "strawberry hat",
      "EUde": "Erdbeerhut",
      "EUes": "gorro fresa",
      "USes": "gorro fresa",
      "EUfr": "chapeau fraise",
      "USfr": "chapeau fraise",
      "EUit": "cappello fragola",
      "EUnl": "aardbeimuts",
      "CNzh": "草莓帽子",
      "TWzh": "草莓帽子",
      "JPja": "いちごのぼうし",
      "KRko": "딸기 모자",
      "EUru": "шапка-клубника"
    }
  },
  {
    "id": 640,
    "version": "1.0.0",
    "locale": {
      "USen": "grape hat",
      "EUen": "grape hat",
      "EUde": "Traubenhut",
      "EUes": "gorro uva",
      "USes": "gorro uva",
      "EUfr": "chapeau raisin",
      "USfr": "chapeau raisin",
      "EUit": "cappello uva",
      "EUnl": "druivenmuts",
      "CNzh": "葡萄帽子",
      "TWzh": "葡萄帽子",
      "JPja": "ぶどうのぼうし",
      "KRko": "포도 모자",
      "EUru": "шапка-виноград"
    }
  },
  {
    "id": 641,
    "version": "1.0.0",
    "locale": {
      "USen": "pineapple cap",
      "EUen": "pineapple cap",
      "EUde": "Ananashut",
      "EUes": "gorro piña",
      "USes": "gorro piña",
      "EUfr": "chapeau ananas",
      "USfr": "chapeau ananas",
      "EUit": "cappello ananas",
      "EUnl": "ananasmuts",
      "CNzh": "凤梨帽子",
      "TWzh": "鳳梨帽子",
      "JPja": "パイナップルのぼうし",
      "KRko": "파인애플 모자",
      "EUru": "шапка «Ананас»"
    }
  },
  {
    "id": 642,
    "version": "1.0.0",
    "locale": {
      "USen": "watermelon hat",
      "EUen": "watermelon hat",
      "EUde": "Melonenhut",
      "EUes": "gorro sandía",
      "USes": "gorro sandía",
      "EUfr": "chapeau pastèque",
      "USfr": "chapeau melon d'eau",
      "EUit": "cappello anguria",
      "EUnl": "watermeloenmuts",
      "CNzh": "西瓜帽子",
      "TWzh": "西瓜帽子",
      "JPja": "スイカのぼうし",
      "KRko": "수박 모자",
      "EUru": "шапка-арбуз"
    }
  },
  {
    "id": 644,
    "version": "1.0.0",
    "locale": {
      "USen": "sushi chef hat",
      "EUen": "sushi chef hat",
      "EUde": "Sushikochmütze",
      "EUes": "gorro chef de sushi",
      "USes": "gorro chef de sushi",
      "EUfr": "toque de chef sushi",
      "USfr": "toque de chef sushi",
      "EUit": "cappello da chef di sushi",
      "EUnl": "sushikoksmuts",
      "CNzh": "日本料理厨师帽",
      "TWzh": "日本料理廚師帽",
      "JPja": "わぼうし",
      "KRko": "일식 요리사 모자",
      "EUru": "шапочка мастера суши"
    }
  },
  {
    "id": 645,
    "version": "1.0.0",
    "locale": {
      "USen": "bicycle helmet",
      "EUen": "bicycle helmet",
      "EUde": "Fahrradhelm",
      "EUes": "casco de ciclista",
      "USes": "casco de ciclista",
      "EUfr": "casque de vélo",
      "USfr": "casque de vélo",
      "EUit": "casco da ciclista",
      "EUnl": "fietshelm",
      "CNzh": "单车头盔",
      "TWzh": "單車安全帽",
      "JPja": "サイクルヘルメット",
      "KRko": "자전거 헬멧",
      "EUru": "велосипедный шлем"
    }
  },
  {
    "id": 646,
    "version": "1.0.0",
    "locale": {
      "USen": "swimming cap",
      "EUen": "swimming cap",
      "EUde": "Schwimmkappe",
      "EUes": "gorro de natación",
      "USes": "gorro de natación",
      "EUfr": "bonnet de natation",
      "USfr": "casque de bain",
      "EUit": "cuffia da nuoto",
      "EUnl": "badmuts",
      "CNzh": "泳帽",
      "TWzh": "泳帽",
      "JPja": "すいえいキャップ",
      "KRko": "수영 모자",
      "EUru": "шапочка для плавания"
    }
  },
  {
    "id": 647,
    "version": "1.0.0",
    "locale": {
      "USen": "silk hat",
      "EUen": "silk hat",
      "EUde": "Asia-Mütze",
      "EUes": "gorro de seda",
      "USes": "gorro de seda",
      "EUfr": "chapeau en soie",
      "USfr": "chapeau en soie",
      "EUit": "cappello di seta",
      "EUnl": "zijden muts",
      "CNzh": "唐装帽",
      "TWzh": "唐裝帽",
      "JPja": "チャイナハット",
      "KRko": "중국풍 모자",
      "EUru": "шелковая шапочка"
    }
  },
  {
    "id": 656,
    "version": "1.0.0",
    "locale": {
      "USen": "tulip hat",
      "EUen": "tulip hat",
      "EUde": "Tulpenhut",
      "EUes": "gorro tulipán",
      "USes": "gorro tulipán",
      "EUfr": "chapeau tulipe",
      "USfr": "chapeau tulipe",
      "EUit": "cappello tulipano",
      "EUnl": "tulphoed",
      "CNzh": "郁金香帽",
      "TWzh": "花瓣帽",
      "JPja": "チューリップハット",
      "KRko": "튤립 모자",
      "EUru": "панама-колокольчик"
    }
  },
  {
    "id": 657,
    "version": "1.0.0",
    "locale": {
      "USen": "paisley bandanna",
      "EUen": "paisley bandanna",
      "EUde": "Paisleymuster-Bandana",
      "EUes": "pañuelo de cachemira",
      "USes": "pañuelo de cachemira",
      "EUfr": "bandana paisley",
      "USfr": "bandana paisley",
      "EUit": "bandana con motivo paisley",
      "EUnl": "paisleybandana",
      "CNzh": "变形虫图腾头巾",
      "TWzh": "變形蟲圖騰頭巾",
      "JPja": "ペイズリーのバンダナ",
      "KRko": "페이즐리 반다나",
      "EUru": "бандана с узором пейсли"
    }
  },
  {
    "id": 658,
    "version": "1.0.0",
    "locale": {
      "USen": "alpinist hat",
      "EUen": "alpinist hat",
      "EUde": "Gebirgshut",
      "EUes": "sombrero tirolés",
      "USes": "sombrero tirolés",
      "EUfr": "chapeau tyrolien",
      "USfr": "chapeau tyrolien",
      "EUit": "cappello tirolese",
      "EUnl": "tirolerhoed",
      "CNzh": "提洛尔帽子",
      "TWzh": "提洛爾帽子",
      "JPja": "チロリアンハット",
      "KRko": "알프스풍 모자",
      "EUru": "горная шляпа"
    }
  },
  {
    "id": 659,
    "version": "1.0.0",
    "locale": {
      "USen": "bowler hat with ribbon",
      "EUen": "bowler hat with ribbon",
      "EUde": "Schleifchen-Melone",
      "EUes": "bombín con lazo",
      "USes": "bombín con lazo",
      "EUfr": "chapeau melon à ruban",
      "USfr": "chapeau melon à ruban",
      "EUit": "bombetta con fiocco",
      "EUnl": "bolhoed met lint",
      "CNzh": "蝴蝶结圆顶硬礼帽",
      "TWzh": "蝴蝶結圓頂硬禮帽",
      "JPja": "リボンボーラーハット",
      "KRko": "리본 페도라",
      "EUru": "котелок с лентой"
    }
  },
  {
    "id": 660,
    "version": "1.0.0",
    "locale": {
      "USen": "wide-brim straw hat",
      "EUen": "wide-brim straw hat",
      "EUde": "Florentinerhut",
      "EUes": "pamela de paja",
      "USes": "sombrero de paja amplio",
      "EUfr": "chapeau de paille large",
      "USfr": "chapeau de paille large",
      "EUit": "cappello di paglia largo",
      "EUnl": "strohoed met brede rand",
      "CNzh": "宽边草帽",
      "TWzh": "寬邊草帽",
      "JPja": "つばひろストローハット",
      "KRko": "챙 넓은 밀짚모자",
      "EUru": "широкополая «соломка»"
    }
  },
  {
    "id": 661,
    "version": "1.0.0",
    "locale": {
      "USen": "dotted shower cap",
      "EUen": "dotted shower cap",
      "EUde": "Pünktchenduschhaube",
      "EUes": "gorro de ducha a lunares",
      "USes": "gorra de ducha a lunares",
      "EUfr": "bonnet de douche à pois",
      "USfr": "bonnet de douche à pois",
      "EUit": "cuffia da doccia a pois",
      "EUnl": "douchemuts met stippen",
      "CNzh": "圆点浴帽",
      "TWzh": "圓點浴帽",
      "JPja": "みずたまシャワーキャップ",
      "KRko": "물방울 샤워캡",
      "EUru": "чепец для душа в горошек"
    }
  },
  {
    "id": 662,
    "version": "1.0.0",
    "locale": {
      "USen": "fedora",
      "EUen": "fedora",
      "EUde": "Filzhut",
      "EUes": "fedora",
      "USes": "fedora",
      "EUfr": "chapeau de ville",
      "USfr": "chapeau de ville",
      "EUit": "cappello di feltro",
      "EUnl": "gleufhoed",
      "CNzh": "绅士帽",
      "TWzh": "紳士帽",
      "JPja": "なかおれハット",
      "KRko": "페도라",
      "EUru": "фетровая шляпа"
    }
  },
  {
    "id": 663,
    "version": "1.0.0",
    "locale": {
      "USen": "frugal hat",
      "EUen": "frugal hat",
      "EUde": "Lumpenhut",
      "EUes": "sombrero roñoso",
      "USes": "sombrero roñoso",
      "EUfr": "chapeau rapiécé",
      "USfr": "chapeau rapiécé",
      "EUit": "cappello modesto",
      "EUnl": "opgelapte hoed",
      "CNzh": "简朴帽子",
      "TWzh": "簡樸帽子",
      "JPja": "しっそなぼうし",
      "KRko": "누더기 모자",
      "EUru": "рваная шляпа"
    }
  },
  {
    "id": 664,
    "version": "1.0.0",
    "locale": {
      "USen": "sports cap",
      "EUen": "sports cap",
      "EUde": "Sportkappe",
      "EUes": "gorra deportiva",
      "USes": "gorra deportiva",
      "EUfr": "casquette de sport",
      "USfr": "casquette de sport",
      "EUit": "cappellino sportivo",
      "EUnl": "sportieve pet",
      "CNzh": "运动帽",
      "TWzh": "運動帽",
      "JPja": "うんどうぼう",
      "KRko": "운동 모자",
      "EUru": "спортивная кепка"
    }
  },
  {
    "id": 665,
    "version": "1.0.0",
    "locale": {
      "USen": "terry-cloth nightcap",
      "EUen": "terry-cloth nightcap",
      "EUde": "Frottee-Nachtmütze",
      "EUes": "gorro de dormir",
      "USes": "gorro de dormir",
      "EUfr": "bonnet de nuit tissu éponge",
      "USfr": "bonnet nuit tissu éponge",
      "EUit": "berretto di spugna",
      "EUnl": "badstoffen slaapmuts",
      "CNzh": "毛绒睡帽",
      "TWzh": "毛絨睡帽",
      "JPja": "もこもこナイトキャップ",
      "KRko": "복슬복슬 나이트캡",
      "EUru": "махровый ночн. колпак"
    }
  },
  {
    "id": 667,
    "version": "1.0.0",
    "locale": {
      "USen": "royal crown",
      "EUen": "royal crown",
      "EUde": "Königskrone",
      "EUes": "corona imperial",
      "USes": "corona imperial",
      "EUfr": "couronne royale",
      "USfr": "couronne royale",
      "EUit": "corona reale",
      "EUnl": "koninklijke kroon",
      "CNzh": "王冠",
      "TWzh": "王冠",
      "JPja": "おうかん",
      "KRko": "왕관",
      "EUru": "королевская корона"
    }
  },
  {
    "id": 669,
    "version": "1.0.0",
    "locale": {
      "USen": "terry-cloth do-rag",
      "EUen": "terry-cloth do-rag",
      "EUde": "Handtuch",
      "EUes": "pañuelo felpa",
      "USes": "pañuelo felpa",
      "EUfr": "bandana simple",
      "USfr": "bandana simple",
      "EUit": "cappello di spugna",
      "EUnl": "badstoffen durag",
      "CNzh": "毛巾帽",
      "TWzh": "毛巾帽",
      "JPja": "タオル",
      "KRko": "수건",
      "EUru": "махровая повязка"
    }
  },
  {
    "id": 670,
    "version": "1.0.0",
    "locale": {
      "USen": "acorn knit cap",
      "EUen": "acorn knit cap",
      "EUde": "Eichelstrickmütze",
      "EUes": "gorro bellota",
      "USes": "gorro bellota",
      "EUfr": "bonnet gland tricoté",
      "USfr": "bonnet gland tricoté",
      "EUit": "cappellino ghianda di lana",
      "EUnl": "gebreide eikelmuts",
      "CNzh": "尖顶针织帽",
      "TWzh": "尖頂針織帽",
      "JPja": "どんぐりニット",
      "KRko": "도토리 털모자",
      "EUru": "вязаная шапка-желудь"
    }
  },
  {
    "id": 671,
    "version": "1.0.0",
    "locale": {
      "USen": "combat helmet",
      "EUen": "combat helmet",
      "EUde": "Soldatenhelm",
      "EUes": "casco de soldado",
      "USes": "casco de soldado",
      "EUfr": "casque lourd",
      "USfr": "casque de soldat",
      "EUit": "elmetto",
      "EUnl": "gevechtshelm",
      "CNzh": "钢盔",
      "TWzh": "鋼盔",
      "JPja": "コンバットヘルメット",
      "KRko": "철모",
      "EUru": "военная каска"
    }
  },
  {
    "id": 681,
    "version": "1.0.0",
    "locale": {
      "USen": "shallow knit cap",
      "EUen": "shallow knit cap",
      "EUde": "Ministrickmütze",
      "EUes": "minigorro de punto",
      "USes": "minigorro tejido",
      "EUfr": "mini bonnet tricoté",
      "USfr": "mini bonnet tricoté",
      "EUit": "cappellino basso di lana",
      "EUnl": "korte muts",
      "CNzh": "短版针织帽",
      "TWzh": "短版針織帽",
      "JPja": "あさいニットぼう",
      "KRko": "얇은 털모자",
      "EUru": "вязаная мини-шапочка"
    }
  },
  {
    "id": 684,
    "version": "1.0.0",
    "locale": {
      "USen": "captain's hat",
      "EUen": "captain's hat",
      "EUde": "Kapitänsmütze",
      "EUes": "gorra de capitán",
      "USes": "gorra de capitán",
      "EUfr": "casquette de capitaine",
      "USfr": "casquette capitaine",
      "EUit": "cappello da capitano",
      "EUnl": "kapiteinspet",
      "CNzh": "船长帽子",
      "TWzh": "船長帽子",
      "JPja": "キャプテンのぼうし",
      "KRko": "캡틴 모자",
      "EUru": "фуражка капитана"
    }
  },
  {
    "id": 685,
    "version": "1.0.0",
    "locale": {
      "USen": "dandy hat",
      "EUen": "dandy hat",
      "EUde": "Dandymütze",
      "EUes": "gorra elegante",
      "USes": "gorra elegante",
      "EUfr": "casquette de dandy",
      "USfr": "casquette de dandy",
      "EUit": "berretto da dandy",
      "EUnl": "krantenjongenspet",
      "CNzh": "报童帽",
      "TWzh": "報童帽",
      "JPja": "キャスケット",
      "KRko": "카스케트",
      "EUru": "стильная кепка"
    }
  },
  {
    "id": 688,
    "version": "1.0.0",
    "locale": {
      "USen": "wizard's cap",
      "EUen": "wizard's cap",
      "EUde": "Zauberhut",
      "EUes": "gorro mago",
      "USes": "gorro mago",
      "EUfr": "chapeau de magicien",
      "USfr": "chapeau de magicien",
      "EUit": "cappello da mago",
      "EUnl": "tovenaarshoed",
      "CNzh": "尖头帽",
      "TWzh": "尖頭帽",
      "JPja": "とんがりぼうし",
      "KRko": "마법사 모자",
      "EUru": "колпак волшебника"
    }
  },
  {
    "id": 689,
    "version": "1.0.0",
    "locale": {
      "USen": "balloon hat",
      "EUen": "balloon hat",
      "EUde": "Ballonhut",
      "EUes": "sombrero de globos",
      "USes": "sombrero de globos",
      "EUfr": "chapeau ballons",
      "USfr": "chapeau ballons",
      "EUit": "cappello di palloncini",
      "EUnl": "ballonnenhoed",
      "CNzh": "气球帽",
      "TWzh": "氣球帽",
      "JPja": "バルーンハット",
      "KRko": "풍선 모자",
      "EUru": "шляпа из шариков"
    }
  },
  {
    "id": 696,
    "version": "1.0.0",
    "locale": {
      "USen": "elegant hat",
      "EUen": "elegant hat",
      "EUde": "Schmuckhut",
      "EUes": "pamela elegante",
      "USes": "pamela elegante",
      "EUfr": "chapeau classe",
      "USfr": "chapeau élégant",
      "EUit": "cappello elegante",
      "EUnl": "elegante hoed",
      "CNzh": "优雅帽子",
      "TWzh": "優雅帽子",
      "JPja": "エレガントなぼうし",
      "KRko": "엘레강스 모자",
      "EUru": "элегантная шляпа"
    }
  },
  {
    "id": 701,
    "version": "1.0.0",
    "locale": {
      "USen": "jester's cap",
      "EUen": "jester's cap",
      "EUde": "Narrenkappe",
      "EUes": "gorro de bufón",
      "USes": "gorro de bufón",
      "EUfr": "chapeau de bouffon",
      "USfr": "chapeau de bouffon",
      "EUit": "cappello da giullare",
      "EUnl": "narrenmuts",
      "CNzh": "小丑帽子",
      "TWzh": "小丑帽子",
      "JPja": "ピエロのぼうし",
      "KRko": "피에로 모자",
      "EUru": "колпак шута"
    }
  },
  {
    "id": 710,
    "version": "1.0.0",
    "locale": {
      "USen": "jockey's helmet",
      "EUen": "jockey's helmet",
      "EUde": "Jockeyhelm",
      "EUes": "casco de jinete",
      "USes": "casco de jinete",
      "EUfr": "casque de jockey",
      "USfr": "casque de jockey",
      "EUit": "casco da fantino",
      "EUnl": "jockeyhelm",
      "CNzh": "马术头盔",
      "TWzh": "馬術安全帽",
      "JPja": "ジョッキーヘルメット",
      "KRko": "기수 헬멧",
      "EUru": "шлем жокея"
    }
  },
  {
    "id": 714,
    "version": "1.0.0",
    "locale": {
      "USen": "detective hat",
      "EUen": "detective hat",
      "EUde": "Detektivhut",
      "EUes": "gorra de detective",
      "USes": "gorra de detective",
      "EUfr": "casquette de détective",
      "USfr": "casquette détective",
      "EUit": "cappello da detective",
      "EUnl": "detectivepet",
      "CNzh": "名侦探帽",
      "TWzh": "名偵探帽",
      "JPja": "めいたんていのぼうし",
      "KRko": "명탐정 모자",
      "EUru": "кепка детектива"
    }
  },
  {
    "id": 719,
    "version": "1.0.0",
    "locale": {
      "USen": "straw hat",
      "EUen": "straw hat",
      "EUde": "Strohhut",
      "EUes": "sombrero de paja",
      "USes": "sombrero de paja",
      "EUfr": "chapeau de paille",
      "USfr": "chapeau de paille",
      "EUit": "cappello di paglia",
      "EUnl": "strohoed",
      "CNzh": "草帽",
      "TWzh": "草帽",
      "JPja": "むぎわらぼうし",
      "KRko": "밀짚모자",
      "EUru": "соломенная шляпка"
    }
  },
  {
    "id": 720,
    "version": "1.0.0",
    "locale": {
      "USen": "outback hat",
      "EUen": "outback hat",
      "EUde": "Western-Hut",
      "EUes": "sombrero austral",
      "USes": "sombrero austral",
      "EUfr": "feutre",
      "USfr": "feutre",
      "EUit": "cappello australiano",
      "EUnl": "westernhoed",
      "CNzh": "牛仔帽",
      "TWzh": "牛仔帽",
      "JPja": "テンガロンハット",
      "KRko": "카우보이 모자",
      "EUru": "австралийская шляпа"
    }
  },
  {
    "id": 724,
    "version": "1.0.0",
    "locale": {
      "USen": "snowy knit cap",
      "EUen": "snowy knit cap",
      "EUde": "Schneeflockenmütze",
      "EUes": "gorro de punto copos",
      "USes": "gorro tejido copos",
      "EUfr": "bonnet d'hiver tricoté",
      "USfr": "bonnet d'hiver tricoté",
      "EUit": "cappellino nevoso di lana",
      "EUnl": "gebreide wintermuts",
      "CNzh": "雪花针织帽",
      "TWzh": "下雪針織帽",
      "JPja": "スノーニットぼう",
      "KRko": "스노 털모자",
      "EUru": "шапка со снежинками"
    }
  },
  {
    "id": 725,
    "version": "1.0.0",
    "locale": {
      "USen": "colorful striped knit cap",
      "EUen": "colorful striped knit cap",
      "EUde": "Ringelpudelmütze",
      "EUes": "gorro de punto colorido",
      "USes": "gorro tejido colorido",
      "EUfr": "bonnet tricoté bariolé",
      "USfr": "bonnet tricoté bariolé",
      "EUit": "cappellino colorato di lana",
      "EUnl": "kleurrijke gebreide muts",
      "CNzh": "彩色波浪纹针织帽",
      "TWzh": "彩色粗橫紋針織帽",
      "JPja": "カラフルボーダーニットぼう",
      "KRko": "컬러풀 줄무늬 털모자",
      "EUru": "пестрая шапка в полоску"
    }
  },
  {
    "id": 751,
    "version": "1.0.0",
    "locale": {
      "USen": "imitation cow skull",
      "EUen": "imitation cow skull",
      "EUde": "Kuhschädelhelm",
      "EUes": "casco con cuernos",
      "USes": "casco con cuernos",
      "EUfr": "casque préhistorique",
      "USfr": "casque préhistorique",
      "EUit": "teschio di mucca",
      "EUnl": "imitatiekoeienschedel",
      "CNzh": "牛骨帽",
      "TWzh": "牛骨帽",
      "JPja": "うしのほね",
      "KRko": "황소 두개골",
      "EUru": "муляж коровьего черепа"
    }
  },
  {
    "id": 803,
    "version": "1.0.0",
    "locale": {
      "USen": "eggshell",
      "EUen": "eggshell",
      "EUde": "Eischalen-Hut",
      "EUes": "cáscara de huevo",
      "USes": "cáscara de huevo",
      "EUfr": "coquille d'œuf",
      "USfr": "coquille d'œuf",
      "EUit": "guscio d'uovo",
      "EUnl": "eierschaal",
      "CNzh": "蛋壳",
      "TWzh": "蛋殼",
      "JPja": "たまごのから",
      "KRko": "달걀 껍질",
      "EUru": "скорлупа"
    }
  },
  {
    "id": 816,
    "version": "1.0.0",
    "locale": {
      "USen": "cavalier hat",
      "EUen": "cavalier hat",
      "EUde": "Edelmann-Hut",
      "EUes": "sombrero mosquetero",
      "USes": "sombrero mosquetero",
      "EUfr": "chapeau de mousquetaire",
      "USfr": "chapeau de mousquetaire",
      "EUit": "cappello da moschettiere",
      "EUnl": "musketiershoed",
      "CNzh": "骑士帽",
      "TWzh": "騎士帽",
      "JPja": "じゅうきしのぼうし",
      "KRko": "기사 모자",
      "EUru": "шляпа кавалериста"
    }
  },
  {
    "id": 910,
    "version": "1.0.0",
    "locale": {
      "USen": "New Year's silk hat",
      "EUen": "New Year's silk hat",
      "EUde": "Neujahrszylinder",
      "EUes": "gorro de Año Nuevo chic",
      "USes": "gorro de Año Nuevo chic",
      "EUfr": "haut-de-forme nouvel an",
      "USfr": "haut-de-forme Nouvel An",
      "EUit": "cilindro di Capodanno",
      "EUnl": "zijden nieuwjaarshoed",
      "CNzh": "新年丝质礼帽",
      "TWzh": "新年絲質禮帽",
      "JPja": "ニューイヤーシルクハット",
      "KRko": "새해 실크해트",
      "EUru": "новогодний цилиндр"
    }
  },
  {
    "id": 929,
    "version": "1.0.0",
    "locale": {
      "USen": "ancient administrator hat",
      "EUen": "ancient administrator hat",
      "EUde": "Wushamao",
      "EUes": "gorro gestión imperial",
      "USes": "gorro gestión imperial",
      "EUfr": "chapeau Wu Sha",
      "USfr": "chapeau Wu Sha",
      "EUit": "cappello imperiale",
      "EUnl": "oosterse hoed",
      "CNzh": "乌纱帽",
      "TWzh": "官帽",
      "JPja": "かんぼう",
      "KRko": "관모",
      "EUru": "древняя шапка мандарина"
    }
  },
  {
    "id": 930,
    "version": "1.0.0",
    "locale": {
      "USen": "glengarry",
      "EUen": "glengarry",
      "EUde": "Schotten-Schiffchen",
      "EUes": "boina glengarry",
      "USes": "boina glengarry",
      "EUfr": "glengarry",
      "USfr": "glengarry",
      "EUit": "berretto scozzese",
      "EUnl": "glengarry",
      "CNzh": "黑卫士兵团帽",
      "TWzh": "黑衛士兵團帽",
      "JPja": "グレンガリーぼう",
      "KRko": "글렌개리",
      "EUru": "гленгарри"
    }
  },
  {
    "id": 935,
    "version": "1.0.0",
    "locale": {
      "USen": "pom casquette",
      "EUen": "pom casquette",
      "EUde": "Bommelhut",
      "EUes": "gorra con pompón",
      "USes": "gorra con pompón",
      "EUfr": "casquette à pompon",
      "USfr": "casquette à pompon",
      "EUit": "berretto con pon-pon",
      "EUnl": "muts met klep en pompon",
      "CNzh": "毛球报童帽",
      "TWzh": "毛球報童帽",
      "JPja": "ボンボンつきキャスケット",
      "KRko": "폼폼 카스케트",
      "EUru": "теплая каскетка"
    }
  },
  {
    "id": 936,
    "version": "1.0.0",
    "locale": {
      "USen": "tam-o'-shanter",
      "EUen": "tam-o'-shanter",
      "EUde": "Schottenmütze",
      "EUes": "boina escocesa",
      "USes": "boina escocesa",
      "EUfr": "béret écossais",
      "USfr": "tourmaline",
      "EUit": "basco scozzese",
      "EUnl": "Schotse baret",
      "CNzh": "苏格兰帽",
      "TWzh": "蘇格蘭帽",
      "JPja": "スコットランドぼうし",
      "KRko": "스코틀랜드 모자",
      "EUru": "тэм-о-шентер"
    }
  },
  {
    "id": 942,
    "version": "1.0.0",
    "locale": {
      "USen": "ribbon",
      "EUen": "ribbon",
      "EUde": "Schleifchen",
      "EUes": "lazo",
      "USes": "lazo",
      "EUfr": "nœud à cheveux",
      "USfr": "nœud à cheveux",
      "EUit": "fiocco",
      "EUnl": "strikje",
      "CNzh": "蝴蝶结",
      "TWzh": "蝴蝶結",
      "JPja": "リボン",
      "KRko": "리본",
      "EUru": "бантик"
    }
  },
  {
    "id": 949,
    "version": "1.0.0",
    "locale": {
      "USen": "halo",
      "EUen": "halo",
      "EUde": "Lichtkranz",
      "EUes": "halo",
      "USes": "halo",
      "EUfr": "auréole",
      "USfr": "auréole",
      "EUit": "aureola",
      "EUnl": "aureool",
      "CNzh": "天使光环",
      "TWzh": "天使光環",
      "JPja": "てんしのわ",
      "KRko": "천사 링",
      "EUru": "нимб"
    }
  },
  {
    "id": 950,
    "version": "1.0.0",
    "locale": {
      "USen": "nurse's cap",
      "EUen": "nurse's cap",
      "EUde": "Schwesternhaube",
      "EUes": "cofia enfermera",
      "USes": "cofia enfermera",
      "EUfr": "coiffe d'infirmière",
      "USfr": "coiffe d'infirmière",
      "EUit": "cuffia da infermiera",
      "EUnl": "verpleegsterskapje",
      "CNzh": "护士帽",
      "TWzh": "護士帽",
      "JPja": "ナースキャップ",
      "KRko": "간호사 모자",
      "EUru": "шапочка медсестры"
    }
  },
  {
    "id": 951,
    "version": "1.0.0",
    "locale": {
      "USen": "soft-serve hat",
      "EUen": "soft-serve hat",
      "EUde": "Softeis-Hut",
      "EUes": "gorro helado cremoso",
      "USes": "gorro helado cremoso",
      "EUfr": "chapeau glace italienne",
      "USfr": "chapeau glace italienne",
      "EUit": "cappello gelato",
      "EUnl": "softijshoed",
      "CNzh": "霜淇淋帽",
      "TWzh": "霜淇淋帽",
      "JPja": "ソフトクリームなぼうし",
      "KRko": "소프트아이스크림 모자",
      "EUru": "шапочка-мороженое"
    }
  },
  {
    "id": 952,
    "version": "1.0.0",
    "locale": {
      "USen": "bunny ears",
      "EUen": "bunny ears",
      "EUde": "Hasenohren-Haarreif",
      "EUes": "diadema orejitas de conejo",
      "USes": "diadema orejitas de conejo",
      "EUfr": "serre-tête oreilles de lapin",
      "USfr": "serre-tête oreilles de lapin",
      "EUit": "cerchietto da coniglio",
      "EUnl": "konijnenoren",
      "CNzh": "兔子耳朵",
      "TWzh": "兔子耳朵",
      "JPja": "バニーのみみ",
      "KRko": "토끼 귀",
      "EUru": "заячьи ушки"
    }
  },
  {
    "id": 953,
    "version": "1.0.0",
    "locale": {
      "USen": "straw umbrella hat",
      "EUen": "straw umbrella hat",
      "EUde": "Flach-Reishut",
      "EUes": "gorro de paja achatado",
      "USes": "gorro de paja achatado",
      "EUfr": "chapeau de bambou",
      "USfr": "chapeau de bambou",
      "EUit": "cappello di paglia orientale",
      "EUnl": "ronde strohoed",
      "CNzh": "三度笠",
      "TWzh": "三度笠",
      "JPja": "さんどがさ",
      "KRko": "삿갓",
      "EUru": "соломенная шляпа-зонт"
    }
  },
  {
    "id": 954,
    "version": "1.0.0",
    "locale": {
      "USen": "ribboned straw hat",
      "EUen": "ribboned straw hat",
      "EUde": "Mini-Strohhut",
      "EUes": "sombrero con lazo",
      "USes": "sombrero con lazo",
      "EUfr": "chapeau paille ruban",
      "USfr": "chapeau paille ruban",
      "EUit": "cappello di paglia e nastro",
      "EUnl": "strohoed met lint",
      "CNzh": "小帽子",
      "TWzh": "小帽子",
      "JPja": "ちいさめなぼうし",
      "KRko": "작은 모자",
      "EUru": "плетеная шляпка с лентой"
    }
  },
  {
    "id": 955,
    "version": "1.0.0",
    "locale": {
      "USen": "small silk hat",
      "EUen": "small silk hat",
      "EUde": "Mini-Seidenhut",
      "EUes": "minichistera",
      "USes": "minichistera",
      "EUfr": "chapeau de cavalière",
      "USfr": "chapeau de cavalière",
      "EUit": "cappello di seta piccolo",
      "EUnl": "zijden hoedje",
      "CNzh": "丝质小礼帽",
      "TWzh": "絲質小禮帽",
      "JPja": "ちいさめシルクハット",
      "KRko": "작은 실크해트",
      "EUru": "шелковый мини-цилиндр"
    }
  },
  {
    "id": 959,
    "version": "1.0.0",
    "locale": {
      "USen": "blue rose crown",
      "EUen": "blue rose crown",
      "EUde": "Blaurosenkrone",
      "EUes": "guirnalda rosa azul",
      "USes": "tiara rosas azules",
      "EUfr": "coiffe roses bleues",
      "USfr": "coiffe roses bleues",
      "EUit": "corona di rose blu",
      "EUnl": "blauwe-rozenkroon",
      "CNzh": "蓝色玫瑰花冠",
      "TWzh": "藍色玫瑰花冠",
      "JPja": "バラのかんむり・ブルー",
      "KRko": "블루 장미 화관",
      "EUru": "синий венок из роз"
    }
  },
  {
    "id": 960,
    "version": "1.0.0",
    "locale": {
      "USen": "gold rose crown",
      "EUen": "gold rose crown",
      "EUde": "Goldrosenkrone",
      "EUes": "guirnalda rosa dorada",
      "USes": "tiara rosas doradas",
      "EUfr": "coiffe roses dorées",
      "USfr": "coiffe roses dorées",
      "EUit": "corona di rose d'oro",
      "EUnl": "gouden rozenkroon",
      "CNzh": "金色玫瑰花冠",
      "TWzh": "金色玫瑰花冠",
      "JPja": "バラのかんむり・ゴールド",
      "KRko": "골드 장미 화관",
      "EUru": "золотой венок из роз"
    }
  },
  {
    "id": 961,
    "version": "1.0.0",
    "locale": {
      "USen": "tiara",
      "EUen": "tiara",
      "EUde": "Diadem",
      "EUes": "tiara",
      "USes": "tiara",
      "EUfr": "tiare",
      "USfr": "tiare",
      "EUit": "tiara",
      "EUnl": "tiara",
      "CNzh": "皇冠",
      "TWzh": "頭冠",
      "JPja": "ティアラ",
      "KRko": "티아라",
      "EUru": "диадема"
    }
  },
  {
    "id": 1014,
    "version": "1.0.0",
    "locale": {
      "USen": "crown",
      "EUen": "crown",
      "EUde": "Königinnenkrone",
      "EUes": "corona real",
      "USes": "corona real",
      "EUfr": "couronne",
      "USfr": "couronne",
      "EUit": "corona",
      "EUnl": "kroon",
      "CNzh": "后冠",
      "TWzh": "后冠",
      "JPja": "クイーンのかんむり",
      "KRko": "여왕 왕관",
      "EUru": "корона"
    }
  },
  {
    "id": 1041,
    "version": "1.0.0",
    "locale": {
      "USen": "zen hair clip",
      "EUen": "zen hair clip",
      "EUde": "Blumenhaarnadel",
      "EUes": "horquilla oriental",
      "USes": "horquilla oriental",
      "EUfr": "barrette zen",
      "USfr": "barrette zen",
      "EUit": "fermacapelli floreale",
      "EUnl": "zenhaarspeld",
      "CNzh": "花朵头饰",
      "TWzh": "稻草圈裝飾",
      "JPja": "わかざり",
      "KRko": "꽃 머리장식",
      "EUru": "заколка-дзен"
    }
  },
  {
    "id": 1042,
    "version": "1.0.0",
    "locale": {
      "USen": "flashy hairpin",
      "EUen": "flashy hairpin",
      "EUde": "Blumenspange",
      "EUes": "horquilla flor",
      "USes": "horquilla flor",
      "EUfr": "épingle luxueuse",
      "USfr": "épingle luxueuse",
      "EUit": "fermaglio floreale",
      "EUnl": "opvallende haarspeld",
      "CNzh": "华丽头饰",
      "TWzh": "鮮艷髮飾",
      "JPja": "はでなかみかざり",
      "KRko": "화려한 머리핀",
      "EUru": "броская заколка"
    }
  },
  {
    "id": 1043,
    "version": "1.0.0",
    "locale": {
      "USen": "pilot's hat",
      "EUen": "pilot's hat",
      "EUde": "Pilotenmütze",
      "EUes": "gorra de piloto",
      "USes": "gorra de piloto",
      "EUfr": "chapeau de capitaine",
      "USfr": "chapeau de capitaine",
      "EUit": "cappello da pilota",
      "EUnl": "pilotenpet",
      "CNzh": "机长帽",
      "TWzh": "機長帽子",
      "JPja": "きちょうのぼうし",
      "KRko": "기장 모자",
      "EUru": "фуражка пилота"
    }
  },
  {
    "id": 1044,
    "version": "1.0.0",
    "locale": {
      "USen": "student cap",
      "EUen": "student cap",
      "EUde": "Schülermütze",
      "EUes": "gorra escolar",
      "USes": "gorra escolar",
      "EUfr": "chapeau d'élève",
      "USfr": "chapeau d'élève",
      "EUit": "cappello da studente",
      "EUnl": "postbodepet",
      "CNzh": "学生帽",
      "TWzh": "學生帽",
      "JPja": "がくせいぼう",
      "KRko": "학생모",
      "EUru": "кепка студента"
    }
  },
  {
    "id": 1045,
    "version": "1.0.0",
    "locale": {
      "USen": "hibiscus hairpin",
      "EUen": "hibiscus hairpin",
      "EUde": "Hibiskus-Haarspange",
      "EUes": "horquilla hibisco",
      "USes": "horquilla hibisco",
      "EUfr": "épingle hibiscus",
      "USfr": "épingle hibiscus",
      "EUit": "molletta ibisco",
      "EUnl": "hibiscushaarspeld",
      "CNzh": "扶桑花头饰",
      "TWzh": "扶桑花髮飾",
      "JPja": "ハイビスカスのかみかざり",
      "KRko": "히비스커스 머리핀",
      "EUru": "заколка-гибискус"
    }
  },
  {
    "id": 1061,
    "version": "1.0.0",
    "locale": {
      "USen": "baseball cap",
      "EUen": "baseball cap",
      "EUde": "Baseballkappe",
      "EUes": "gorra de béisbol",
      "USes": "gorra de béisbol",
      "EUfr": "casquette de base-ball",
      "USfr": "casquette de baseball",
      "EUit": "cappellino da baseball",
      "EUnl": "honkbalpet",
      "CNzh": "棒球帽",
      "TWzh": "棒球帽",
      "JPja": "ベースボールキャップ",
      "KRko": "야구 모자",
      "EUru": "бейсболка"
    }
  },
  {
    "id": 1065,
    "version": "1.0.0",
    "locale": {
      "USen": "tweed cap",
      "EUen": "tweed cap",
      "EUde": "Tweedmütze",
      "EUes": "gorra de tweed",
      "USes": "gorra de tweed",
      "EUfr": "casquette en tweed",
      "USfr": "casquette en tweed",
      "EUit": "berretto di tweed",
      "EUnl": "tweedpet",
      "CNzh": "粗花呢帽",
      "TWzh": "斜紋軟呢帽",
      "JPja": "ツイードキャップ",
      "KRko": "트위드 모자",
      "EUru": "твидовая кепка"
    }
  },
  {
    "id": 1105,
    "version": "1.0.0",
    "locale": {
      "USen": "floral hairpin",
      "EUen": "floral hairpin",
      "EUde": "Blumenhaarspange",
      "EUes": "clip flor",
      "USes": "clip flor",
      "EUfr": "épingle fleurie",
      "USfr": "épingle fleurie",
      "EUit": "molletta floreale",
      "EUnl": "bloemenhaarspeld",
      "CNzh": "花朵发夹",
      "TWzh": "花朵髮夾",
      "JPja": "おはなのヘアピン",
      "KRko": "꽃 머리핀",
      "EUru": "шпилька с цветком"
    }
  },
  {
    "id": 1106,
    "version": "1.0.0",
    "locale": {
      "USen": "heart hairpin",
      "EUen": "heart hairpin",
      "EUde": "Herzhaarnadel",
      "EUes": "clip corazón",
      "USes": "clip corazón",
      "EUfr": "épingle cœur",
      "USfr": "épingle cœur",
      "EUit": "molletta cuore",
      "EUnl": "hartenhaarspeld",
      "CNzh": "爱心发夹",
      "TWzh": "愛心髮飾",
      "JPja": "ハートのかみかざり",
      "KRko": "하트 머리핀",
      "EUru": "шпилька с сердечком"
    }
  },
  {
    "id": 1107,
    "version": "1.0.0",
    "locale": {
      "USen": "star hairpin",
      "EUen": "star hairpin",
      "EUde": "Sternhaarnadel",
      "EUes": "clip estrella",
      "USes": "clip estrella",
      "EUfr": "épingle étoile",
      "USfr": "épingle étoile",
      "EUit": "molletta stella",
      "EUnl": "sterrenhaarspeld",
      "CNzh": "星星发夹",
      "TWzh": "星星髮飾",
      "JPja": "ほしのかみかざり",
      "KRko": "별 머리핀",
      "EUru": "шпилька со звездой"
    }
  },
  {
    "id": 1108,
    "version": "1.4.0",
    "locale": {
      "USen": "bulb bopper",
      "EUen": "bulb bopper",
      "EUde": "Leuchtkugelreif",
      "EUes": "diadema luciérnagas",
      "USes": "diadema luciérnagas",
      "EUfr": "serre-tête lumières",
      "USfr": "serre-tête lumières",
      "EUit": "paio antenne fluo",
      "EUnl": "gloeilampendiadeem",
      "CNzh": "发光球头饰",
      "TWzh": "發光球頭飾",
      "JPja": "ひかるボールアクセサリー",
      "KRko": "빛나는 볼 액세서리",
      "EUru": "ободок с лампочками"
    }
  },
  {
    "id": 1109,
    "version": "1.4.0",
    "locale": {
      "USen": "flower bopper",
      "EUen": "flower bopper",
      "EUde": "Leuchtblumenreif",
      "EUes": "diadema florecillas",
      "USes": "diadema florecitas",
      "EUfr": "serre-tête fleurs",
      "USfr": "serre-tête fleurs",
      "EUit": "paio antenne fiori",
      "EUnl": "bloemendiadeem",
      "CNzh": "发光花朵头饰",
      "TWzh": "發光花朵頭飾",
      "JPja": "ひかるはなのアクセサリー",
      "KRko": "빛나는 꽃 액세서리",
      "EUru": "ободок с цветками"
    }
  },
  {
    "id": 1110,
    "version": "1.4.0",
    "locale": {
      "USen": "heart bopper",
      "EUen": "heart bopper",
      "EUde": "Leuchtherzchenreif",
      "EUes": "diadema corazones",
      "USes": "diadema corazones",
      "EUfr": "serre-tête cœurs",
      "USfr": "serre-tête cœurs",
      "EUit": "paio antenne cuori",
      "EUnl": "hartendiadeem",
      "CNzh": "发光爱心头饰",
      "TWzh": "發光愛心頭飾",
      "JPja": "ひかるハートアクセサリー",
      "KRko": "빛나는 하트 액세서리",
      "EUru": "ободок с сердечками"
    }
  },
  {
    "id": 1111,
    "version": "1.0.0",
    "locale": {
      "USen": "barrette",
      "EUen": "barrette",
      "EUde": "Haarspange",
      "EUes": "pasador",
      "USes": "pasador",
      "EUfr": "barrette",
      "USfr": "barrette",
      "EUit": "barretta per capelli",
      "EUnl": "haarspeldje",
      "CNzh": "发夹",
      "TWzh": "髮夾",
      "JPja": "バレッタ",
      "KRko": "바레트",
      "EUru": "цветочная заколка"
    }
  },
  {
    "id": 1112,
    "version": "1.0.0",
    "locale": {
      "USen": "giant ribbon",
      "EUen": "giant ribbon",
      "EUde": "Riesenschleifchen",
      "EUes": "maxilazo",
      "USes": "maxilazo",
      "EUfr": "ruban géant",
      "USfr": "ruban géant",
      "EUit": "fiocco gigante",
      "EUnl": "grote strik",
      "CNzh": "大蝴蝶结",
      "TWzh": "大蝴蝶結",
      "JPja": "おおきなリボン",
      "KRko": "커다란 리본",
      "EUru": "огромный бант"
    }
  },
  {
    "id": 1114,
    "version": "1.0.0",
    "locale": {
      "USen": "skateboarding helmet",
      "EUen": "skateboarding helmet",
      "EUde": "Skateboard-Helm",
      "EUes": "casco para patinete",
      "USes": "casco de skateboard",
      "EUfr": "casque de skateboard",
      "USfr": "casque de skateboard",
      "EUit": "casco da skateboard",
      "EUnl": "skatehelm",
      "CNzh": "滑板头盔",
      "TWzh": "滑板安全帽",
      "JPja": "スケボーヘルメット",
      "KRko": "스케이트 보드 헬멧",
      "EUru": "шлем для скейтбординга"
    }
  },
  {
    "id": 1115,
    "version": "1.0.0",
    "locale": {
      "USen": "Aran-knit cap",
      "EUen": "Aran-knit cap",
      "EUde": "Aranmustermütze",
      "EUes": "gorro de punto trenzado",
      "USes": "gorro tejido trenzado",
      "EUfr": "bonnet tricoté Aran",
      "USfr": "bonnet tricoté Aran",
      "EUit": "berretto Aran",
      "EUnl": "Aran-muts",
      "CNzh": "手编阿伦花样针织帽",
      "TWzh": "手編阿倫花樣針織帽",
      "JPja": "アランニットぼう",
      "KRko": "아란 니트 모자",
      "EUru": "шапка аранской вязки"
    }
  },
  {
    "id": 1117,
    "version": "1.0.0",
    "locale": {
      "USen": "lettered cap",
      "EUen": "lettered cap",
      "EUde": "Schriftzug-Mütze",
      "EUes": "gorra serigrafiada",
      "USes": "gorra serigrafiada",
      "EUfr": "casquette à message",
      "USfr": "casquette à message",
      "EUit": "cappello con scritta",
      "EUnl": "pet met tekst",
      "CNzh": "文字帽",
      "TWzh": "文字帽",
      "JPja": "もじキャップ",
      "KRko": "글자 모자",
      "EUru": "кепка с текстом"
    }
  },
  {
    "id": 1119,
    "version": "1.0.0",
    "locale": {
      "USen": "ribboned garden hat",
      "EUen": "ribboned garden hat",
      "EUde": "Schleifchen-Strohhut",
      "EUes": "sombrero de paja con lazo",
      "USes": "sombrero de paja con lazo",
      "EUfr": "chapeau de jardin à ruban",
      "USfr": "chapeau de jardin à ruban",
      "EUit": "paglietta con nastrino",
      "EUnl": "tuinhoed met strik",
      "CNzh": "带蝴蝶结草帽",
      "TWzh": "蝴蝶結草帽",
      "JPja": "リボンつきむぎわらぼうし",
      "KRko": "리본 밀짚모자",
      "EUru": "летняя шляпа с лентой"
    }
  },
  {
    "id": 1121,
    "version": "1.0.0",
    "locale": {
      "USen": "patchwork tulip hat",
      "EUen": "patchwork tulip hat",
      "EUde": "Patchwork-Sommerhut",
      "EUes": "gorro de patchwork",
      "USes": "gorro de retazos",
      "EUfr": "chapeau tulipe patchwork",
      "USfr": "chapeau tulipe patchwork",
      "EUit": "cappello tulipano patchwork",
      "EUnl": "patchworkhoed",
      "CNzh": "拼布郁金香帽",
      "TWzh": "拼布鬱金香帽",
      "JPja": "パッチワークのチューリップぼう",
      "KRko": "패치워크 튤립 모자",
      "EUru": "панама из пэтчворка"
    }
  },
  {
    "id": 1122,
    "version": "1.0.0",
    "locale": {
      "USen": "apple hat",
      "EUen": "apple hat",
      "EUde": "Apfelhut",
      "EUes": "gorro manzana",
      "USes": "gorro manzana",
      "EUfr": "chapeau pomme",
      "USfr": "chapeau pomme",
      "EUit": "berretto mela",
      "EUnl": "appelmuts",
      "CNzh": "苹果帽子",
      "TWzh": "蘋果帽子",
      "JPja": "リンゴのぼうし",
      "KRko": "사과 모자",
      "EUru": "шапка-яблоко"
    }
  },
  {
    "id": 1123,
    "version": "1.0.0",
    "locale": {
      "USen": "pear hat",
      "EUen": "pear hat",
      "EUde": "Birnenhut",
      "EUes": "gorro pera",
      "USes": "gorro pera",
      "EUfr": "chapeau poire",
      "USfr": "chapeau poire",
      "EUit": "berretto pera",
      "EUnl": "perenmuts",
      "CNzh": "梨子帽子",
      "TWzh": "梨子帽子",
      "JPja": "ナシのぼうし",
      "KRko": "배 모자",
      "EUru": "шапка-груша"
    }
  },
  {
    "id": 1124,
    "version": "1.0.0",
    "locale": {
      "USen": "cherry hat",
      "EUen": "cherry hat",
      "EUde": "Kirschhut",
      "EUes": "gorro cerezas",
      "USes": "gorro cerezas",
      "EUfr": "chapeau cerise",
      "USfr": "chapeau cerise",
      "EUit": "berretto ciliegia",
      "EUnl": "kersenmuts",
      "CNzh": "樱桃帽子",
      "TWzh": "櫻桃帽子",
      "JPja": "さくらんぼのぼうし",
      "KRko": "체리 모자",
      "EUru": "шапка-вишня"
    }
  },
  {
    "id": 1125,
    "version": "1.0.0",
    "locale": {
      "USen": "peach hat",
      "EUen": "peach hat",
      "EUde": "Pfirsichhut",
      "EUes": "gorro melocotón",
      "USes": "gorro durazno",
      "EUfr": "chapeau pêche",
      "USfr": "chapeau pêche",
      "EUit": "berretto pesca",
      "EUnl": "perzikmuts",
      "CNzh": "桃子帽子",
      "TWzh": "桃子帽子",
      "JPja": "モモのぼうし",
      "KRko": "복숭아 모자",
      "EUru": "шапка-персик"
    }
  },
  {
    "id": 1131,
    "version": "1.0.0",
    "locale": {
      "USen": "Labelle cap",
      "EUen": "Labelle cap",
      "EUde": "Samthea-Mütze",
      "EUes": "gorra Trini",
      "USes": "gorra Trini",
      "EUfr": "casquette Maria",
      "USfr": "casquette Maria",
      "EUit": "berretto Bice",
      "EUnl": "Labelle-pet",
      "CNzh": "凯丝的棒球帽",
      "TWzh": "凱絲鴨舌帽",
      "JPja": "ケイトのキャップ",
      "KRko": "케이트의 야구 모자",
      "EUru": "кепка «Лэйблеск»"
    }
  },
  {
    "id": 1132,
    "version": "1.0.0",
    "locale": {
      "USen": "Labelle hat",
      "EUen": "Labelle hat",
      "EUde": "Samthea-Hut",
      "EUes": "pamela Trini",
      "USes": "sombrero Trini",
      "EUfr": "chapeau Maria",
      "USfr": "chapeau Maria",
      "EUit": "cappello Bice",
      "EUnl": "Labelle-hoed",
      "CNzh": "凯丝的帽子",
      "TWzh": "凱絲帽子",
      "JPja": "ケイトのぼうし",
      "KRko": "케이트의 모자",
      "EUru": "шляпа «Лэйблеск»"
    }
  },
  {
    "id": 1139,
    "version": "1.4.0",
    "locale": {
      "USen": "star bopper",
      "EUen": "star bopper",
      "EUde": "Leuchtsternreif",
      "EUes": "diadema estrellas",
      "USes": "diadema estrellas",
      "EUfr": "serre-tête étoiles",
      "USfr": "serre-tête étoiles",
      "EUit": "paio antenne stelle",
      "EUnl": "sterrenhoofdband",
      "CNzh": "发光星星头饰",
      "TWzh": "發光星星頭飾",
      "JPja": "ひかるスターアクセサリー",
      "KRko": "빛나는 별 액세서리",
      "EUru": "звездный ободок"
    }
  },
  {
    "id": 1142,
    "version": "1.0.0",
    "locale": {
      "USen": "Nook Inc. cap",
      "EUen": "Nook Inc. cap",
      "EUde": "Nook-Inc.-Kappe",
      "EUes": "gorra de Nook Inc.",
      "USes": "gorra de Nook Inc.",
      "EUfr": "casquette Nook Inc.",
      "USfr": "casquette Nook Inc.",
      "EUit": "cappello Nook Inc.",
      "EUnl": "Nook Inc.-pet",
      "CNzh": "Nook Inc.帽子",
      "TWzh": "Nook Inc.帽",
      "JPja": "たぬきかいはつキャップ",
      "KRko": "Nook Inc. 야구 모자",
      "EUru": "кепка Nook Inc."
    }
  },
  {
    "id": 1143,
    "version": "1.0.0",
    "locale": {
      "USen": "Nook Inc. bandanna",
      "EUen": "Nook Inc. bandanna",
      "EUde": "Nook-Inc.-Kopftuch",
      "EUes": "pañuelo de Nook Inc.",
      "USes": "pañuelo de Nook Inc.",
      "EUfr": "bandana Nook Inc.",
      "USfr": "bandana Nook Inc.",
      "EUit": "bandana Nook Inc.",
      "EUnl": "Nook Inc.-bandana",
      "CNzh": "Nook Inc.头巾",
      "TWzh": "Nook Inc.頭巾",
      "JPja": "たぬきかいはつバンダナ",
      "KRko": "Nook Inc. 반다나",
      "EUru": "бандана Nook Inc."
    }
  },
  {
    "id": 1147,
    "version": "1.0.0",
    "locale": {
      "USen": "rain hat",
      "EUen": "rain hat",
      "EUde": "Regen-Schülerhut",
      "EUes": "gorro impermeable",
      "USes": "gorro impermeable",
      "EUfr": "chapeau de pluie",
      "USfr": "chapeau de pluie",
      "EUit": "cappello da pioggia",
      "EUnl": "regenhoed",
      "CNzh": "雨帽",
      "TWzh": "雨衣帽",
      "JPja": "レインハット",
      "KRko": "우비 모자",
      "EUru": "дождевая шапка"
    }
  },
  {
    "id": 1153,
    "version": "1.0.0",
    "locale": {
      "USen": "tropical hat",
      "EUen": "tropical hat",
      "EUde": "Ananas-Outdoor-Hut",
      "EUes": "sombrero aloha piñas",
      "USes": "sombrero aloha piñas",
      "EUfr": "chapeau tropical",
      "USfr": "chapeau tropical",
      "EUit": "cappello tropicale",
      "EUnl": "ananas-hawaïhoed",
      "CNzh": "凤梨图案户外帽",
      "TWzh": "鳳梨圖案戶外帽",
      "JPja": "パインがらアウトドアハット",
      "KRko": "파인애플 아웃도어 모자",
      "EUru": "тропическая шляпа"
    }
  },
  {
    "id": 1163,
    "version": "1.0.0",
    "locale": {
      "USen": "tubeteika",
      "EUen": "tubeteika",
      "EUde": "Tjubetejka",
      "EUes": "tubeteika",
      "USes": "tubeteika",
      "EUfr": "tubeteika",
      "USfr": "tubeteika",
      "EUit": "tubeteika",
      "EUnl": "tubeteka",
      "CNzh": "乌兹别克帽",
      "TWzh": "烏茲別克帽子",
      "JPja": "ウズベクなぼうし",
      "KRko": "우즈베키스탄풍 모자",
      "EUru": "тюбетейка"
    }
  },
  {
    "id": 1164,
    "version": "1.0.0",
    "locale": {
      "USen": "matanpushi",
      "EUen": "matanpushi",
      "EUde": "Matanpushi",
      "EUes": "matanpushi",
      "USes": "matanpushi",
      "EUfr": "matanpushi",
      "USfr": "matanpushi",
      "EUit": "matanpushi",
      "EUnl": "matanpushi",
      "CNzh": "阿伊努头巾",
      "TWzh": "阿伊努族頭巾",
      "JPja": "マタンプシ",
      "KRko": "아이누족 두건",
      "EUru": "повязка айнов"
    }
  },
  {
    "id": 1186,
    "version": "1.0.0",
    "locale": {
      "USen": "DAL cap",
      "EUen": "DAL cap",
      "EUde": "DAL-Kappe",
      "EUes": "gorra de DAL",
      "USes": "gorra de DAL",
      "EUfr": "casquette Dodo Airlines",
      "USfr": "casquette Dodo Airlines",
      "EUit": "cappello DAL",
      "EUnl": "DAL-pet",
      "CNzh": "DAL帽子",
      "TWzh": "DAL帽",
      "JPja": "ＤＡＬキャップ",
      "KRko": "DAL 야구 모자",
      "EUru": "кепка DAL"
    }
  },
  {
    "id": 1192,
    "version": "1.1.0",
    "locale": {
      "USen": "OK Motors cap",
      "EUen": "OK Motors cap",
      "EUde": "OK-Motors-Mütze",
      "EUes": "gorra de OK Motors",
      "USes": "gorra de OK Motors",
      "EUfr": "casquette OK Motors",
      "USfr": "casquette OK Motors",
      "EUit": "cappello OK Motors",
      "EUnl": "OK Motors-pet",
      "CNzh": "OK车业帽",
      "TWzh": "OK車業帽",
      "JPja": "OKモータースのキャップ",
      "KRko": "OK 모터즈 캡",
      "EUru": "кепка OK Motors"
    }
  },
  {
    "id": 1195,
    "version": "1.1.0",
    "locale": {
      "USen": "earth-egg shell",
      "EUen": "earth-egg shell",
      "EUde": "Erd-Eierschale",
      "EUes": "cáscara de huevo terrestre",
      "USes": "cáscara de huevo terrestre",
      "EUfr": "coquille d'œuf terrestre",
      "USfr": "coquille d'œuf terrestre",
      "EUit": "guscio d'uovo terrestre",
      "EUnl": "aarde-eierschaal",
      "CNzh": "地面蛋壳",
      "TWzh": "地面蛋殼",
      "JPja": "じめんのたまごのから",
      "KRko": "땅 달걀 껍질",
      "EUru": "скорлупа земляного яйца"
    }
  },
  {
    "id": 1196,
    "version": "1.1.0",
    "locale": {
      "USen": "stone-egg shell",
      "EUen": "stone-egg shell",
      "EUde": "Fels-Eierschale",
      "EUes": "cáscara de huevo rupestre",
      "USes": "cáscara de huevo rupestre",
      "EUfr": "coquille d'œuf minéral",
      "USfr": "coquille d'œuf minéral",
      "EUit": "guscio d'uovo roccioso",
      "EUnl": "steeneierschaal",
      "CNzh": "岩石蛋壳",
      "TWzh": "岩石蛋殼",
      "JPja": "いわのたまごのから",
      "KRko": "바위 달걀 껍질",
      "EUru": "скорлупа каменного яйца"
    }
  },
  {
    "id": 1197,
    "version": "1.1.0",
    "locale": {
      "USen": "leaf-egg shell",
      "EUen": "leaf-egg shell",
      "EUde": "Laub-Eierschale",
      "EUes": "cáscara de huevo boscoso",
      "USes": "cáscara de huevo boscoso",
      "EUfr": "coquille d'œuf feuillu",
      "USfr": "coquille d'œuf feuillu",
      "EUit": "guscio d'uovo frondoso",
      "EUnl": "bladeierschaal",
      "CNzh": "叶子蛋壳",
      "TWzh": "葉子蛋殼",
      "JPja": "はっぱのたまごのから",
      "KRko": "나뭇잎 달걀 껍질",
      "EUru": "скорлупа листвен. яйца"
    }
  },
  {
    "id": 1198,
    "version": "1.1.0",
    "locale": {
      "USen": "wood-egg shell",
      "EUen": "wood-egg shell",
      "EUde": "Holz-Eierschale",
      "EUes": "cáscara de huevo leñoso",
      "USes": "cáscara de huevo leñoso",
      "EUfr": "coquille d'œuf boisé",
      "USfr": "coquille d'œuf boisé",
      "EUit": "guscio d'uovo boscoso",
      "EUnl": "houteierschaal",
      "CNzh": "森林蛋壳",
      "TWzh": "森林蛋殼",
      "JPja": "ウッディなたまごのから",
      "KRko": "나무 달걀 껍질",
      "EUru": "скорлупа лесного яйца"
    }
  },
  {
    "id": 1199,
    "version": "1.1.0",
    "locale": {
      "USen": "sky-egg shell",
      "EUen": "sky-egg shell",
      "EUde": "Luft-Eierschale",
      "EUes": "cáscara de huevo celeste",
      "USes": "cáscara de huevo celeste",
      "EUfr": "coquille d'œuf aérien",
      "USfr": "coquille d'œuf aérien",
      "EUit": "guscio d'uovo celeste",
      "EUnl": "luchteierschaal",
      "CNzh": "飞天蛋壳",
      "TWzh": "飛天蛋殼",
      "JPja": "そらとぶたまごのから",
      "KRko": "하늘을 나는 달걀 껍질",
      "EUru": "скорлупа небесного яйца"
    }
  },
  {
    "id": 1200,
    "version": "1.0.0",
    "locale": {
      "USen": "water-egg shell",
      "EUen": "water-egg shell",
      "EUde": "Wasser-Eierschale",
      "EUes": "cáscara de huevo acuático",
      "USes": "cáscara de huevo acuático",
      "EUfr": "coquille d'œuf aquatique",
      "USfr": "coquille d'œuf aquatique",
      "EUit": "guscio d'uovo acquatico",
      "EUnl": "watereierschaal",
      "CNzh": "鱼儿蛋壳",
      "TWzh": "魚兒蛋殼",
      "JPja": "サカナのたまごのから",
      "KRko": "물고기 달걀 껍질",
      "EUru": "скорлупа водяного яйца"
    }
  },
  {
    "id": 1201,
    "version": "1.1.0",
    "locale": {
      "USen": "Bunny Day crown",
      "EUen": "Bunny Day crown",
      "EUde": "Häschentag-Krone",
      "EUes": "guirnalda Caza del Huevo",
      "USes": "tiara Caza del Huevo",
      "EUfr": "coiffe fête des œufs",
      "USfr": "coiffe fête des œufs",
      "EUit": "corona caccia all'uovo",
      "EUnl": "eierkroon",
      "CNzh": "复活节花冠",
      "TWzh": "復活節花冠",
      "JPja": "イースターなかんむり",
      "KRko": "이스터 화관",
      "EUru": "корона на День зайцев"
    }
  },
  {
    "id": 1202,
    "version": "1.1.0",
    "locale": {
      "USen": "egg party hat",
      "EUen": "egg party hat",
      "EUde": "Glücksei-Partyhut",
      "EUes": "sombrero de fiesta huevo",
      "USes": "sombrero de fiesta huevo",
      "EUfr": "chapeau festif œuf",
      "USfr": "chapeau festif œuf",
      "EUit": "cappello uova da sera",
      "EUnl": "eierfeesthoed",
      "CNzh": "蛋派对帽",
      "TWzh": "蛋派對帽",
      "JPja": "たまごのパーティーハット",
      "KRko": "달걀 파티 모자",
      "EUru": "шляпка на День зайцев"
    }
  },
  {
    "id": 1221,
    "version": "1.2.0",
    "locale": {
      "USen": "handmade crown",
      "EUen": "handmade crown",
      "EUde": "Bastelkrone",
      "EUes": "corona hecha a mano",
      "USes": "corona hecha a mano",
      "EUfr": "coiffe bricolée",
      "USfr": "coiffe bricolée",
      "EUit": "corona fatta a mano",
      "EUnl": "knutselkroon",
      "CNzh": "手工王冠",
      "TWzh": "手作王冠",
      "JPja": "てづくりのおうかん",
      "KRko": "수제 왕관",
      "EUru": "самодельная корона"
    }
  },
  {
    "id": 1222,
    "version": "1.2.0",
    "locale": {
      "USen": "summer-solstice crown",
      "EUen": "summer-solstice crown",
      "EUde": "Sommersonnenwendekrone",
      "EUes": "corona de girasoles",
      "USes": "tiara de girasoles",
      "EUfr": "coiffe solstice d'été",
      "USfr": "coiffe solstice d'été",
      "EUit": "corona solstizio d'estate",
      "EUnl": "midzomerbloemenkroon",
      "CNzh": "夏至花冠",
      "TWzh": "夏至花冠",
      "JPja": "げしさいのはなかんむり",
      "KRko": "하지 화관",
      "EUru": "корона к Празднику лета"
    }
  },
  {
    "id": 1224,
    "version": "1.3.0",
    "locale": {
      "USen": "mermaid tiara",
      "EUen": "mermaid tiara",
      "EUde": "Nixen-Diadem",
      "EUes": "tiara de sirena",
      "USes": "tiara de sirena",
      "EUfr": "tiare de sirène",
      "USfr": "tiare de sirène",
      "EUit": "tiara sirena",
      "EUnl": "meerminnentiara",
      "CNzh": "人鱼头冠",
      "TWzh": "人魚頭冠",
      "JPja": "マーメイドなティアラ",
      "KRko": "머메이드 티아라",
      "EUru": "диадема русалки"
    }
  },
  {
    "id": 1229,
    "version": "1.3.0",
    "locale": {
      "USen": "pirate bandanna",
      "EUen": "pirate bandanna",
      "EUde": "Piratenkopftuch",
      "EUes": "pañuelo de pirata",
      "USes": "pañuelo de pirata",
      "EUfr": "bandeau de pirate",
      "USfr": "bandeau de pirate",
      "EUit": "bandana da pirata",
      "EUnl": "piratenbandana",
      "CNzh": "海盗头巾",
      "TWzh": "海盜頭巾",
      "JPja": "かいぞくのバンダナ",
      "KRko": "해적 반다나",
      "EUru": "пиратская бандана"
    }
  },
  {
    "id": 1255,
    "version": "1.3.0",
    "locale": {
      "USen": "pirate-treasure crown",
      "EUen": "pirate-treasure crown",
      "EUde": "Piratenschatzkrone",
      "EUes": "corona del tesoro pirata",
      "USes": "corona del tesoro pirata",
      "EUfr": "coiffe de butin pirate",
      "USfr": "coiffe de butin pirate",
      "EUit": "corona tesoro pirata",
      "EUnl": "piratenkroon",
      "CNzh": "海盗宝物王冠",
      "TWzh": "海盜寶物王冠",
      "JPja": "かいぞくのおたからおうかん",
      "KRko": "호화로운 해적 왕관",
      "EUru": "пиратская корона"
    }
  },
  {
    "id": 1267,
    "version": "1.5.0",
    "locale": {
      "USen": "mage's striped hat",
      "EUen": "mage's striped hat",
      "EUde": "Streifen-Zauberhut",
      "EUes": "sombrero hechicería rayas",
      "USes": "sombrero hechicería rayas",
      "EUfr": "chapeau de mage rayé",
      "USfr": "chapeau de mage rayé",
      "EUit": "capp. stregonesco a strisce",
      "EUnl": "gestreepte heksenhoed",
      "CNzh": "魔法师条纹帽",
      "TWzh": "魔法師條紋帽",
      "JPja": "まほうつかいのストライプぼう",
      "KRko": "줄무늬 마법사 모자",
      "EUru": "колпак мага в полоску"
    }
  },
  {
    "id": 1272,
    "version": "1.5.0",
    "locale": {
      "USen": "impish horns",
      "EUen": "impish horns",
      "EUde": "Dämonenhornreif",
      "EUes": "par de cuernos de diablillo",
      "USes": "par de cuernos de diablito",
      "EUfr": "coiffe cornes de diablotin",
      "USfr": "coiffe cornes de diablotin",
      "EUit": "cappello corna diavoletto",
      "EUnl": "duivelse hoorntjes",
      "CNzh": "小恶魔角",
      "TWzh": "小惡魔角",
      "JPja": "こあくまなツノ",
      "KRko": "꼬마 악마 뿔",
      "EUru": "рожки бесенка"
    }
  },
  {
    "id": 1273,
    "version": "1.5.0",
    "locale": {
      "USen": "flashy pointy-ear animal hat",
      "EUen": "flashy pointy-ear animal hat",
      "EUde": "Spitzohren-Tierhut",
      "EUes": "gorro orejas puntiagudas",
      "USes": "gorro orejas puntiagudas",
      "EUfr": "coiffe oreill. triangle flashy",
      "USfr": "coiffe oreill. triangle flashy",
      "EUit": "cappello orecchie a punta",
      "EUnl": "puntige-dierenorenmuts",
      "CNzh": "鲜艳动物三角耳朵帽",
      "TWzh": "鮮豔動物三角耳朵帽",
      "JPja": "ハデなアニマルさんかくみみぼう",
      "KRko": "화려한 삼각 동물 귀 모자",
      "EUru": "броская остроухая шапка"
    }
  },
  {
    "id": 1274,
    "version": "1.5.0",
    "locale": {
      "USen": "flashy round-ear animal hat",
      "EUen": "flashy round-ear animal hat",
      "EUde": "Rundohren-Tierhut",
      "EUes": "gorro orejas redondeadas",
      "USes": "gorro orejas redondeadas",
      "EUfr": "coiffe oreilles rondes flashy",
      "USfr": "coiffe oreilles rondes flashy",
      "EUit": "cappello orecchie tonde",
      "EUnl": "ronde-dierenorenmuts",
      "CNzh": "鲜艳动物圆耳朵帽",
      "TWzh": "鮮豔動物圓耳朵帽",
      "JPja": "ハデなアニマルまるみみぼう",
      "KRko": "화려한 동글 동물 귀 모자",
      "EUru": "броская круглоух. шапка"
    }
  }
]
