[
  {
    "id": "FishToy_06929",
    "version": "1.0.0",
    "locale": {
      "USen": "crucian carp model",
      "EUen": "crucian carp model",
      "EUde": "Karauschenmodell",
      "EUes": "figura de carpín",
      "USes": "figura de carpín",
      "EUfr": "modèle de carassin",
      "USfr": "modèle de carassin",
      "EUit": "replica di carassio",
      "EUnl": "modelkroeskarper",
      "CNzh": "鲫鱼模型",
      "TWzh": "鯽魚模型",
      "JPja": "フナのもけい",
      "KRko": "붕어 모형",
      "EUru": "модель карася"
    }
  },
  {
    "id": "FishToy_06930",
    "version": "1.0.0",
    "locale": {
      "USen": "goldfish model",
      "EUen": "goldfish model",
      "EUde": "Goldfischmodell",
      "EUes": "figura de pez dorado",
      "USes": "figura de pez dorado",
      "EUfr": "modèle de poisson rouge",
      "USfr": "modèle de poisson rouge",
      "EUit": "replica di pesce rosso",
      "EUnl": "modelgoudvis",
      "CNzh": "金鱼模型",
      "TWzh": "金魚模型",
      "JPja": "キンギョのもけい",
      "KRko": "금붕어 모형",
      "EUru": "модель золотой рыбки"
    }
  },
  {
    "id": "FishToy_06931",
    "version": "1.0.0",
    "locale": {
      "USen": "bitterling model",
      "EUen": "bitterling model",
      "EUde": "Bitterlingsmodell",
      "EUes": "figura de amarguillo",
      "USes": "figura de amarguillo",
      "EUfr": "modèle de bouvière",
      "USfr": "modèle de bouvière",
      "EUit": "replica di rodeo",
      "EUnl": "modelbittervoorn",
      "CNzh": "红目鲫模型",
      "TWzh": "紅目鯽模型",
      "JPja": "タナゴのもけい",
      "KRko": "납줄개 모형",
      "EUru": "модель горчака"
    }
  },
  {
    "id": "FishToy_06932",
    "version": "1.0.0",
    "locale": {
      "USen": "horse mackerel model",
      "EUen": "horse mackerel model",
      "EUde": "Makrelenmodell",
      "EUes": "figura de jurel",
      "USes": "figura de jurel",
      "EUfr": "modèle de chinchard",
      "USfr": "modèle de chinchard",
      "EUit": "replica di sgombro",
      "EUnl": "modelhorsmakreel",
      "CNzh": "竹荚鱼模型",
      "TWzh": "竹筴魚模型",
      "JPja": "アジのもけい",
      "KRko": "전갱이 모형",
      "EUru": "модель ставриды"
    }
  },
  {
    "id": "FishToy_06933",
    "version": "1.0.0",
    "locale": {
      "USen": "angelfish model",
      "EUen": "angelfish model",
      "EUde": "Skalarmodell",
      "EUes": "figura de pez ángel",
      "USes": "figura de pez ángel",
      "EUfr": "modèle de poisson-ange",
      "USfr": "modèle de poisson-ange",
      "EUit": "replica di pesce angelo",
      "EUnl": "modelmaanvis",
      "CNzh": "神仙鱼模型",
      "TWzh": "神仙魚模型",
      "JPja": "エンゼルフィッシュのもけい",
      "KRko": "천사어 모형",
      "EUru": "модель скалярии"
    }
  },
  {
    "id": "FishToy_06935",
    "version": "1.0.0",
    "locale": {
      "USen": "arowana model",
      "EUen": "arowana model",
      "EUde": "Arowanamodell",
      "EUes": "figura de arowana",
      "USes": "figura de arowana",
      "EUfr": "modèle d'arowana",
      "USfr": "modèle d'arowana",
      "EUit": "replica di arowana",
      "EUnl": "modelarowana",
      "CNzh": "骨舌鱼模型",
      "TWzh": "骨舌魚模型",
      "JPja": "アロワナのもけい",
      "KRko": "아로와나 모형",
      "EUru": "модель араваны"
    }
  },
  {
    "id": "FishToy_06936",
    "version": "1.0.0",
    "locale": {
      "USen": "sweetfish model",
      "EUen": "sweetfish model",
      "EUde": "Ayumodell",
      "EUes": "figura de ayu",
      "USes": "figura de ayu",
      "EUfr": "modèle d'ayu",
      "USfr": "modèle d'ayu",
      "EUit": "replica di ayu",
      "EUnl": "model-ayu",
      "CNzh": "香鱼模型",
      "TWzh": "香魚模型",
      "JPja": "アユのもけい",
      "KRko": "은어 모형",
      "EUru": "модель айю"
    }
  },
  {
    "id": "FishToy_06937",
    "version": "1.0.0",
    "locale": {
      "USen": "betta model",
      "EUen": "betta model",
      "EUde": "Kampffischmodell",
      "EUes": "figura de betta",
      "USes": "figura de betta",
      "EUfr": "modèle de combattant",
      "USfr": "modèle de combattant",
      "EUit": "replica di betta",
      "EUnl": "model-Siamese-kempvis",
      "CNzh": "斗鱼模型",
      "TWzh": "鬥魚模型",
      "JPja": "ベタのもけい",
      "KRko": "베타 모형",
      "EUru": "модель сиамского петушка"
    }
  },
  {
    "id": "FishToy_06938",
    "version": "1.0.0",
    "locale": {
      "USen": "black bass model",
      "EUen": "black bass model",
      "EUde": "Barschmodell",
      "EUes": "figura de perca",
      "USes": "figura de perca",
      "EUfr": "modèle de bar",
      "USfr": "modèle de bar",
      "EUit": "replica di boccalone",
      "EUnl": "modelforelbaars",
      "CNzh": "黑鲈鱼模型",
      "TWzh": "黑鱸魚模型",
      "JPja": "ブラックバスのもけい",
      "KRko": "큰입배스 모형",
      "EUru": "модель большерот. окуня"
    }
  },
  {
    "id": "FishToy_06939",
    "version": "1.0.0",
    "locale": {
      "USen": "bluegill model",
      "EUen": "bluegill model",
      "EUde": "Sonnenbarschmodell",
      "EUes": "figura de pez sol",
      "USes": "figura de pez sol",
      "EUfr": "modèle de crapet",
      "USfr": "modèle de crapet",
      "EUit": "replica di pesce persico",
      "EUnl": "modelzonnebaars",
      "CNzh": "蓝腮太阳鱼模型",
      "TWzh": "藍鰓太陽魚模型",
      "JPja": "ブルーギルのもけい",
      "KRko": "블루길 모형",
      "EUru": "модель солнечника"
    }
  },
  {
    "id": "FishToy_06940",
    "version": "1.0.0",
    "locale": {
      "USen": "football fish model",
      "EUen": "football fish model",
      "EUde": "Anglerfischmodell",
      "EUes": "figura de pez balón",
      "USes": "figura de pez balón",
      "EUfr": "modèle de poisson lanterne",
      "USfr": "modèle de poisson-lanterne",
      "EUit": "replica di pesce abissale",
      "EUnl": "modelvoetbalvis",
      "CNzh": "灯笼鱼模型",
      "TWzh": "燈籠魚模型",
      "JPja": "チョウチンアンコウのもけい",
      "KRko": "초롱아귀 모형",
      "EUru": "модель гимантолофа"
    }
  },
  {
    "id": "FishToy_06941",
    "version": "1.0.0",
    "locale": {
      "USen": "butterfly fish model",
      "EUen": "butterfly fish model",
      "EUde": "Falterfischmodell",
      "EUes": "figura de pez mariposa",
      "USes": "figura de pez mariposa",
      "EUfr": "modèle de poisson-papillon",
      "USfr": "modèle de poisson-papillon",
      "EUit": "replica di pesce farfalla",
      "EUnl": "modelkoraalvlinder",
      "CNzh": "耳带蝴蝶鱼模型",
      "TWzh": "耳帶蝴蝶魚模型",
      "JPja": "チョウチョウウオのもけい",
      "KRko": "나비고기 모형",
      "EUru": "модель рыбы-бабочки"
    }
  },
  {
    "id": "FishToy_06942",
    "version": "1.0.0",
    "locale": {
      "USen": "pop-eyed goldfish model",
      "EUen": "pop-eyed goldfish model",
      "EUde": "Teleskopaugenmodell",
      "EUes": "figura de pez telescopio",
      "USes": "figura de pez telescopio",
      "EUfr": "modèle de cyprin doré",
      "USfr": "modèle de cyprin doré",
      "EUit": "replica di pesce telescopio",
      "EUnl": "modeltelescoopooggoudvis",
      "CNzh": "龙睛金鱼模型",
      "TWzh": "龍睛金魚模型",
      "JPja": "デメキンのもけい",
      "KRko": "툭눈금붕어 모형",
      "EUru": "модель рыбы-телескопа"
    }
  },
  {
    "id": "FishToy_06943",
    "version": "1.0.0",
    "locale": {
      "USen": "barreleye model",
      "EUen": "barreleye model",
      "EUde": "Glaskopffischmodell",
      "EUes": "figura pez cab. transparente",
      "USes": "figura pez cab. transparente",
      "EUfr": "modèle de macropinna",
      "USfr": "modèle de revenant",
      "EUit": "replica di macropinna",
      "EUnl": "modelhemelkijker",
      "CNzh": "太平洋桶眼鱼模型",
      "TWzh": "太平洋桶眼魚模型",
      "JPja": "デメニギスのもけい",
      "KRko": "데메니기스 모형",
      "EUru": "модель опистопрокта"
    }
  },
  {
    "id": "FishToy_06944",
    "version": "1.0.0",
    "locale": {
      "USen": "loach model",
      "EUen": "loach model",
      "EUde": "Bachschmerlenmodell",
      "EUes": "figura de locha",
      "USes": "figura de locha",
      "EUfr": "modèle de loche d'étang",
      "USfr": "modèle de loche d'étang",
      "EUit": "replica di cobite",
      "EUnl": "modelmodderkruiper",
      "CNzh": "泥鳅模型",
      "TWzh": "泥鰍模型",
      "JPja": "ドジョウのもけい",
      "KRko": "미꾸라지 모형",
      "EUru": "модель вьюна"
    }
  },
  {
    "id": "FishToy_06945",
    "version": "1.0.0",
    "locale": {
      "USen": "nibble fish model",
      "EUen": "nibble fish model",
      "EUde": "Saugbarbenmodell",
      "EUes": "figura de pez doctor",
      "USes": "figura de pez doctor",
      "EUfr": "modèle de poisson docteur",
      "USfr": "modèle de poisson docteur",
      "EUit": "replica di garra rufa",
      "EUnl": "modelknabbelvisje",
      "CNzh": "温泉医生鱼模型",
      "TWzh": "溫泉醫生魚模型",
      "JPja": "ドクターフィッシュのもけい",
      "KRko": "닥터피시 모형",
      "EUru": "модель рыбы-доктора"
    }
  },
  {
    "id": "FishToy_06946",
    "version": "1.0.0",
    "locale": {
      "USen": "freshwater goby model",
      "EUen": "freshwater goby model",
      "EUde": "Flussgrundelmodell",
      "EUes": "figura de gobio de río",
      "USes": "figura de gobio de río",
      "EUfr": "modèle de gobie",
      "USfr": "modèle de gobie",
      "EUit": "replica di ghiozzo",
      "EUnl": "modelzoetwatergrondel",
      "CNzh": "塘鳢鱼模型",
      "TWzh": "塘鱧魚模型",
      "JPja": "ドンコのもけい",
      "KRko": "동사리 모형",
      "EUru": "модель одонтобутиса"
    }
  },
  {
    "id": "FishToy_06949",
    "version": "1.0.0",
    "locale": {
      "USen": "ray model",
      "EUen": "ray model",
      "EUde": "Rochenmodell",
      "EUes": "figura de raya",
      "USes": "figura de raya",
      "EUfr": "modèle de raie",
      "USfr": "modèle de raie",
      "EUit": "replica di razza",
      "EUnl": "modelrog",
      "CNzh": "鳐鱼模型",
      "TWzh": "魟魚模型",
      "JPja": "エイのもけい",
      "KRko": "가오리 모형",
      "EUru": "модель красн. хвостокола"
    }
  },
  {
    "id": "FishToy_06950",
    "version": "1.0.0",
    "locale": {
      "USen": "saddled bichir model",
      "EUen": "saddled bichir model",
      "EUde": "Flösselhechtmodell",
      "EUes": "figura de bichir ensillado",
      "USes": "figura de bichir ensillado",
      "EUfr": "modèle de bichir",
      "USfr": "modèle de bichir",
      "EUit": "replica di polipteride",
      "EUnl": "modelkwastsnoek",
      "CNzh": "恩氏多鳍鱼模型",
      "TWzh": "恩氏多鰭魚模型",
      "JPja": "エンドリケリーのもけい",
      "KRko": "엔드리케리 모형",
      "EUru": "модель многопера Эндлих."
    }
  },
  {
    "id": "FishToy_06951",
    "version": "1.0.0",
    "locale": {
      "USen": "blowfish model",
      "EUen": "blowfish model",
      "EUde": "Kugelfischmodell",
      "EUes": "figura de pez globo",
      "USes": "figura de pez globo",
      "EUfr": "modèle de poisson-ballon",
      "USfr": "modèle de poisson-globe",
      "EUit": "replica di pesce palla",
      "EUnl": "modelkogelvis",
      "CNzh": "河豚模型",
      "TWzh": "河豚模型",
      "JPja": "フグのもけい",
      "KRko": "복어 모형",
      "EUru": "модель бурого скалозуба"
    }
  },
  {
    "id": "FishToy_06952",
    "version": "1.0.0",
    "locale": {
      "USen": "gar model",
      "EUen": "gar model",
      "EUde": "Knochenhechtmodell",
      "EUes": "figura de pez caimán",
      "USes": "figura de pez caimán",
      "EUfr": "modèle de gar",
      "USfr": "modèle de gar",
      "EUit": "replica di luccio",
      "EUnl": "modelkaaimansnoek",
      "CNzh": "雀鳝模型",
      "TWzh": "雀鱔模型",
      "JPja": "ガーのもけい",
      "KRko": "가아 모형",
      "EUru": "модель панцирной щуки"
    }
  },
  {
    "id": "FishToy_06953",
    "version": "1.0.0",
    "locale": {
      "USen": "golden trout model",
      "EUen": "golden trout model",
      "EUde": "Goldforellenmodell",
      "EUes": "figura de trucha dorada",
      "USes": "figura de trucha dorada",
      "EUfr": "modèle de truite dorée",
      "USfr": "modèle de truite dorée",
      "EUit": "replica di trota dorata",
      "EUnl": "modelgoudforel",
      "CNzh": "金鳟模型",
      "TWzh": "金鱒模型",
      "JPja": "ゴールデントラウトのもけい",
      "KRko": "금송어 모형",
      "EUru": "модель золотой форели"
    }
  },
  {
    "id": "FishToy_06954",
    "version": "1.0.0",
    "locale": {
      "USen": "guppy model",
      "EUen": "guppy model",
      "EUde": "Guppymodell",
      "EUes": "figura de gupi",
      "USes": "figura de gupi",
      "EUfr": "modèle de guppy",
      "USfr": "modèle de guppy",
      "EUit": "replica di guppy",
      "EUnl": "modelguppy",
      "CNzh": "孔雀鱼模型",
      "TWzh": "孔雀魚模型",
      "JPja": "グッピーのもけい",
      "KRko": "구피 모형",
      "EUru": "модель гуппи"
    }
  },
  {
    "id": "FishToy_06955",
    "version": "1.0.0",
    "locale": {
      "USen": "ribbon eel model",
      "EUen": "ribbon eel model",
      "EUde": "Nasenmuränenmodell",
      "EUes": "figura de anguila listón azul",
      "USes": "figura de anguila listón azul",
      "EUfr": "modèle de murène ruban",
      "USfr": "mod. murène ruban bleue",
      "EUit": "replica di murena a nastro",
      "EUnl": "modellintmurene",
      "CNzh": "五彩鳗模型",
      "TWzh": "五彩鰻模型",
      "JPja": "ハナヒゲウツボのもけい",
      "KRko": "리본장어 모형",
      "EUru": "модель носатой мурены"
    }
  },
  {
    "id": "FishToy_06956",
    "version": "1.0.0",
    "locale": {
      "USen": "puffer fish model",
      "EUen": "puffer fish model",
      "EUde": "Igelfischmodell",
      "EUes": "figura de pez erizo",
      "USes": "figura de pez erizo",
      "EUfr": "modèle poisson-porc-épic",
      "USfr": "modèle poisson-porc-épic",
      "EUit": "replica di pesce istrice",
      "EUnl": "modelegelvis",
      "CNzh": "刺豚模型",
      "TWzh": "刺河豚模型",
      "JPja": "ハリセンボンのもけい",
      "KRko": "가시복 모형",
      "EUru": "модель ежа-рыбы"
    }
  },
  {
    "id": "FishToy_06957",
    "version": "1.0.0",
    "locale": {
      "USen": "olive flounder model",
      "EUen": "olive flounder model",
      "EUde": "Flundermodell",
      "EUes": "figura de rodaballo",
      "USes": "figura de rodaballo",
      "EUfr": "modèle de cardeau",
      "USfr": "modèle de cardeau",
      "EUit": "replica di sogliola",
      "EUnl": "modelbot",
      "CNzh": "比目鱼模型",
      "TWzh": "比目魚模型",
      "JPja": "ヒラメのもけい",
      "KRko": "넙치 모형",
      "EUru": "модель ложного палтуса"
    }
  },
  {
    "id": "FishToy_06958",
    "version": "1.0.0",
    "locale": {
      "USen": "squid model",
      "EUen": "squid model",
      "EUde": "Kalmarmodell",
      "EUes": "figura de calamar",
      "USes": "figura de calamar",
      "EUfr": "modèle de calmar",
      "USfr": "modèle de calmar",
      "EUit": "replica di calamaro",
      "EUnl": "modelpijlinktvis",
      "CNzh": "鱿鱼模型",
      "TWzh": "魷魚模型",
      "JPja": "イカのもけい",
      "KRko": "오징어 모형",
      "EUru": "модель кальмара"
    }
  },
  {
    "id": "FishToy_06959",
    "version": "1.0.0",
    "locale": {
      "USen": "barred knifejaw model",
      "EUen": "barred knifejaw model",
      "EUde": "Schnabelbarschmodell",
      "EUes": "figura de dorada japonesa",
      "USes": "figura de dorada japonesa",
      "EUfr": "modèle de scarus",
      "USfr": "modèle de scarus",
      "EUit": "replica di ishidai",
      "EUnl": "modelkraaibek",
      "CNzh": "条石鲷模型",
      "TWzh": "條石鯛模型",
      "JPja": "イシダイのもけい",
      "KRko": "돌돔 모형",
      "EUru": "модель полосат. оплегната"
    }
  },
  {
    "id": "FishToy_06960",
    "version": "1.0.0",
    "locale": {
      "USen": "stringfish model",
      "EUen": "stringfish model",
      "EUde": "Huchenmodell",
      "EUes": "figura de taimén",
      "USes": "figura de taimén",
      "EUfr": "modèle de dai yu",
      "USfr": "modèle de dai yu",
      "EUit": "replica di taimen",
      "EUnl": "model-Donauzalm",
      "CNzh": "远东哲罗鱼模型",
      "TWzh": "遠東哲羅魚模型",
      "JPja": "イトウのもけい",
      "KRko": "일본연어 모형",
      "EUru": "модель тайменя"
    }
  },
  {
    "id": "FishToy_06961",
    "version": "1.0.0",
    "locale": {
      "USen": "whale shark model",
      "EUen": "whale shark model",
      "EUde": "Walhaimodell",
      "EUes": "figura de tiburón ballena",
      "USes": "figura de tiburón ballena",
      "EUfr": "modèle de requin-baleine",
      "USfr": "modèle de requin-baleine",
      "EUit": "replica di squalo balena",
      "EUnl": "modelwalvishaai",
      "CNzh": "鲸鲨模型",
      "TWzh": "鯨鯊模型",
      "JPja": "ジンベエザメのもけい",
      "KRko": "고래상어 모형",
      "EUru": "модель китовой акулы"
    }
  },
  {
    "id": "FishToy_06962",
    "version": "1.0.0",
    "locale": {
      "USen": "frog model",
      "EUen": "frog model",
      "EUde": "Froschmodell",
      "EUes": "figura de rana",
      "USes": "figura de rana",
      "EUfr": "modèle de grenouille",
      "USfr": "modèle de grenouille",
      "EUit": "replica di rana",
      "EUnl": "modelkikker",
      "CNzh": "青蛙模型",
      "TWzh": "青蛙模型",
      "JPja": "カエルのもけい",
      "KRko": "개구리 모형",
      "EUru": "модель лягушки"
    }
  },
  {
    "id": "FishToy_06963",
    "version": "1.0.0",
    "locale": {
      "USen": "blue marlin model",
      "EUen": "blue marlin model",
      "EUde": "Marlinmodell",
      "EUes": "figura de pez espada",
      "USes": "figura de pez espada",
      "EUfr": "modèle de marlin bleu",
      "USfr": "modèle de marlin bleu",
      "EUit": "replica di marlin blu",
      "EUnl": "model-blauwe-marlijn",
      "CNzh": "旗鱼模型",
      "TWzh": "旗魚模型",
      "JPja": "カジキのもけい",
      "KRko": "청새치 모형",
      "EUru": "модель голубого марлина"
    }
  },
  {
    "id": "FishToy_06964",
    "version": "1.0.0",
    "locale": {
      "USen": "snapping turtle model",
      "EUen": "snapping turtle model",
      "EUde": "Schnappschildkr.-Modell",
      "EUes": "figura tortuga mordedora",
      "USes": "figura tortuga mordedora",
      "EUfr": "modèle tortue serpentine",
      "USfr": "modèle tortue serpentine",
      "EUit": "repl. tartaruga azzannatrice",
      "EUnl": "modelbijtschildpad",
      "CNzh": "拟鳄龟模型",
      "TWzh": "擬鱷龜模型",
      "JPja": "カミツキガメのもけい",
      "KRko": "늑대거북 모형",
      "EUru": "модель кайман. черепахи"
    }
  },
  {
    "id": "FishToy_06965",
    "version": "1.0.0",
    "locale": {
      "USen": "dab model",
      "EUen": "dab model",
      "EUde": "Klieschenmodell",
      "EUes": "figura de gallo",
      "USes": "figura de gallo",
      "EUfr": "modèle de limande",
      "USfr": "modèle de limande",
      "EUit": "replica di platessa",
      "EUnl": "modelschar",
      "CNzh": "鲽鱼模型",
      "TWzh": "鰈魚模型",
      "JPja": "カレイのもけい",
      "KRko": "가자미 모형",
      "EUru": "модель камбалы"
    }
  },
  {
    "id": "FishToy_06978",
    "version": "1.0.0",
    "locale": {
      "USen": "king salmon model",
      "EUen": "king salmon model",
      "EUde": "Königslachsmodell",
      "EUes": "figura de salmón real",
      "USes": "figura de salmón real",
      "EUfr": "modèle de saumon roi",
      "USfr": "modèle de saumon royal",
      "EUit": "replica di salmone reale",
      "EUnl": "modelchinookzalm",
      "CNzh": "帝王鲑模型",
      "TWzh": "帝王鮭模型",
      "JPja": "キングサーモンのもけい",
      "KRko": "왕연어 모형",
      "EUru": "модель чавычи"
    }
  },
  {
    "id": "FishToy_06979",
    "version": "1.0.0",
    "locale": {
      "USen": "suckerfish model",
      "EUen": "suckerfish model",
      "EUde": "Schiffshaltermodell",
      "EUes": "figura de rémora",
      "USes": "figura de rémora",
      "EUfr": "modèle de rémora rayé",
      "USfr": "modèle de rémora rayé",
      "EUit": "replica di remora",
      "EUnl": "modelzuigvis",
      "CNzh": "吸盘鱼模型",
      "TWzh": "吸盤魚模型",
      "JPja": "コバンザメのもけい",
      "KRko": "빨판상어 모형",
      "EUru": "модель прилипалы"
    }
  },
  {
    "id": "FishToy_06980",
    "version": "1.0.0",
    "locale": {
      "USen": "carp model",
      "EUen": "carp model",
      "EUde": "Karpfenmodell",
      "EUes": "figura de carpa",
      "USes": "figura de carpa",
      "EUfr": "modèle de carpe",
      "USfr": "modèle de carpe",
      "EUit": "replica di carpa",
      "EUnl": "modelkarper",
      "CNzh": "鲤鱼模型",
      "TWzh": "鯉魚模型",
      "JPja": "コイのもけい",
      "KRko": "잉어 모형",
      "EUru": "модель сазана"
    }
  },
  {
    "id": "FishToy_06981",
    "version": "1.0.0",
    "locale": {
      "USen": "clown fish model",
      "EUen": "clown fish model",
      "EUde": "Anemonenfischmodell",
      "EUes": "figura de pez payaso",
      "USes": "figura de pez payaso",
      "EUfr": "modèle de poisson-clown",
      "USfr": "modèle de poisson-clown",
      "EUit": "replica di pesce pagliaccio",
      "EUnl": "modelclownvis",
      "CNzh": "小丑鱼模型",
      "TWzh": "小丑魚模型",
      "JPja": "クマノミのもけい",
      "KRko": "흰동가리 모형",
      "EUru": "модель рыбы-клоуна"
    }
  },
  {
    "id": "FishToy_06982",
    "version": "1.0.0",
    "locale": {
      "USen": "sea butterfly model",
      "EUen": "sea butterfly model",
      "EUde": "See-Engel-Modell",
      "EUes": "figura de mariposa marina",
      "USes": "figura de mariposa marina",
      "EUfr": "modèle de clione",
      "USfr": "modèle de papillon de mer",
      "EUit": "replica di cavolinia",
      "EUnl": "modelzeevlinder",
      "CNzh": "海天使模型",
      "TWzh": "海天使模型",
      "JPja": "クリオネのもけい",
      "KRko": "클리오네 모형",
      "EUru": "модель морского ангела"
    }
  },
  {
    "id": "FishToy_06983",
    "version": "1.0.0",
    "locale": {
      "USen": "tuna model",
      "EUen": "tuna model",
      "EUde": "Thunfischmodell",
      "EUes": "figura de atún",
      "USes": "figura de atún",
      "EUfr": "modèle de thon",
      "USfr": "modèle de thon",
      "EUit": "replica di tonno",
      "EUnl": "modeltonijn",
      "CNzh": "鲔鱼模型",
      "TWzh": "鮪魚模型",
      "JPja": "マグロのもけい",
      "KRko": "다랑어 모형",
      "EUru": "модель тунца"
    }
  },
  {
    "id": "FishToy_06984",
    "version": "1.0.0",
    "locale": {
      "USen": "ocean sunfish model",
      "EUen": "ocean sunfish model",
      "EUde": "Mondfischmodell",
      "EUes": "figura de pez luna",
      "USes": "figura de pez luna",
      "EUfr": "modèle de lune de mer",
      "USfr": "modèle de poisson-lune",
      "EUit": "replica di pesce luna",
      "EUnl": "modelklompvis",
      "CNzh": "翻车鱼模型",
      "TWzh": "翻車魚模型",
      "JPja": "マンボウのもけい",
      "KRko": "개복치 모형",
      "EUru": "модель луны-рыбы"
    }
  },
  {
    "id": "FishToy_06985",
    "version": "1.0.0",
    "locale": {
      "USen": "killifish model",
      "EUen": "killifish model",
      "EUde": "Killifischmodell",
      "EUes": "figura de killi",
      "USes": "figura de killi",
      "EUfr": "modèle de fondule barré",
      "USfr": "modèle de fondule barré",
      "EUit": "replica di killifish",
      "EUnl": "modelkillivis",
      "CNzh": "稻田鱼模型",
      "TWzh": "稻田魚模型",
      "JPja": "メダカのもけい",
      "KRko": "송사리 모형",
      "EUru": "модель оризии"
    }
  },
  {
    "id": "FishToy_06987",
    "version": "1.0.0",
    "locale": {
      "USen": "catfish model",
      "EUen": "catfish model",
      "EUde": "Katzenwelsmodell",
      "EUes": "figura de siluro",
      "USes": "figura de siluro",
      "EUfr": "modèle de silure",
      "USfr": "modèle de barbotte",
      "EUit": "replica di pesce gatto",
      "EUnl": "modelmeerval",
      "CNzh": "鲶鱼模型",
      "TWzh": "鯰魚模型",
      "JPja": "ナマズのもけい",
      "KRko": "메기 모형",
      "EUru": "модель сома"
    }
  },
  {
    "id": "FishToy_06988",
    "version": "1.0.0",
    "locale": {
      "USen": "surgeonfish model",
      "EUen": "surgeonfish model",
      "EUde": "Paletten-Doktorf.-Modell",
      "EUes": "figura de pez cirujano",
      "USes": "figura de pez cirujano",
      "EUfr": "modèle poisson chirurgien",
      "USfr": "modèle poisson-chirurgien",
      "EUit": "replica di pesce chirurgo",
      "EUnl": "modeldoktersvis",
      "CNzh": "拟刺尾鲷模型",
      "TWzh": "擬刺尾鯛模型",
      "JPja": "ナンヨウハギのもけい",
      "KRko": "블루탱 모형",
      "EUru": "модель флагового хирурга"
    }
  },
  {
    "id": "FishToy_06989",
    "version": "1.0.0",
    "locale": {
      "USen": "Napoleonfish model",
      "EUen": "Napoleonfish model",
      "EUde": "Napolenfischmodell",
      "EUes": "figura de pez napoleón",
      "USes": "figura de pez napoleón",
      "EUfr": "modèle de napoléon",
      "USfr": "modèle de napoléon",
      "EUit": "replica di pesce napoleone",
      "EUnl": "modelnapoleonvis",
      "CNzh": "苏眉鱼模型",
      "TWzh": "蘇眉魚模型",
      "JPja": "ナポレオンフィッシュのもけい",
      "KRko": "나폴레옹피시 모형",
      "EUru": "модель рыбы-наполеона"
    }
  },
  {
    "id": "FishToy_06990",
    "version": "1.0.0",
    "locale": {
      "USen": "neon tetra model",
      "EUen": "neon tetra model",
      "EUde": "Neonsalmlermodell",
      "EUes": "figura de tetra neón",
      "USes": "figura de tetra neón",
      "EUfr": "modèle de néon bleu",
      "USfr": "modèle de néon bleu",
      "EUit": "replica di pesce neon",
      "EUnl": "modelneontetra",
      "CNzh": "霓虹灯鱼模型",
      "TWzh": "霓虹燈魚模型",
      "JPja": "ネオンテトラのもけい",
      "KRko": "네온테트라 모형",
      "EUru": "модель голубого неона"
    }
  },
  {
    "id": "FishToy_06991",
    "version": "1.0.0",
    "locale": {
      "USen": "koi model",
      "EUen": "koi model",
      "EUde": "Koi-Karpfen-Modell",
      "EUes": "figura de koi",
      "USes": "figura de koi",
      "EUfr": "modèle de carpe koï",
      "USfr": "modèle de carpe koï",
      "EUit": "replica di koi",
      "EUnl": "modelkoikarper",
      "CNzh": "锦鲤模型",
      "TWzh": "錦鯉模型",
      "JPja": "ニシキゴイのもけい",
      "KRko": "비단잉어 모형",
      "EUru": "модель карпа кои"
    }
  },
  {
    "id": "FishToy_06999",
    "version": "1.0.0",
    "locale": {
      "USen": "anchovy model",
      "EUen": "anchovy model",
      "EUde": "Sardellenmodell",
      "EUes": "figura de boquerón",
      "USes": "figura de boquerón",
      "EUfr": "modèle d'anchois",
      "USfr": "modèle d'anchois",
      "EUit": "replica di acciuga",
      "EUnl": "modelansjovis",
      "CNzh": "凤尾鱼模型",
      "TWzh": "鳳尾魚模型",
      "JPja": "アンチョビのもけい",
      "KRko": "멸치 모형",
      "EUru": "модель хамсы"
    }
  },
  {
    "id": "FishToy_07000",
    "version": "1.0.0",
    "locale": {
      "USen": "pale chub model",
      "EUen": "pale chub model",
      "EUde": "Döbelmodell",
      "EUes": "figura de cacho",
      "USes": "figura de cacho",
      "EUfr": "modèle de chevaine",
      "USfr": "modèle de chevaine",
      "EUit": "replica di zacco",
      "EUnl": "model-Japanse-drakenvis",
      "CNzh": "溪哥模型",
      "TWzh": "溪哥模型",
      "JPja": "オイカワのもけい",
      "KRko": "피라미 모형",
      "EUru": "модель светлого закко"
    }
  },
  {
    "id": "FishToy_07001",
    "version": "1.0.0",
    "locale": {
      "USen": "tadpole model",
      "EUen": "tadpole model",
      "EUde": "Kaulquappenmodell",
      "EUes": "figura de renacuajo",
      "USes": "figura de renacuajo",
      "EUfr": "modèle de têtard",
      "USfr": "modèle de têtard",
      "EUit": "replica di girino",
      "EUnl": "modelkikkervisje",
      "CNzh": "蝌蚪模型",
      "TWzh": "蝌蚪模型",
      "JPja": "オタマジャクシのもけい",
      "KRko": "올챙이 모형",
      "EUru": "модель головастика"
    }
  },
  {
    "id": "FishToy_07002",
    "version": "1.0.0",
    "locale": {
      "USen": "saw shark model",
      "EUen": "saw shark model",
      "EUde": "Sägehaimodell",
      "EUes": "figura de pez sierra",
      "USes": "figura de pez sierra",
      "EUfr": "modèle de requin scie",
      "USfr": "modèle de requin-scie",
      "EUit": "replica di squalo sega",
      "EUnl": "modelzaaghaai",
      "CNzh": "锯鲨模型",
      "TWzh": "鋸鯊模型",
      "JPja": "ノコギリザメのもけい",
      "KRko": "톱상어 모형",
      "EUru": "модель акулы-пилоноса"
    }
  },
  {
    "id": "FishToy_07003",
    "version": "1.0.0",
    "locale": {
      "USen": "char model",
      "EUen": "char model",
      "EUde": "Saiblingsmodell",
      "EUes": "figura de trucha",
      "USes": "figura de trucha",
      "EUfr": "modèle d'omble",
      "USfr": "modèle d'omble",
      "EUit": "replica di salmerino alpino",
      "EUnl": "modelbronforel",
      "CNzh": "花羔红点鲑模型",
      "TWzh": "花羔紅點鮭模型",
      "JPja": "オオイワナのもけい",
      "KRko": "열목어 모형",
      "EUru": "модель гольца"
    }
  },
  {
    "id": "FishToy_07004",
    "version": "1.0.0",
    "locale": {
      "USen": "pike model",
      "EUen": "pike model",
      "EUde": "Hechtmodell",
      "EUes": "figura de lucio",
      "USes": "figura de lucio",
      "EUfr": "modèle de brochet",
      "USfr": "modèle de brochet",
      "EUit": "replica di luccio nordico",
      "EUnl": "modelsnoek",
      "CNzh": "白斑狗鱼模型",
      "TWzh": "白斑狗魚模型",
      "JPja": "パイクのもけい",
      "KRko": "강꼬치고기 모형",
      "EUru": "модель щуки"
    }
  },
  {
    "id": "FishToy_07005",
    "version": "1.0.0",
    "locale": {
      "USen": "piranha model",
      "EUen": "piranha model",
      "EUde": "Piranhamodell",
      "EUes": "figura de piraña",
      "USes": "figura de piraña",
      "EUfr": "modèle de piranha",
      "USfr": "modèle de piranha",
      "EUit": "replica di pesce piranha",
      "EUnl": "modelpiranha",
      "CNzh": "食人鱼模型",
      "TWzh": "食人魚模型",
      "JPja": "ピラニアのもけい",
      "KRko": "피라니아 모형",
      "EUru": "модель пираньи"
    }
  },
  {
    "id": "FishToy_07006",
    "version": "1.0.0",
    "locale": {
      "USen": "arapaima model",
      "EUen": "arapaima model",
      "EUde": "Arapaimamodell",
      "EUes": "figura de pirarucú",
      "USes": "figura de pirarucú",
      "EUfr": "modèle d'arapaïma",
      "USfr": "modèle d'arapaïma",
      "EUit": "replica di pirarucù",
      "EUnl": "modelarapaima",
      "CNzh": "巨骨舌鱼模型",
      "TWzh": "巨骨舌魚模型",
      "JPja": "ピラルクのもけい",
      "KRko": "피라루쿠 모형",
      "EUru": "модель арапаимы"
    }
  },
  {
    "id": "FishToy_07007",
    "version": "1.0.0",
    "locale": {
      "USen": "giant snakehead model",
      "EUen": "giant snakehead model",
      "EUde": "Schlangenkopfmodell",
      "EUes": "figura pez cabeza serpiente",
      "USes": "figura pez cabeza serpiente",
      "EUfr": "modèle de tête-de-serpent",
      "USfr": "modèle de tête-de-serpent",
      "EUit": "replica di pesce serpente",
      "EUnl": "model-rode-slangenkopvis",
      "CNzh": "黑鱼模型",
      "TWzh": "鱧魚模型",
      "JPja": "ライギョのもけい",
      "KRko": "가물치 모형",
      "EUru": "модель змееголова"
    }
  },
  {
    "id": "FishToy_07008",
    "version": "1.0.0",
    "locale": {
      "USen": "rainbowfish model",
      "EUen": "rainbowfish model",
      "EUde": "Regenbogenfischmodell",
      "EUes": "figura de pez arcoíris",
      "USes": "figura de pez arcoíris",
      "EUfr": "modèle poisson arc-en-ciel",
      "USfr": "modèle poisson-arc-en-ciel",
      "EUit": "replica di pesce arcobaleno",
      "EUnl": "modelregenboogvis",
      "CNzh": "彩虹鱼模型",
      "TWzh": "彩虹魚模型",
      "JPja": "レインボーフィッシュのもけい",
      "KRko": "레인보우피시 모형",
      "EUru": "модель радужницы"
    }
  },
  {
    "id": "FishToy_07009",
    "version": "1.0.0",
    "locale": {
      "USen": "ranchu goldfish model",
      "EUen": "ranchu goldfish model",
      "EUde": "Ranchumodell",
      "EUes": "figura de ranchú",
      "USes": "figura de ranchú",
      "EUfr": "modèle de ranchu",
      "USfr": "modèle de ranchu",
      "EUit": "replica di ranchu",
      "EUnl": "modelbuffelrug",
      "CNzh": "兰寿金鱼模型",
      "TWzh": "蘭壽金魚模型",
      "JPja": "ランチュウのもけい",
      "KRko": "난주 모형",
      "EUru": "модель ранчу"
    }
  },
  {
    "id": "FishToy_07010",
    "version": "1.0.0",
    "locale": {
      "USen": "giant trevally model",
      "EUen": "giant trevally model",
      "EUde": "Stachelmakrelenmodell",
      "EUes": "figura de jurel gigante",
      "USes": "figura de jurel gigante",
      "EUfr": "modèle de carangue",
      "USfr": "modèle de carangue",
      "EUit": "replica di carango gigante",
      "EUnl": "modelreuzenhorsmakreel",
      "CNzh": "白面弄鱼模型",
      "TWzh": "浪人鰺模型",
      "JPja": "ロウニンアジのもけい",
      "KRko": "무명갈전갱이 모형",
      "EUru": "модель гигантск. каранкса"
    }
  },
  {
    "id": "FishToy_07011",
    "version": "1.0.0",
    "locale": {
      "USen": "oarfish model",
      "EUen": "oarfish model",
      "EUde": "Riemenfischmodell",
      "EUes": "figura de pez remo",
      "USes": "figura de pez remo",
      "EUfr": "modèle de poisson-ruban",
      "USfr": "modèle de poisson-ruban",
      "EUit": "replica di pesce remo",
      "EUnl": "modelriemvis",
      "CNzh": "皇带鱼模型",
      "TWzh": "皇帶魚模型",
      "JPja": "リュウグウノツカイのもけい",
      "KRko": "산갈치 모형",
      "EUru": "модель сельдяного короля"
    }
  },
  {
    "id": "FishToy_07012",
    "version": "1.0.0",
    "locale": {
      "USen": "salmon model",
      "EUen": "salmon model",
      "EUde": "Lachsmodell",
      "EUes": "figura de salmón",
      "USes": "figura de salmón",
      "EUfr": "modèle de saumon",
      "USfr": "modèle de saumon",
      "EUit": "replica di salmone",
      "EUnl": "modelzalm",
      "CNzh": "鲑鱼模型",
      "TWzh": "鮭魚模型",
      "JPja": "サケのもけい",
      "KRko": "연어 모형",
      "EUru": "модель лосося"
    }
  },
  {
    "id": "FishToy_07013",
    "version": "1.0.0",
    "locale": {
      "USen": "great white shark model",
      "EUen": "great white shark model",
      "EUde": "Haimodell",
      "EUes": "figura de tiburón",
      "USes": "figura de tiburón",
      "EUfr": "modèle grand requin blanc",
      "USfr": "modèle grand requin blanc",
      "EUit": "replica di squalo bianco",
      "EUnl": "model-witte-haai",
      "CNzh": "鲨鱼模型",
      "TWzh": "鯊魚模型",
      "JPja": "サメのもけい",
      "KRko": "상어 모형",
      "EUru": "модель акулы"
    }
  },
  {
    "id": "FishToy_07014",
    "version": "1.0.0",
    "locale": {
      "USen": "mahi-mahi model",
      "EUen": "mahi-mahi model",
      "EUde": "Goldmakrelenmodell",
      "EUes": "figura de lampuga",
      "USes": "figura de lampuga",
      "EUfr": "modèle de coryphène",
      "USfr": "modèle de mahi mahi",
      "EUit": "replica di lampuga",
      "EUnl": "modelgoudmakreel",
      "CNzh": "鬼头刀模型",
      "TWzh": "鬼頭刀模型",
      "JPja": "シイラのもけい",
      "KRko": "만새기 모형",
      "EUru": "модель корифены"
    }
  },
  {
    "id": "FishToy_07015",
    "version": "1.0.0",
    "locale": {
      "USen": "hammerhead shark model",
      "EUen": "hammerhead shark model",
      "EUde": "Hammerhaimodell",
      "EUes": "figura de pez martillo",
      "USes": "figura de pez martillo",
      "EUfr": "modèle de requin marteau",
      "USfr": "modèle de requin-marteau",
      "EUit": "replica di pesce martello",
      "EUnl": "modelhamerhaai",
      "CNzh": "双髻鲨模型",
      "TWzh": "雙髻鯊模型",
      "JPja": "シュモクザメのもけい",
      "KRko": "귀상어 모형",
      "EUru": "модель рыбы-молота"
    }
  },
  {
    "id": "FishToy_07016",
    "version": "1.0.0",
    "locale": {
      "USen": "coelacanth model",
      "EUen": "coelacanth model",
      "EUde": "Quastenflossermodell",
      "EUes": "figura de celacanto",
      "USes": "figura de celacanto",
      "EUfr": "modèle de cœlacanthe",
      "USfr": "modèle de cœlacanthe",
      "EUit": "replica di celacanto",
      "EUnl": "modelcoelacant",
      "CNzh": "矛尾鱼模型",
      "TWzh": "矛尾魚模型",
      "JPja": "シーラカンスのもけい",
      "KRko": "실러캔스 모형",
      "EUru": "модель латимерии"
    }
  },
  {
    "id": "FishToy_07017",
    "version": "1.0.0",
    "locale": {
      "USen": "soft-shelled turtle model",
      "EUen": "soft-shelled turtle model",
      "EUde": "Weichschildkrötenmodell",
      "EUes": "figura tortuga capar. blando",
      "USes": "figura tortuga capar. blando",
      "EUfr": "modèle de tortue trionyx",
      "USfr": "modèle de tortue trionyx",
      "EUit": "replica di apalone ferox",
      "EUnl": "modelweekschildpad",
      "CNzh": "鳖模型",
      "TWzh": "鱉模型",
      "JPja": "スッポンのもけい",
      "KRko": "자라 모형",
      "EUru": "модель трионикса"
    }
  },
  {
    "id": "FishToy_07018",
    "version": "1.0.0",
    "locale": {
      "USen": "sea bass model",
      "EUen": "sea bass model",
      "EUde": "Seebarschmodell",
      "EUes": "figura de lubina",
      "USes": "figura de lubina",
      "EUfr": "modèle de bar commun",
      "USfr": "modèle de bar commun",
      "EUit": "replica di spigola",
      "EUnl": "modelzeebaars",
      "CNzh": "鲈鱼模型",
      "TWzh": "鱸魚模型",
      "JPja": "スズキのもけい",
      "KRko": "농어 모형",
      "EUru": "модель морского судака"
    }
  },
  {
    "id": "FishToy_07019",
    "version": "1.0.0",
    "locale": {
      "USen": "mitten crab model",
      "EUen": "mitten crab model",
      "EUde": "Wollhandkrabbenmodell",
      "EUes": "figura cangrejo de Shangái",
      "USes": "figura cangrejo de Shangái",
      "EUfr": "modèle de crabe chinois",
      "USfr": "modèle de crabe chinois",
      "EUit": "replica di granchio guantato",
      "EUnl": "modelwolhandkrab",
      "CNzh": "中华绒螯蟹模型",
      "TWzh": "中華絨螯蟹模型",
      "JPja": "シャンハイガニのもけい",
      "KRko": "참게 모형",
      "EUru": "модель мохнорукого краба"
    }
  },
  {
    "id": "FishToy_07020",
    "version": "1.0.0",
    "locale": {
      "USen": "red snapper model",
      "EUen": "red snapper model",
      "EUde": "Kaiserschnappermodell",
      "EUes": "figura de pargo rojo",
      "USes": "figura de pargo rojo",
      "EUfr": "modèle de vivaneau",
      "USfr": "modèle de vivaneau",
      "EUit": "replica di lutiano rosso",
      "EUnl": "model-rode-snapper",
      "CNzh": "鲷鱼模型",
      "TWzh": "鯛魚模型",
      "JPja": "タイのもけい",
      "KRko": "도미 모형",
      "EUru": "модель красного луциана"
    }
  },
  {
    "id": "FishToy_07021",
    "version": "1.0.0",
    "locale": {
      "USen": "sea horse model",
      "EUen": "sea horse model",
      "EUde": "Seepferdchenmodell",
      "EUes": "figura de caballito de mar",
      "USes": "figura de caballito de mar",
      "EUfr": "modèle d'hippocampe",
      "USfr": "modèle d'hippocampe",
      "EUit": "replica di ippocampo",
      "EUnl": "modelzeepaardje",
      "CNzh": "海马模型",
      "TWzh": "海馬模型",
      "JPja": "タツノオトシゴのもけい",
      "KRko": "해마 모형",
      "EUru": "модель морского конька"
    }
  },
  {
    "id": "FishToy_07022",
    "version": "1.0.0",
    "locale": {
      "USen": "tilapia model",
      "EUen": "tilapia model",
      "EUde": "Tilapiamodell",
      "EUes": "figura de tilapia",
      "USes": "figura de tilapia",
      "EUfr": "modèle de tilapia",
      "USfr": "modèle de tilapia",
      "EUit": "replica di tilapia",
      "EUnl": "modeltilapia",
      "CNzh": "吴郭鱼模型",
      "TWzh": "吳郭魚模型",
      "JPja": "ティラピアのもけい",
      "KRko": "틸라피아 모형",
      "EUru": "модель тилапии"
    }
  },
  {
    "id": "FishToy_07023",
    "version": "1.0.0",
    "locale": {
      "USen": "sturgeon model",
      "EUen": "sturgeon model",
      "EUde": "Störmodell",
      "EUes": "figura de esturión",
      "USes": "figura de esturión",
      "EUfr": "modèle d'esturgeon",
      "USfr": "modèle d'esturgeon",
      "EUit": "replica di storione",
      "EUnl": "modelsteur",
      "CNzh": "鲟鱼模型",
      "TWzh": "鱘魚模型",
      "JPja": "チョウザメのもけい",
      "KRko": "철갑상어 모형",
      "EUru": "модель осетра"
    }
  },
  {
    "id": "FishToy_07024",
    "version": "1.0.0",
    "locale": {
      "USen": "dace model",
      "EUen": "dace model",
      "EUde": "Haselmodell",
      "EUes": "figura de leucisco",
      "USes": "figura de leucisco",
      "EUfr": "modèle de vandoise",
      "USfr": "modèle de vandoise",
      "EUit": "replica di lasca",
      "EUnl": "modelserpeling",
      "CNzh": "雅罗鱼模型",
      "TWzh": "珠星三塊魚模型",
      "JPja": "ウグイのもけい",
      "KRko": "황어 모형",
      "EUru": "модель ельца"
    }
  },
  {
    "id": "FishToy_07025",
    "version": "1.0.0",
    "locale": {
      "USen": "moray eel model",
      "EUen": "moray eel model",
      "EUde": "Muränenmodell",
      "EUes": "figura de morena",
      "USes": "figura de morena",
      "EUfr": "modèle de murène",
      "USfr": "modèle de murène",
      "EUit": "replica di murena",
      "EUnl": "modelmurene",
      "CNzh": "裸胸鳝模型",
      "TWzh": "裸胸鱔模型",
      "JPja": "ウツボのもけい",
      "KRko": "곰치 모형",
      "EUru": "модель мурены"
    }
  },
  {
    "id": "FishToy_07026",
    "version": "1.0.0",
    "locale": {
      "USen": "pond smelt model",
      "EUen": "pond smelt model",
      "EUde": "Stintmodell",
      "EUes": "figura de eperlano",
      "USes": "figura de eperlano",
      "EUfr": "modèle d'éperlan",
      "USfr": "modèle d'éperlan",
      "EUit": "replica di pingo",
      "EUnl": "modelspiering",
      "CNzh": "西太公鱼模型",
      "TWzh": "西太公魚模型",
      "JPja": "ワカサギのもけい",
      "KRko": "빙어 모형",
      "EUru": "модель малой корюшки"
    }
  },
  {
    "id": "FishToy_07027",
    "version": "1.0.0",
    "locale": {
      "USen": "cherry salmon model",
      "EUen": "cherry salmon model",
      "EUde": "Masulachsmodell",
      "EUes": "figura de salmón japonés",
      "USes": "figura de salmón japonés",
      "EUfr": "modèle de saumon masou",
      "USfr": "modèle de saumon masou",
      "EUit": "replica salmone giapponese",
      "EUnl": "model-Japanse-zalm",
      "CNzh": "樱花钩吻鲑模型",
      "TWzh": "櫻花鉤吻鮭模型",
      "JPja": "ヤマメのもけい",
      "KRko": "산천어 모형",
      "EUru": "модель симы"
    }
  },
  {
    "id": "FishToy_07028",
    "version": "1.0.0",
    "locale": {
      "USen": "yellow perch model",
      "EUen": "yellow perch model",
      "EUde": "Flussbarschmodell",
      "EUes": "figura de perca amarilla",
      "USes": "figura de perca amarilla",
      "EUfr": "modèle de perche jaune",
      "USfr": "modèle de perche jaune",
      "EUit": "replica di perca dorata",
      "EUnl": "model-gele-baars",
      "CNzh": "黄鲈鱼模型",
      "TWzh": "黃鱸魚模型",
      "JPja": "イエローパーチのもけい",
      "KRko": "옐로우퍼치 모형",
      "EUru": "модель желтого окуня"
    }
  },
  {
    "id": "FishToy_07029",
    "version": "1.0.0",
    "locale": {
      "USen": "crawfish model",
      "EUen": "crawfish model",
      "EUde": "Flusskrebsmodell",
      "EUes": "figura de cangrejo de río",
      "USes": "figura de cangrejo de río",
      "EUfr": "modèle d'écrevisse",
      "USfr": "modèle d'écrevisse",
      "EUit": "replica di gambero",
      "EUnl": "model-rode-rivierkreeft",
      "CNzh": "淡水龙虾模型",
      "TWzh": "淡水龍蝦模型",
      "JPja": "ザリガニのもけい",
      "KRko": "가재 모형",
      "EUru": "модель рака"
    }
  },
  {
    "id": "FishToy_07836",
    "version": "1.0.0",
    "locale": {
      "USen": "zebra turkeyfish model",
      "EUen": "zebra turkeyfish model",
      "EUde": "Rotfeuerfischmodell",
      "EUes": "figura de pez león",
      "USes": "figura de pez león",
      "EUfr": "modèle poisson-scorpion",
      "USfr": "modèle poisson-scorpion",
      "EUit": "replica di leone zebrato",
      "EUnl": "modelkoraalduivel",
      "CNzh": "狮子鱼模型",
      "TWzh": "獅子魚模型",
      "JPja": "ミノカサゴのもけい",
      "KRko": "쏠배감펭 모형",
      "EUru": "модель крылатки"
    }
  },
  {
    "id": "FishToy_07837",
    "version": "1.0.0",
    "locale": {
      "USen": "dorado model",
      "EUen": "dorado model",
      "EUde": "Lachssalmlermodell",
      "EUes": "figura de dorado",
      "USes": "figura de dorado",
      "EUfr": "modèle de dorado",
      "USfr": "modèle de dorade",
      "EUit": "replica di dorado",
      "EUnl": "modeldorado",
      "CNzh": "黄金河虎模型",
      "TWzh": "黃金河虎模型",
      "JPja": "ドラドのもけい",
      "KRko": "도라도 모형",
      "EUru": "модель дорадо"
    }
  }
]
