[
  {
    "id": 0,
    "version": "1.0.0",
    "locale": {
      "USen": "common exterior",
      "EUen": "common exterior",
      "EUde": "Standardfassade",
      "EUes": "fachada clásica",
      "USes": "fachada clásica",
      "EUfr": "façade ordinaire",
      "USfr": "façade à poutres",
      "EUit": "esterno comune",
      "EUnl": "beige-wit simpel vakwerk",
      "CNzh": "常见墙",
      "TWzh": "常見牆",
      "JPja": "よくあるかべ",
      "KRko": "평범한 외벽",
      "EUru": "простой фасад"
    }
  },
  {
    "id": 5,
    "version": "1.0.0",
    "locale": {
      "USen": "red-trim common exterior",
      "EUen": "red-trim common exterior",
      "EUde": "Standardfassade mit Rot",
      "EUes": "fachada clásica roja",
      "USes": "fachada clásica roja",
      "EUfr": "façade à poutres rouges",
      "USfr": "façade à poutres rouges",
      "EUit": "esterno comune rosso",
      "EUnl": "rood-wit simpel vakwerk",
      "CNzh": "红色框常见墙",
      "TWzh": "紅色框常見牆",
      "JPja": "あかいわくのよくあるかべ",
      "KRko": "빨간 틀 평범한 외벽",
      "EUru": "фасад с красным кантом"
    }
  },
  {
    "id": 6,
    "version": "1.0.0",
    "locale": {
      "USen": "blue-trim common exterior",
      "EUen": "blue-trim common exterior",
      "EUde": "Standardfassade mit Blau",
      "EUes": "fachada clásica azul",
      "USes": "fachada clásica azul",
      "EUfr": "façade à poutres bleues",
      "USfr": "façade à poutres bleues",
      "EUit": "esterno comune blu",
      "EUnl": "groen-geel simpel vakwerk",
      "CNzh": "蓝色框常见墙",
      "TWzh": "藍色框常見牆",
      "JPja": "あおいわくのよくあるかべ",
      "KRko": "파란 틀 평범한 외벽",
      "EUru": "фасад с синим кантом"
    }
  },
  {
    "id": 9,
    "version": "1.0.0",
    "locale": {
      "USen": "chalet exterior",
      "EUen": "chalet exterior",
      "EUde": "Fachwerkfassade",
      "EUes": "fachada chalé",
      "USes": "fachada chalé",
      "EUfr": "façade chaumière",
      "USfr": "façade chaumière",
      "EUit": "esterno chalet",
      "EUnl": "zwart-wit vakwerk",
      "CNzh": "木框墙",
      "TWzh": "木框牆",
      "JPja": "きわくのかべ",
      "KRko": "나이테 외벽",
      "EUru": "фасад шале"
    }
  },
  {
    "id": 10,
    "version": "1.0.0",
    "locale": {
      "USen": "cobblestone exterior",
      "EUen": "cobblestone exterior",
      "EUde": "Granitfassade",
      "EUes": "fachada adoquines",
      "USes": "fachada adoquines",
      "EUfr": "façade à pierres",
      "USfr": "façade à pierres",
      "EUit": "esterno in pietra",
      "EUnl": "grijs-wit metselwerk",
      "CNzh": "石墙",
      "TWzh": "石牆",
      "JPja": "いしのかべ",
      "KRko": "돌 외벽",
      "EUru": "каменный фасад"
    }
  },
  {
    "id": 19,
    "version": "1.0.0",
    "locale": {
      "USen": "white stucco exterior",
      "EUen": "white stucco exterior",
      "EUde": "Weiß-Lehmfassade",
      "EUes": "fachada estuco blanca",
      "USes": "fachada estuco blanca",
      "EUfr": "façade en stuc blanc",
      "USfr": "façade en stuc blanc",
      "EUit": "esterno di stucco bianco",
      "EUnl": "wit pleisterwerk",
      "CNzh": "白色灰泥墙",
      "TWzh": "白色灰泥牆",
      "JPja": "しろいしっくいぬりのかべ",
      "KRko": "하얀색 석회 외벽",
      "EUru": "фасад с белой отделкой"
    }
  },
  {
    "id": 20,
    "version": "1.0.0",
    "locale": {
      "USen": "brown chalet exterior",
      "EUen": "brown chalet exterior",
      "EUde": "Braun-Fachwerkfassade",
      "EUes": "fachada chalé marrón",
      "USes": "fachada chalé marrón",
      "EUfr": "façade chaumière marron",
      "USfr": "façade chalet bois brun",
      "EUit": "esterno chalet marrone",
      "EUnl": "beige vakwerk",
      "CNzh": "茶色木框墙",
      "TWzh": "茶色木框牆",
      "JPja": "ちゃいろいきわくのかべ",
      "KRko": "갈색 나이테 외벽",
      "EUru": "коричневый фасад шале"
    }
  },
  {
    "id": 21,
    "version": "1.0.0",
    "locale": {
      "USen": "red chalet exterior",
      "EUen": "red chalet exterior",
      "EUde": "Rot-Fachwerkfassade",
      "EUes": "fachada chalé roja",
      "USes": "fachada chalé roja",
      "EUfr": "façade chaumière rouge",
      "USfr": "façade chalet bois rouge",
      "EUit": "esterno chalet rosso",
      "EUnl": "rood-wit vakwerk",
      "CNzh": "红色框木框墙",
      "TWzh": "紅色木框牆",
      "JPja": "あかいきわくのかべ",
      "KRko": "빨간색 나이테 외벽",
      "EUru": "красный фасад шале"
    }
  },
  {
    "id": 22,
    "version": "1.0.0",
    "locale": {
      "USen": "light-blue chalet exterior",
      "EUen": "light-blue chalet exterior",
      "EUde": "Hellblau-Fachwerkfassade",
      "EUes": "fachada chalé celeste",
      "USes": "fachada chalé celeste",
      "EUfr": "façade chaumière bleu clair",
      "USfr": "façade chalet bleu pâle",
      "EUit": "esterno chalet blu chiaro",
      "EUnl": "wit-blauw vakwerk",
      "CNzh": "水蓝色木框墙",
      "TWzh": "水藍色木框牆",
      "JPja": "みずいろのきわくのかべ",
      "KRko": "하늘색 나이테 외벽",
      "EUru": "голубой фасад шале"
    }
  },
  {
    "id": 23,
    "version": "1.0.0",
    "locale": {
      "USen": "yellow chalet exterior",
      "EUen": "yellow chalet exterior",
      "EUde": "Gelb-Fachwerkfassade",
      "EUes": "fachada chalé ocre",
      "USes": "fachada chalé ocre",
      "EUfr": "façade chaumière jaune",
      "USfr": "façade chalet jaune",
      "EUit": "esterno chalet giallo",
      "EUnl": "zwart-geel vakwerk",
      "CNzh": "黄色木框墙",
      "TWzh": "黃色木框牆",
      "JPja": "きいろいきわくのかべ",
      "KRko": "노란색 나이테 외벽",
      "EUru": "желтый фасад шале"
    }
  },
  {
    "id": 142,
    "version": "1.0.0",
    "locale": {
      "USen": "orange chalet exterior",
      "EUen": "orange chalet exterior",
      "EUde": "Orange-Fachwerkfassade",
      "EUes": "fachada chalé naranja",
      "USes": "fachada chalé naranja",
      "EUfr": "façade chaumière orange",
      "USfr": "façade chalet orange",
      "EUit": "esterno chalet arancione",
      "EUnl": "wit-oranje vakwerk",
      "CNzh": "橘色木框墙",
      "TWzh": "橘色木框牆",
      "JPja": "オレンジいろのきわくのかべ",
      "KRko": "오렌지색 나이테 외벽",
      "EUru": "оранжевый фасад шале"
    }
  },
  {
    "id": 143,
    "version": "1.0.0",
    "locale": {
      "USen": "cream chalet exterior",
      "EUen": "cream chalet exterior",
      "EUde": "Weiß-Fachwerkfassade",
      "EUes": "fachada chalé crema",
      "USes": "fachada chalé crema",
      "EUfr": "façade chaumière crème",
      "USfr": "façade chalet crème",
      "EUit": "esterno chalet crema",
      "EUnl": "wit-geel vakwerk",
      "CNzh": "白色框木框墙",
      "TWzh": "白色木框牆",
      "JPja": "しろいきわくのかべ",
      "KRko": "하얀색 나이테 외벽",
      "EUru": "кремовый фасад шале"
    }
  },
  {
    "id": 144,
    "version": "1.0.0",
    "locale": {
      "USen": "black chalet exterior",
      "EUen": "black chalet exterior",
      "EUde": "Schwarz-Fachwerkfassade",
      "EUes": "fachada chalé negra",
      "USes": "fachada chalé negra",
      "EUfr": "façade chaumière noire",
      "USfr": "façade chalet noire",
      "EUit": "esterno chalet nero",
      "EUnl": "wit-zwart vakwerk",
      "CNzh": "黑色木框墙",
      "TWzh": "黑色木框牆",
      "JPja": "くろいきわくのかべ",
      "KRko": "검은색 나이테 외벽",
      "EUru": "черный фасад шале"
    }
  },
  {
    "id": 145,
    "version": "1.0.0",
    "locale": {
      "USen": "chic cobblestone exterior",
      "EUen": "chic cobblestone exterior",
      "EUde": "Schick-Granitfassade",
      "EUes": "fachada adoquines chic",
      "USes": "fachada adoquines chic",
      "EUfr": "façade à pierres chic",
      "USfr": "façade à pierres chic",
      "EUit": "esterno in pietra chic",
      "EUnl": "zwart-wit metselwerk",
      "CNzh": "雅致石墙",
      "TWzh": "典雅石牆",
      "JPja": "シックないしのかべ",
      "KRko": "시크한 돌 외벽",
      "EUru": "стильн. каменный фасад"
    }
  },
  {
    "id": 146,
    "version": "1.0.0",
    "locale": {
      "USen": "brown cobblestone exterior",
      "EUen": "brown cobblestone exterior",
      "EUde": "Braun-Granitfassade",
      "EUes": "fachada adoquines marrón",
      "USes": "fachada adoquines marrón",
      "EUfr": "façade à pierres brune",
      "USfr": "façade à pierres beige",
      "EUit": "esterno in pietra marrone",
      "EUnl": "bruin-beige metselwerk",
      "CNzh": "茶色石墙",
      "TWzh": "茶色石牆",
      "JPja": "ちゃいろいいしのかべ",
      "KRko": "갈색 돌 외벽",
      "EUru": "коричн. каменный фасад"
    }
  },
  {
    "id": 147,
    "version": "1.0.0",
    "locale": {
      "USen": "red cobblestone exterior",
      "EUen": "red cobblestone exterior",
      "EUde": "Rot-Granitfassade",
      "EUes": "fachada adoquines roja",
      "USes": "fachada adoquines roja",
      "EUfr": "façade à pierres rouge",
      "USfr": "façade à pierres rouge",
      "EUit": "esterno in pietra rosso",
      "EUnl": "zwart-rood metselwerk",
      "CNzh": "红色石墙",
      "TWzh": "紅色石牆",
      "JPja": "あかいいしのかべ",
      "KRko": "빨간색 돌 외벽",
      "EUru": "красн. каменный фасад"
    }
  },
  {
    "id": 148,
    "version": "1.0.0",
    "locale": {
      "USen": "orange cobblestone exterior",
      "EUen": "orange cobblestone exterior",
      "EUde": "Orange-Granitfassade",
      "EUes": "fachada adoquines naranja",
      "USes": "fachada adoquines naranja",
      "EUfr": "façade à pierres orange",
      "USfr": "façade à pierres orange",
      "EUit": "esterno in pietra arancione",
      "EUnl": "wit-oranje metselwerk",
      "CNzh": "橘色石墙",
      "TWzh": "橘色石牆",
      "JPja": "オレンジいろのいしのかべ",
      "KRko": "오렌지색 돌 외벽",
      "EUru": "оранж. каменный фасад"
    }
  },
  {
    "id": 149,
    "version": "1.0.0",
    "locale": {
      "USen": "blue cobblestone exterior",
      "EUen": "blue cobblestone exterior",
      "EUde": "Blau-Granitfassade",
      "EUes": "fachada adoquines azul",
      "USes": "fachada adoquines azul",
      "EUfr": "façade à pierres bleue",
      "USfr": "façade à pierres bleue",
      "EUit": "esterno in pietra blu",
      "EUnl": "blauw metselwerk",
      "CNzh": "蓝色石墙",
      "TWzh": "藍色石牆",
      "JPja": "あおいいしのかべ",
      "KRko": "파란색 돌 외벽",
      "EUru": "синий каменный фасад"
    }
  },
  {
    "id": 150,
    "version": "1.0.0",
    "locale": {
      "USen": "green cobblestone exterior",
      "EUen": "green cobblestone exterior",
      "EUde": "Grün-Granitfassade",
      "EUes": "fachada adoquines verde",
      "USes": "fachada adoquines verde",
      "EUfr": "façade à pierres verte",
      "USfr": "façade à pierres verte",
      "EUit": "esterno in pietra verde",
      "EUnl": "zwart-groen metselwerk",
      "CNzh": "绿色石墙",
      "TWzh": "綠色石牆",
      "JPja": "みどりのいしのかべ",
      "KRko": "초록색 돌 외벽",
      "EUru": "зелен. каменный фасад"
    }
  },
  {
    "id": 151,
    "version": "1.0.0",
    "locale": {
      "USen": "gray cobblestone exterior",
      "EUen": "gray cobblestone exterior",
      "EUde": "Grau-Granitfassade",
      "EUes": "fachada adoquines gris",
      "USes": "fachada adoquines gris",
      "EUfr": "façade à pierres grise",
      "USfr": "façade à pierres grise",
      "EUit": "esterno in pietra grigio",
      "EUnl": "grijs metselwerk",
      "CNzh": "灰色石墙",
      "TWzh": "灰色石牆",
      "JPja": "グレーのいしのかべ",
      "KRko": "회색 돌 외벽",
      "EUru": "серый каменный фасад"
    }
  },
  {
    "id": 152,
    "version": "1.0.0",
    "locale": {
      "USen": "beige stucco exterior",
      "EUen": "beige stucco exterior",
      "EUde": "Beige-Lehmfassade",
      "EUes": "fachada estuco beis",
      "USes": "fachada estuco beige",
      "EUfr": "façade en stuc beige",
      "USfr": "façade en stuc beige",
      "EUit": "esterno di stucco beige",
      "EUnl": "beige pleisterwerk",
      "CNzh": "米色灰泥墙",
      "TWzh": "米色灰泥牆",
      "JPja": "ベージュのしっくいぬりのかべ",
      "KRko": "베이지색 석회 외벽",
      "EUru": "фасад с бежев. отделкой"
    }
  },
  {
    "id": 153,
    "version": "1.0.0",
    "locale": {
      "USen": "gray stucco exterior",
      "EUen": "gray stucco exterior",
      "EUde": "Grau-Lehmfassade",
      "EUes": "fachada estuco gris",
      "USes": "fachada estuco gris",
      "EUfr": "façade en stuc gris",
      "USfr": "façade en stuc bleu pâle",
      "EUit": "esterno di stucco grigio",
      "EUnl": "grijs pleisterwerk",
      "CNzh": "灰色灰泥墙",
      "TWzh": "灰色灰泥牆",
      "JPja": "グレーなしっくいぬりのかべ",
      "KRko": "회색 석회 외벽",
      "EUru": "фасад с серой отделкой"
    }
  },
  {
    "id": 154,
    "version": "1.0.0",
    "locale": {
      "USen": "red stucco exterior",
      "EUen": "red stucco exterior",
      "EUde": "Rot-Lehmfassade",
      "EUes": "fachada estuco roja",
      "USes": "fachada estuco roja",
      "EUfr": "façade en stuc rouge",
      "USfr": "façade en stuc rouge",
      "EUit": "esterno di stucco rosso",
      "EUnl": "rood pleisterwerk",
      "CNzh": "红色灰泥墙",
      "TWzh": "紅色灰泥牆",
      "JPja": "あかいしっくいぬりのかべ",
      "KRko": "빨간색 석회 외벽",
      "EUru": "фасад с красн. отделкой"
    }
  },
  {
    "id": 155,
    "version": "1.0.0",
    "locale": {
      "USen": "blue stucco exterior",
      "EUen": "blue stucco exterior",
      "EUde": "Blau-Lehmfassade",
      "EUes": "fachada estuco azul",
      "USes": "fachada estuco azul",
      "EUfr": "façade en stuc bleu",
      "USfr": "façade en stuc bleu",
      "EUit": "esterno di stucco blu",
      "EUnl": "blauw pleisterwerk",
      "CNzh": "蓝色灰泥墙",
      "TWzh": "藍色灰泥牆",
      "JPja": "あおいしっくいぬりのかべ",
      "KRko": "파란색 석회 외벽",
      "EUru": "фасад с синей отделкой"
    }
  },
  {
    "id": 156,
    "version": "1.0.0",
    "locale": {
      "USen": "yellow stucco exterior",
      "EUen": "yellow stucco exterior",
      "EUde": "Gelb-Lehmfassade",
      "EUes": "fachada estuco ocre",
      "USes": "fachada estuco ocre",
      "EUfr": "façade en stuc jaune",
      "USfr": "façade en stuc jaune",
      "EUit": "esterno di stucco giallo",
      "EUnl": "geel pleisterwerk",
      "CNzh": "黄色灰泥墙",
      "TWzh": "黃色灰泥牆",
      "JPja": "きいろいしっくいぬりのかべ",
      "KRko": "노란색 석회 외벽",
      "EUru": "фасад с желтой отделкой"
    }
  },
  {
    "id": 157,
    "version": "1.0.0",
    "locale": {
      "USen": "pink stucco exterior",
      "EUen": "pink stucco exterior",
      "EUde": "Rosa-Lehmfassade",
      "EUes": "fachada estuco rosa",
      "USes": "fachada estuco rosa",
      "EUfr": "façade en stuc rose",
      "USfr": "façade en stuc rose",
      "EUit": "esterno di stucco rosa",
      "EUnl": "roze pleisterwerk",
      "CNzh": "粉红色灰泥墙",
      "TWzh": "粉紅色灰泥牆",
      "JPja": "ピンクなしっくいぬりのかべ",
      "KRko": "핑크색 석회 외벽",
      "EUru": "фасад с розов. отделкой"
    }
  },
  {
    "id": 158,
    "version": "1.0.0",
    "locale": {
      "USen": "black stucco exterior",
      "EUen": "black stucco exterior",
      "EUde": "Schwarz-Lehmfassade",
      "EUes": "fachada estuco negra",
      "USes": "fachada estuco negra",
      "EUfr": "façade en stuc noir",
      "USfr": "façade en stuc noir",
      "EUit": "esterno di stucco nero",
      "EUnl": "zwart pleisterwerk",
      "CNzh": "黑色灰泥墙",
      "TWzh": "黑色灰泥牆",
      "JPja": "くろいしっくいぬりのかべ",
      "KRko": "검은색 석회 외벽",
      "EUru": "фасад с черной отделкой"
    }
  },
  {
    "id": 159,
    "version": "1.0.0",
    "locale": {
      "USen": "gray-trim common exterior",
      "EUen": "gray-trim common exterior",
      "EUde": "Standardfassade mit Grau",
      "EUes": "fachada clásica gris",
      "USes": "fachada clásica gris",
      "EUfr": "façade à poutres grises",
      "USfr": "façade à poutres grises",
      "EUit": "esterno comune grigio",
      "EUnl": "grijs-wit simpel vakwerk",
      "CNzh": "灰色常见墙",
      "TWzh": "灰色常見牆",
      "JPja": "グレーなよくあるかべ",
      "KRko": "회색 평범한 외벽",
      "EUru": "фасад с серым кантом"
    }
  },
  {
    "id": 160,
    "version": "1.0.0",
    "locale": {
      "USen": "yellow common exterior",
      "EUen": "yellow common exterior",
      "EUde": "Gelb-Standardfassade",
      "EUes": "fachada clásica ocre",
      "USes": "fachada clásica ocre",
      "EUfr": "façade ordinaire jaune",
      "USfr": "façade jaune à poutres",
      "EUit": "esterno comune giallo",
      "EUnl": "zwart-geel simpel vakwerk",
      "CNzh": "黄色常见墙",
      "TWzh": "黃色常見牆",
      "JPja": "きいろいよくあるかべ",
      "KRko": "노란색 평범한 외벽",
      "EUru": "простой желтый фасад"
    }
  },
  {
    "id": 161,
    "version": "1.0.0",
    "locale": {
      "USen": "pink common exterior",
      "EUen": "pink common exterior",
      "EUde": "Rosa-Standardfassade",
      "EUes": "fachada clásica rosa",
      "USes": "fachada clásica rosa",
      "EUfr": "façade ordinaire rose",
      "USfr": "façade rose à poutres",
      "EUit": "esterno comune rosa",
      "EUnl": "wit-roze simpel vakwerk",
      "CNzh": "粉红色常见墙",
      "TWzh": "粉紅色常見牆",
      "JPja": "ピンクのよくあるかべ",
      "KRko": "핑크색 평범한 외벽",
      "EUru": "простой розовый фасад"
    }
  },
  {
    "id": 162,
    "version": "1.0.0",
    "locale": {
      "USen": "red common exterior",
      "EUen": "red common exterior",
      "EUde": "Rot-Standardfassade",
      "EUes": "fachada clásica carmesí",
      "USes": "fachada clásica carmesí",
      "EUfr": "façade ordinaire rouge",
      "USfr": "façade rouge à poutres",
      "EUit": "esterno comune cremisi",
      "EUnl": "bruin-rood simpel vakwerk",
      "CNzh": "红色常见墙",
      "TWzh": "紅色常見牆",
      "JPja": "あかいよくあるかべ",
      "KRko": "빨간색 평범한 외벽",
      "EUru": "простой красный фасад"
    }
  },
  {
    "id": 163,
    "version": "1.0.0",
    "locale": {
      "USen": "black common exterior",
      "EUen": "black common exterior",
      "EUde": "Schwarz-Standardfassade",
      "EUes": "fachada clásica negra",
      "USes": "fachada clásica negra",
      "EUfr": "façade ordinaire noire",
      "USfr": "façade noire à poutres",
      "EUit": "esterno comune nero",
      "EUnl": "wit-zwart simpel vakwerk",
      "CNzh": "黑色常见墙",
      "TWzh": "黑色常見牆",
      "JPja": "くろいよくあるかべ",
      "KRko": "검은색 평범한 외벽",
      "EUru": "простой черный фасад"
    }
  }
]
