[
  {
    "id": 12970,
    "Cloth Name": "Nook Inc. wet suit",
    "variant_id": "1258_MarineSuit_12970",
    "locale": {
      "USen": "Green",
      "EUen": "Green",
      "EUde": "Grün",
      "EUes": "Verde",
      "USes": "Verde",
      "EUfr": "Vert",
      "USfr": "Vert",
      "EUit": "Verde",
      "EUnl": "Groen",
      "CNzh": "绿色",
      "TWzh": "綠色",
      "JPja": "グリーン",
      "KRko": "그린",
      "EUru": "Зеленый"
    }
  },
  {
    "id": 12981,
    "Cloth Name": "leaf-print wet suit",
    "variant_id": "1259_MarineSuit_12981",
    "locale": {
      "USen": "Light blue",
      "EUen": "Light blue",
      "EUde": "Hellblau",
      "EUes": "Celeste",
      "USes": "Celeste",
      "EUfr": "Bleu clair",
      "USfr": "Bleu pâle",
      "EUit": "Blu chiaro",
      "EUnl": "Lichtblauw",
      "CNzh": "浅蓝色",
      "TWzh": "淺藍色",
      "JPja": "ライトブルー",
      "KRko": "라이트 블루",
      "EUru": "Голубой"
    }
  },
  {
    "id": 13098,
    "Cloth Name": "leaf-print wet suit",
    "variant_id": "1259_MarineSuit_13098",
    "locale": {
      "USen": "Purple",
      "EUen": "Purple",
      "EUde": "Lila",
      "EUes": "Púrpura",
      "USes": "Morado",
      "EUfr": "Violet",
      "USfr": "Mauve",
      "EUit": "Viola",
      "EUnl": "Paars",
      "CNzh": "紫色",
      "TWzh": "紫色",
      "JPja": "パープル",
      "KRko": "퍼플",
      "EUru": "Фиолетовый"
    }
  },
  {
    "id": 13099,
    "Cloth Name": "leaf-print wet suit",
    "variant_id": "1259_MarineSuit_13099",
    "locale": {
      "USen": "Yellow",
      "EUen": "Yellow",
      "EUde": "Gelb",
      "EUes": "Amarillo",
      "USes": "Amarillo",
      "EUfr": "Jaune",
      "USfr": "Jaune",
      "EUit": "Giallo",
      "EUnl": "Geel",
      "CNzh": "黄色",
      "TWzh": "黃色",
      "JPja": "イエロー",
      "KRko": "옐로",
      "EUru": "Желтый"
    }
  },
  {
    "id": 13100,
    "Cloth Name": "leaf-print wet suit",
    "variant_id": "1259_MarineSuit_13100",
    "locale": {
      "USen": "Green",
      "EUen": "Green",
      "EUde": "Grün",
      "EUes": "Verde",
      "USes": "Verde",
      "EUfr": "Vert",
      "USfr": "Vert",
      "EUit": "Verde",
      "EUnl": "Groen",
      "CNzh": "绿色",
      "TWzh": "綠色",
      "JPja": "グリーン",
      "KRko": "그린",
      "EUru": "Зеленый"
    }
  },
  {
    "id": 12986,
    "Cloth Name": "horizontal-striped wet suit",
    "variant_id": "1260_MarineSuit_12986",
    "locale": {
      "USen": "Red",
      "EUen": "Red",
      "EUde": "Rot",
      "EUes": "Rojo",
      "USes": "Rojo",
      "EUfr": "Rouge",
      "USfr": "Rouge",
      "EUit": "Rosso",
      "EUnl": "Rood",
      "CNzh": "红色",
      "TWzh": "紅色",
      "JPja": "レッド",
      "KRko": "레드",
      "EUru": "Красный"
    }
  },
  {
    "id": 13101,
    "Cloth Name": "horizontal-striped wet suit",
    "variant_id": "1260_MarineSuit_13101",
    "locale": {
      "USen": "Blue",
      "EUen": "Blue",
      "EUde": "Blau",
      "EUes": "Azul",
      "USes": "Azul",
      "EUfr": "Bleu",
      "USfr": "Bleu",
      "EUit": "Blu",
      "EUnl": "Blauw",
      "CNzh": "蓝色",
      "TWzh": "藍色",
      "JPja": "ブルー",
      "KRko": "블루",
      "EUru": "Синий"
    }
  },
  {
    "id": 13102,
    "Cloth Name": "horizontal-striped wet suit",
    "variant_id": "1260_MarineSuit_13102",
    "locale": {
      "USen": "Yellow",
      "EUen": "Yellow",
      "EUde": "Gelb",
      "EUes": "Amarillo",
      "USes": "Amarillo",
      "EUfr": "Jaune",
      "USfr": "Jaune",
      "EUit": "Giallo",
      "EUnl": "Geel",
      "CNzh": "黄色",
      "TWzh": "黃色",
      "JPja": "イエロー",
      "KRko": "옐로",
      "EUru": "Желтый"
    }
  },
  {
    "id": 13103,
    "Cloth Name": "horizontal-striped wet suit",
    "variant_id": "1260_MarineSuit_13103",
    "locale": {
      "USen": "Black",
      "EUen": "Black",
      "EUde": "Schwarz",
      "EUes": "Negro",
      "USes": "Negro",
      "EUfr": "Noir",
      "USfr": "Noir",
      "EUit": "Nero",
      "EUnl": "Zwart",
      "CNzh": "黑色",
      "TWzh": "黑色",
      "JPja": "ブラック",
      "KRko": "블랙",
      "EUru": "Черный"
    }
  }
]
