[
  {
    "id": 6092,
    "Cloth Name": "tiara hair",
    "variant_id": "1008_Helmet_06092",
    "locale": {
      "USen": "Silver",
      "EUen": "Silver",
      "EUde": "Silber",
      "EUes": "Plateado",
      "USes": "Plateado",
      "EUfr": "Argent",
      "USfr": "Argent",
      "EUit": "Argentato",
      "EUnl": "Zilver",
      "CNzh": "银色",
      "TWzh": "銀色",
      "JPja": "シルバー",
      "KRko": "실버",
      "EUru": "Серебряный"
    }
  },
  {
    "id": 9749,
    "Cloth Name": "tiara hair",
    "variant_id": "1008_Helmet_09749",
    "locale": {
      "USen": "Gold",
      "EUen": "Gold",
      "EUde": "Gold",
      "EUes": "Dorado",
      "USes": "Dorado",
      "EUfr": "Or",
      "USfr": "Or",
      "EUit": "Dorato",
      "EUnl": "Goud",
      "CNzh": "金色",
      "TWzh": "金色",
      "JPja": "ゴールド",
      "KRko": "골드",
      "EUru": "Золотой"
    }
  },
  {
    "id": 9750,
    "Cloth Name": "tiara hair",
    "variant_id": "1008_Helmet_09750",
    "locale": {
      "USen": "Rose gold",
      "EUen": "Rose gold",
      "EUde": "Rosagold",
      "EUes": "Oro rosa",
      "USes": "Oro rosa",
      "EUfr": "Or rose",
      "USfr": "Or rose",
      "EUit": "Oro rosa",
      "EUnl": "Roségoud",
      "CNzh": "粉金色",
      "TWzh": "玫瑰金",
      "JPja": "ピンクゴ ールド",
      "KRko": "핑크 골드",
      "EUru": "Розовое золото"
    }
  },
  {
    "id": 6093,
    "Cloth Name": "headband",
    "variant_id": "1009_Helmet_06093",
    "locale": {
      "USen": "Pink",
      "EUen": "Pink",
      "EUde": "Rosa",
      "EUes": "Rosa",
      "USes": "Rosa",
      "EUfr": "Rose",
      "USfr": "Rose",
      "EUit": "Rosa",
      "EUnl": "Roze",
      "CNzh": "粉红",
      "TWzh": "粉紅色",
      "JPja": "ピンク",
      "KRko": "핑크",
      "EUru": "Розовый"
    }
  },
  {
    "id": 11894,
    "Cloth Name": "headband",
    "variant_id": "1009_Helmet_11894",
    "locale": {
      "USen": "Blue",
      "EUen": "Blue",
      "EUde": "Blau",
      "EUes": "Azul",
      "USes": "Azul",
      "EUfr": "Bleu",
      "USfr": "Bleu",
      "EUit": "Blu",
      "EUnl": "Blauw",
      "CNzh": "蓝色",
      "TWzh": "藍色",
      "JPja": "ブルー",
      "KRko": "블루",
      "EUru": "Синий"
    }
  },
  {
    "id": 11895,
    "Cloth Name": "headband",
    "variant_id": "1009_Helmet_11895",
    "locale": {
      "USen": "Purple",
      "EUen": "Purple",
      "EUde": "Lila",
      "EUes": "Púrpura",
      "USes": "Morado",
      "EUfr": "Violet",
      "USfr": "Mauve",
      "EUit": "Viola",
      "EUnl": "Paars",
      "CNzh": "紫色",
      "TWzh": "紫色",
      "JPja": "パープル",
      "KRko": "퍼플",
      "EUru": "Фиолетовый"
    }
  },
  {
    "id": 11896,
    "Cloth Name": "headband",
    "variant_id": "1009_Helmet_11896",
    "locale": {
      "USen": "Green",
      "EUen": "Green",
      "EUde": "Grün",
      "EUes": "Verde",
      "USes": "Verde",
      "EUfr": "Vert",
      "USfr": "Vert",
      "EUit": "Verde",
      "EUnl": "Groen",
      "CNzh": "绿色",
      "TWzh": "綠色",
      "JPja": "グリーン",
      "KRko": "그린",
      "EUru": "Зеленый"
    }
  },
  {
    "id": 6091,
    "Cloth Name": "coin headpiece",
    "variant_id": "1010_Helmet_06091",
    "locale": {
      "USen": "Gold",
      "EUen": "Gold",
      "EUde": "Gold",
      "EUes": "Dorado",
      "USes": "Dorado",
      "EUfr": "Or",
      "USfr": "Or",
      "EUit": "Dorato",
      "EUnl": "Goud",
      "CNzh": "金色",
      "TWzh": "金色",
      "JPja": "ゴールド",
      "KRko": "골드",
      "EUru": "Золотой"
    }
  },
  {
    "id": 5819,
    "Cloth Name": "pigtail",
    "variant_id": "1011_Helmet_05819",
    "locale": {
      "USen": "Hair Color",
      "EUen": "Hair Color",
      "EUde": "Haarfarbe",
      "EUes": "Color del pelo",
      "USes": "Color del pelo",
      "EUfr": "Couleur de cheveux",
      "USfr": "Couleur de cheveux",
      "EUit": "Colore dei capelli",
      "EUnl": "Haarkleur",
      "CNzh": "发色",
      "TWzh": "頭髮顏色",
      "JPja": "ヘアカラー",
      "KRko": "헤어 컬러",
      "EUru": "Цвет волос"
    }
  },
  {
    "id": 5832,
    "Cloth Name": "visual-punk wig",
    "variant_id": "1012_Helmet_05832",
    "locale": {
      "USen": "Hair Color",
      "EUen": "Hair Color",
      "EUde": "Haarfarbe",
      "EUes": "Color del pelo",
      "USes": "Color del pelo",
      "EUfr": "Couleur de cheveux",
      "USfr": "Couleur de cheveux",
      "EUit": "Colore dei capelli",
      "EUnl": "Haarkleur",
      "CNzh": "发色",
      "TWzh": "頭髮顏色",
      "JPja": "ヘアカラー",
      "KRko": "헤어 컬러",
      "EUru": "Цвет волос"
    }
  },
  {
    "id": 8609,
    "Cloth Name": "snowperson head",
    "variant_id": "1040_Helmet_08609",
    "locale": {
      "USen": "White",
      "EUen": "White",
      "EUde": "Weiß",
      "EUes": "Blanco",
      "USes": "Blanco",
      "EUfr": "Blanc",
      "USfr": "Blanc",
      "EUit": "Bianco",
      "EUnl": "Wit",
      "CNzh": "白色",
      "TWzh": "白色",
      "JPja": "ホワイト",
      "KRko": "화이트",
      "EUru": "Белый"
    }
  },
  {
    "id": 9862,
    "Cloth Name": "star head",
    "variant_id": "1113_Helmet_09862",
    "locale": {
      "USen": "Yellow",
      "EUen": "Yellow",
      "EUde": "Gelb",
      "EUes": "Amarillo",
      "USes": "Amarillo",
      "EUfr": "Jaune",
      "USfr": "Jaune",
      "EUit": "Giallo",
      "EUnl": "Geel",
      "CNzh": "黄色",
      "TWzh": "黃色",
      "JPja": "イエロー",
      "KRko": "옐로",
      "EUru": "Желтый"
    }
  },
  {
    "id": 5322,
    "Cloth Name": "headkerchief",
    "variant_id": "674_Helmet_05322",
    "locale": {
      "USen": "Green",
      "EUen": "Green",
      "EUde": "Grün",
      "EUes": "Verde",
      "USes": "Verde",
      "EUfr": "Vert",
      "USfr": "Vert",
      "EUit": "Verde",
      "EUnl": "Groen",
      "CNzh": "绿色",
      "TWzh": "綠色",
      "JPja": "グリーン",
      "KRko": "그린",
      "EUru": "Зеленый"
    }
  },
  {
    "id": 5323,
    "Cloth Name": "fairy-tale hood",
    "variant_id": "675_Helmet_05323",
    "locale": {
      "USen": "Red",
      "EUen": "Red",
      "EUde": "Rot",
      "EUes": "Rojo",
      "USes": "Rojo",
      "EUfr": "Rouge",
      "USfr": "Rouge",
      "EUit": "Rosso",
      "EUnl": "Rood",
      "CNzh": "红色",
      "TWzh": "紅色",
      "JPja": "レッド",
      "KRko": "레드",
      "EUru": "Красный"
    }
  },
  {
    "id": 11836,
    "Cloth Name": "fairy-tale hood",
    "variant_id": "675_Helmet_11836",
    "locale": {
      "USen": "Pink",
      "EUen": "Pink",
      "EUde": "Rosa",
      "EUes": "Rosa",
      "USes": "Rosa",
      "EUfr": "Rose",
      "USfr": "Rose",
      "EUit": "Rosa",
      "EUnl": "Roze",
      "CNzh": "粉红",
      "TWzh": "粉紅色",
      "JPja": "ピンク",
      "KRko": "핑크",
      "EUru": "Розовый"
    }
  },
  {
    "id": 11837,
    "Cloth Name": "fairy-tale hood",
    "variant_id": "675_Helmet_11837",
    "locale": {
      "USen": "Yellow",
      "EUen": "Yellow",
      "EUde": "Gelb",
      "EUes": "Amarillo",
      "USes": "Amarillo",
      "EUfr": "Jaune",
      "USfr": "Jaune",
      "EUit": "Giallo",
      "EUnl": "Geel",
      "CNzh": "黄色",
      "TWzh": "黃色",
      "JPja": "イエロー",
      "KRko": "옐로",
      "EUru": "Желтый"
    }
  },
  {
    "id": 11838,
    "Cloth Name": "fairy-tale hood",
    "variant_id": "675_Helmet_11838",
    "locale": {
      "USen": "Green",
      "EUen": "Green",
      "EUde": "Grün",
      "EUes": "Verde",
      "USes": "Verde",
      "EUfr": "Vert",
      "USfr": "Vert",
      "EUit": "Verde",
      "EUnl": "Groen",
      "CNzh": "绿色",
      "TWzh": "綠色",
      "JPja": "グリーン",
      "KRko": "그린",
      "EUru": "Зеленый"
    }
  },
  {
    "id": 11839,
    "Cloth Name": "fairy-tale hood",
    "variant_id": "675_Helmet_11839",
    "locale": {
      "USen": "Blue",
      "EUen": "Blue",
      "EUde": "Blau",
      "EUes": "Azul",
      "USes": "Azul",
      "EUfr": "Bleu",
      "USfr": "Bleu",
      "EUit": "Blu",
      "EUnl": "Blauw",
      "CNzh": "蓝色",
      "TWzh": "藍色",
      "JPja": "ブルー",
      "KRko": "블루",
      "EUru": "Синий"
    }
  },
  {
    "id": 11840,
    "Cloth Name": "fairy-tale hood",
    "variant_id": "675_Helmet_11840",
    "locale": {
      "USen": "Light blue",
      "EUen": "Light blue",
      "EUde": "Hellblau",
      "EUes": "Celeste",
      "USes": "Celeste",
      "EUfr": "Bleu clair",
      "USfr": "Bleu pâle",
      "EUit": "Blu chiaro",
      "EUnl": "Lichtblauw",
      "CNzh": "浅蓝色",
      "TWzh": "淺藍色",
      "JPja": "ライトブルー",
      "KRko": "라이트 블루",
      "EUru": "Голубой"
    }
  },
  {
    "id": 11841,
    "Cloth Name": "fairy-tale hood",
    "variant_id": "675_Helmet_11841",
    "locale": {
      "USen": "Light green",
      "EUen": "Light green",
      "EUde": "Hellgrün",
      "EUes": "Verde claro",
      "USes": "Verde claro",
      "EUfr": "Vert clair",
      "USfr": "Vert clair",
      "EUit": "Verde chiaro",
      "EUnl": "Lichtgroen",
      "CNzh": "浅绿色",
      "TWzh": "淺綠色",
      "JPja": "ライトグリーン",
      "KRko": "라이트 그린",
      "EUru": "Светло-зеленый"
    }
  },
  {
    "id": 11842,
    "Cloth Name": "fairy-tale hood",
    "variant_id": "675_Helmet_11842",
    "locale": {
      "USen": "Orange",
      "EUen": "Orange",
      "EUde": "Orange",
      "EUes": "Naranja",
      "USes": "Naranja",
      "EUfr": "Orange",
      "USfr": "Orange",
      "EUit": "Arancio",
      "EUnl": "Oranje",
      "CNzh": "橘色",
      "TWzh": "橘色",
      "JPja": "オレンジ",
      "KRko": "오렌지",
      "EUru": "Оранжевый"
    }
  },
  {
    "id": 5324,
    "Cloth Name": "mummy mask",
    "variant_id": "676_Helmet_05324",
    "locale": {
      "USen": "White",
      "EUen": "White",
      "EUde": "Weiß",
      "EUes": "Blanco",
      "USes": "Blanco",
      "EUfr": "Blanc",
      "USfr": "Blanc",
      "EUit": "Bianco",
      "EUnl": "Wit",
      "CNzh": "白色",
      "TWzh": "白色",
      "JPja": "ホワイト",
      "KRko": "화이트",
      "EUru": "Белый"
    }
  },
  {
    "id": 5325,
    "Cloth Name": "bunny hood",
    "variant_id": "677_Helmet_05325",
    "locale": {
      "USen": "Pink",
      "EUen": "Pink",
      "EUde": "Rosa",
      "EUes": "Rosa",
      "USes": "Rosa",
      "EUfr": "Rose",
      "USfr": "Rose",
      "EUit": "Rosa",
      "EUnl": "Roze",
      "CNzh": "粉红",
      "TWzh": "粉紅色",
      "JPja": "ピンク",
      "KRko": "핑크",
      "EUru": "Розовый"
    }
  },
  {
    "id": 11700,
    "Cloth Name": "bunny hood",
    "variant_id": "677_Helmet_11700",
    "locale": {
      "USen": "Yellow",
      "EUen": "Yellow",
      "EUde": "Gelb",
      "EUes": "Amarillo",
      "USes": "Amarillo",
      "EUfr": "Jaune",
      "USfr": "Jaune",
      "EUit": "Giallo",
      "EUnl": "Geel",
      "CNzh": "黄色",
      "TWzh": "黃色",
      "JPja": "イエロー",
      "KRko": "옐로",
      "EUru": "Желтый"
    }
  },
  {
    "id": 11701,
    "Cloth Name": "bunny hood",
    "variant_id": "677_Helmet_11701",
    "locale": {
      "USen": "White",
      "EUen": "White",
      "EUde": "Weiß",
      "EUes": "Blanco",
      "USes": "Blanco",
      "EUfr": "Blanc",
      "USfr": "Blanc",
      "EUit": "Bianco",
      "EUnl": "Wit",
      "CNzh": "白色",
      "TWzh": "白色",
      "JPja": "ホワイト",
      "KRko": "화이트",
      "EUru": "Белый"
    }
  },
  {
    "id": 5326,
    "Cloth Name": "cat cap",
    "variant_id": "678_Helmet_05326",
    "locale": {
      "USen": "Navy blue",
      "EUen": "Navy blue",
      "EUde": "Marineblau",
      "EUes": "Azul marino",
      "USes": "Azul marino",
      "EUfr": "Bleu marine",
      "USfr": "Bleu marine",
      "EUit": "Blu marino",
      "EUnl": "Marineblauw",
      "CNzh": "海军蓝",
      "TWzh": "海軍藍",
      "JPja": "ネイビー",
      "KRko": "네이비",
      "EUru": "Черно-синий"
    }
  },
  {
    "id": 11702,
    "Cloth Name": "cat cap",
    "variant_id": "678_Helmet_11702",
    "locale": {
      "USen": "Brown",
      "EUen": "Brown",
      "EUde": "Braun",
      "EUes": "Marrón",
      "USes": "Marrón",
      "EUfr": "Brun",
      "USfr": "Brun",
      "EUit": "Marrone",
      "EUnl": "Bruin",
      "CNzh": "棕色",
      "TWzh": "棕色",
      "JPja": "ブラウン",
      "KRko": "브라운",
      "EUru": "Коричневый"
    }
  },
  {
    "id": 11703,
    "Cloth Name": "cat cap",
    "variant_id": "678_Helmet_11703",
    "locale": {
      "USen": "White",
      "EUen": "White",
      "EUde": "Weiß",
      "EUes": "Blanco",
      "USes": "Blanco",
      "EUfr": "Blanc",
      "USfr": "Blanc",
      "EUit": "Bianco",
      "EUnl": "Wit",
      "CNzh": "白色",
      "TWzh": "白色",
      "JPja": "ホワイト",
      "KRko": "화이트",
      "EUru": "Белый"
    }
  },
  {
    "id": 5327,
    "Cloth Name": "ski mask",
    "variant_id": "679_Helmet_05327",
    "locale": {
      "USen": "Green",
      "EUen": "Green",
      "EUde": "Grün",
      "EUes": "Verde",
      "USes": "Verde",
      "EUfr": "Vert",
      "USfr": "Vert",
      "EUit": "Verde",
      "EUnl": "Groen",
      "CNzh": "绿色",
      "TWzh": "綠色",
      "JPja": "グリーン",
      "KRko": "그린",
      "EUru": "Зеленый"
    }
  },
  {
    "id": 10826,
    "Cloth Name": "ski mask",
    "variant_id": "679_Helmet_10826",
    "locale": {
      "USen": "Black",
      "EUen": "Black",
      "EUde": "Schwarz",
      "EUes": "Negro",
      "USes": "Negro",
      "EUfr": "Noir",
      "USfr": "Noir",
      "EUit": "Nero",
      "EUnl": "Zwart",
      "CNzh": "黑色",
      "TWzh": "黑色",
      "JPja": "ブラック",
      "KRko": "블랙",
      "EUru": "Черный"
    }
  },
  {
    "id": 10827,
    "Cloth Name": "ski mask",
    "variant_id": "679_Helmet_10827",
    "locale": {
      "USen": "Lime",
      "EUen": "Lime",
      "EUde": "Limettengrün",
      "EUes": "Lima",
      "USes": "Verdoso",
      "EUfr": "Citron vert",
      "USfr": "Lime",
      "EUit": "Limetta",
      "EUnl": "Limoengroen",
      "CNzh": "莱姆绿",
      "TWzh": "萊姆綠",
      "JPja": "ライム",
      "KRko": "라임",
      "EUru": "Лаймовый"
    }
  },
  {
    "id": 10828,
    "Cloth Name": "ski mask",
    "variant_id": "679_Helmet_10828",
    "locale": {
      "USen": "Red",
      "EUen": "Red",
      "EUde": "Rot",
      "EUes": "Rojo",
      "USes": "Rojo",
      "EUfr": "Rouge",
      "USfr": "Rouge",
      "EUit": "Rosso",
      "EUnl": "Rood",
      "CNzh": "红色",
      "TWzh": "紅色",
      "JPja": "レッド",
      "KRko": "레드",
      "EUru": "Красный"
    }
  },
  {
    "id": 10829,
    "Cloth Name": "ski mask",
    "variant_id": "679_Helmet_10829",
    "locale": {
      "USen": "Blue",
      "EUen": "Blue",
      "EUde": "Blau",
      "EUes": "Azul",
      "USes": "Azul",
      "EUfr": "Bleu",
      "USfr": "Bleu",
      "EUit": "Blu",
      "EUnl": "Blauw",
      "CNzh": "蓝色",
      "TWzh": "藍色",
      "JPja": "ブルー",
      "KRko": "블루",
      "EUru": "Синий"
    }
  },
  {
    "id": 5328,
    "Cloth Name": "skeleton hood",
    "variant_id": "680_Helmet_05328",
    "locale": {
      "USen": "White",
      "EUen": "White",
      "EUde": "Weiß",
      "EUes": "Blanco",
      "USes": "Blanco",
      "EUfr": "Blanc",
      "USfr": "Blanc",
      "EUit": "Bianco",
      "EUnl": "Wit",
      "CNzh": "白色",
      "TWzh": "白色",
      "JPja": "ホワイト",
      "KRko": "화이트",
      "EUru": "Белый"
    }
  },
  {
    "id": 5330,
    "Cloth Name": "bear cap",
    "variant_id": "682_Helmet_05330",
    "locale": {
      "USen": "Brown",
      "EUen": "Brown",
      "EUde": "Braun",
      "EUes": "Marrón",
      "USes": "Marrón",
      "EUfr": "Brun",
      "USfr": "Brun",
      "EUit": "Marrone",
      "EUnl": "Bruin",
      "CNzh": "棕色",
      "TWzh": "棕色",
      "JPja": "ブラウン",
      "KRko": "브라운",
      "EUru": "Коричневый"
    }
  },
  {
    "id": 11704,
    "Cloth Name": "bear cap",
    "variant_id": "682_Helmet_11704",
    "locale": {
      "USen": "Black",
      "EUen": "Black",
      "EUde": "Schwarz",
      "EUes": "Negro",
      "USes": "Negro",
      "EUfr": "Noir",
      "USfr": "Noir",
      "EUit": "Nero",
      "EUnl": "Zwart",
      "CNzh": "黑色",
      "TWzh": "黑色",
      "JPja": "ブラック",
      "KRko": "블랙",
      "EUru": "Черный"
    }
  },
  {
    "id": 11705,
    "Cloth Name": "bear cap",
    "variant_id": "682_Helmet_11705",
    "locale": {
      "USen": "Pink",
      "EUen": "Pink",
      "EUde": "Rosa",
      "EUes": "Rosa",
      "USes": "Rosa",
      "EUfr": "Rose",
      "USfr": "Rose",
      "EUit": "Rosa",
      "EUnl": "Roze",
      "CNzh": "粉红",
      "TWzh": "粉紅色",
      "JPja": "ピンク",
      "KRko": "핑크",
      "EUru": "Розовый"
    }
  },
  {
    "id": 11706,
    "Cloth Name": "bear cap",
    "variant_id": "682_Helmet_11706",
    "locale": {
      "USen": "Blue",
      "EUen": "Blue",
      "EUde": "Blau",
      "EUes": "Azul",
      "USes": "Azul",
      "EUfr": "Bleu",
      "USfr": "Bleu",
      "EUit": "Blu",
      "EUnl": "Blauw",
      "CNzh": "蓝色",
      "TWzh": "藍色",
      "JPja": "ブルー",
      "KRko": "블루",
      "EUru": "Синий"
    }
  },
  {
    "id": 5331,
    "Cloth Name": "kappa cap",
    "variant_id": "683_Helmet_05331",
    "locale": {
      "USen": "Green",
      "EUen": "Green",
      "EUde": "Grün",
      "EUes": "Verde",
      "USes": "Verde",
      "EUfr": "Vert",
      "USfr": "Vert",
      "EUit": "Verde",
      "EUnl": "Groen",
      "CNzh": "绿色",
      "TWzh": "綠色",
      "JPja": "グリーン",
      "KRko": "그린",
      "EUru": "Зеленый"
    }
  },
  {
    "id": 11696,
    "Cloth Name": "kappa cap",
    "variant_id": "683_Helmet_11696",
    "locale": {
      "USen": "Pink",
      "EUen": "Pink",
      "EUde": "Rosa",
      "EUes": "Rosa",
      "USes": "Rosa",
      "EUfr": "Rose",
      "USfr": "Rose",
      "EUit": "Rosa",
      "EUnl": "Roze",
      "CNzh": "粉红",
      "TWzh": "粉紅色",
      "JPja": "ピンク",
      "KRko": "핑크",
      "EUru": "Розовый"
    }
  },
  {
    "id": 5334,
    "Cloth Name": "knight's helmet",
    "variant_id": "686_Helmet_05334",
    "locale": {
      "USen": "Gray",
      "EUen": "Gray",
      "EUde": "Grau",
      "EUes": "Gris",
      "USes": "Gris",
      "EUfr": "Gris",
      "USfr": "Gris",
      "EUit": "Grigio",
      "EUnl": "Grijs",
      "CNzh": "灰色",
      "TWzh": "灰色",
      "JPja": "グレー",
      "KRko": "그레이",
      "EUru": "Серый"
    }
  },
  {
    "id": 5335,
    "Cloth Name": "frog cap",
    "variant_id": "687_Helmet_05335",
    "locale": {
      "USen": "Green",
      "EUen": "Green",
      "EUde": "Grün",
      "EUes": "Verde",
      "USes": "Verde",
      "EUfr": "Vert",
      "USfr": "Vert",
      "EUit": "Verde",
      "EUnl": "Groen",
      "CNzh": "绿色",
      "TWzh": "綠色",
      "JPja": "グリーン",
      "KRko": "그린",
      "EUru": "Зеленый"
    }
  },
  {
    "id": 11697,
    "Cloth Name": "frog cap",
    "variant_id": "687_Helmet_11697",
    "locale": {
      "USen": "Blue",
      "EUen": "Blue",
      "EUde": "Blau",
      "EUes": "Azul",
      "USes": "Azul",
      "EUfr": "Bleu",
      "USfr": "Bleu",
      "EUit": "Blu",
      "EUnl": "Blauw",
      "CNzh": "蓝色",
      "TWzh": "藍色",
      "JPja": "ブルー",
      "KRko": "블루",
      "EUru": "Синий"
    }
  },
  {
    "id": 11698,
    "Cloth Name": "frog cap",
    "variant_id": "687_Helmet_11698",
    "locale": {
      "USen": "Red",
      "EUen": "Red",
      "EUde": "Rot",
      "EUes": "Rojo",
      "USes": "Rojo",
      "EUfr": "Rouge",
      "USfr": "Rouge",
      "EUit": "Rosso",
      "EUnl": "Rood",
      "CNzh": "红色",
      "TWzh": "紅色",
      "JPja": "レッド",
      "KRko": "레드",
      "EUru": "Красный"
    }
  },
  {
    "id": 11699,
    "Cloth Name": "frog cap",
    "variant_id": "687_Helmet_11699",
    "locale": {
      "USen": "Yellow",
      "EUen": "Yellow",
      "EUde": "Gelb",
      "EUes": "Amarillo",
      "USes": "Amarillo",
      "EUfr": "Jaune",
      "USfr": "Jaune",
      "EUit": "Giallo",
      "EUnl": "Geel",
      "CNzh": "黄色",
      "TWzh": "黃色",
      "JPja": "イエロー",
      "KRko": "옐로",
      "EUru": "Желтый"
    }
  },
  {
    "id": 5346,
    "Cloth Name": "gold helmet",
    "variant_id": "692_Helmet_05346",
    "locale": {
      "USen": "Gold",
      "EUen": "Gold",
      "EUde": "Gold",
      "EUes": "Dorado",
      "USes": "Dorado",
      "EUfr": "Or",
      "USfr": "Or",
      "EUit": "Dorato",
      "EUnl": "Goud",
      "CNzh": "金色",
      "TWzh": "金色",
      "JPja": "ゴールド",
      "KRko": "골드",
      "EUru": "Золотой"
    }
  },
  {
    "id": 5373,
    "Cloth Name": "football helmet",
    "variant_id": "697_Helmet_05373",
    "locale": {
      "USen": "Green",
      "EUen": "Green",
      "EUde": "Grün",
      "EUes": "Verde",
      "USes": "Verde",
      "EUfr": "Vert",
      "USfr": "Vert",
      "EUit": "Verde",
      "EUnl": "Groen",
      "CNzh": "绿色",
      "TWzh": "綠色",
      "JPja": "グリーン",
      "KRko": "그린",
      "EUru": "Зеленый"
    }
  },
  {
    "id": 11604,
    "Cloth Name": "football helmet",
    "variant_id": "697_Helmet_11604",
    "locale": {
      "USen": "White",
      "EUen": "White",
      "EUde": "Weiß",
      "EUes": "Blanco",
      "USes": "Blanco",
      "EUfr": "Blanc",
      "USfr": "Blanc",
      "EUit": "Bianco",
      "EUnl": "Wit",
      "CNzh": "白色",
      "TWzh": "白色",
      "JPja": "ホワイト",
      "KRko": "화이트",
      "EUru": "Белый"
    }
  },
  {
    "id": 11605,
    "Cloth Name": "football helmet",
    "variant_id": "697_Helmet_11605",
    "locale": {
      "USen": "Yellow",
      "EUen": "Yellow",
      "EUde": "Gelb",
      "EUes": "Amarillo",
      "USes": "Amarillo",
      "EUfr": "Jaune",
      "USfr": "Jaune",
      "EUit": "Giallo",
      "EUnl": "Geel",
      "CNzh": "黄色",
      "TWzh": "黃色",
      "JPja": "イエロー",
      "KRko": "옐로",
      "EUru": "Желтый"
    }
  },
  {
    "id": 11606,
    "Cloth Name": "football helmet",
    "variant_id": "697_Helmet_11606",
    "locale": {
      "USen": "Berry red",
      "EUen": "Berry red",
      "EUde": "Weinrot",
      "EUes": "Burdeos",
      "USes": "Granate",
      "EUfr": "Bordeaux",
      "USfr": "Bordeaux",
      "EUit": "Rosso lampone",
      "EUnl": "Bessenrood",
      "CNzh": "酒红色",
      "TWzh": "酒紅 色",
      "JPja": "ワインレッド",
      "KRko": "와인 레드",
      "EUru": "Ягодно-красный"
    }
  },
  {
    "id": 11607,
    "Cloth Name": "football helmet",
    "variant_id": "697_Helmet_11607",
    "locale": {
      "USen": "Blue",
      "EUen": "Blue",
      "EUde": "Blau",
      "EUes": "Azul",
      "USes": "Azul",
      "EUfr": "Bleu",
      "USfr": "Bleu",
      "EUit": "Blu",
      "EUnl": "Blauw",
      "CNzh": "蓝色",
      "TWzh": "藍色",
      "JPja": "ブルー",
      "KRko": "블루",
      "EUru": "Синий"
    }
  },
  {
    "id": 11608,
    "Cloth Name": "football helmet",
    "variant_id": "697_Helmet_11608",
    "locale": {
      "USen": "Turquoise",
      "EUen": "Turquoise",
      "EUde": "Türkis",
      "EUes": "Turquesa",
      "USes": "Turquesa",
      "EUfr": "Turquoise",
      "USfr": "Turquoise",
      "EUit": "Turchese",
      "EUnl": "Turkoois",
      "CNzh": "绿松石色",
      "TWzh": "綠松色",
      "JPja": "ターコイズ",
      "KRko": "터콰이즈",
      "EUru": "Бирюзовый"
    }
  },
  {
    "id": 11609,
    "Cloth Name": "football helmet",
    "variant_id": "697_Helmet_11609",
    "locale": {
      "USen": "Red",
      "EUen": "Red",
      "EUde": "Rot",
      "EUes": "Rojo",
      "USes": "Rojo",
      "EUfr": "Rouge",
      "USfr": "Rouge",
      "EUit": "Rosso",
      "EUnl": "Rood",
      "CNzh": "红色",
      "TWzh": "紅色",
      "JPja": "レッド",
      "KRko": "레드",
      "EUru": "Красный"
    }
  },
  {
    "id": 11610,
    "Cloth Name": "football helmet",
    "variant_id": "697_Helmet_11610",
    "locale": {
      "USen": "Black",
      "EUen": "Black",
      "EUde": "Schwarz",
      "EUes": "Negro",
      "USes": "Negro",
      "EUfr": "Noir",
      "USfr": "Noir",
      "EUit": "Nero",
      "EUnl": "Zwart",
      "CNzh": "黑色",
      "TWzh": "黑色",
      "JPja": "ブラック",
      "KRko": "블랙",
      "EUru": "Черный"
    }
  },
  {
    "id": 5374,
    "Cloth Name": "firefighter's hat",
    "variant_id": "698_Helmet_05374",
    "locale": {
      "USen": "Black",
      "EUen": "Black",
      "EUde": "Schwarz",
      "EUes": "Negro",
      "USes": "Negro",
      "EUfr": "Noir",
      "USfr": "Noir",
      "EUit": "Nero",
      "EUnl": "Zwart",
      "CNzh": "黑色",
      "TWzh": "黑色",
      "JPja": "ブラック",
      "KRko": "블랙",
      "EUru": "Черный"
    }
  },
  {
    "id": 11617,
    "Cloth Name": "firefighter's hat",
    "variant_id": "698_Helmet_11617",
    "locale": {
      "USen": "Flame orange",
      "EUen": "Flame orange",
      "EUde": "Feurig",
      "EUes": "Rojo",
      "USes": "Rojo",
      "EUfr": "Flamme",
      "USfr": "Flamme",
      "EUit": "Arancione fiamma",
      "EUnl": "Vlammend oranje",
      "CNzh": "火红色",
      "TWzh": "火紅色",
      "JPja": "ファイアーカラー",
      "KRko": "파이어 컬러",
      "EUru": "Огненно-красный"
    }
  },
  {
    "id": 11618,
    "Cloth Name": "firefighter's hat",
    "variant_id": "698_Helmet_11618",
    "locale": {
      "USen": "Brown",
      "EUen": "Brown",
      "EUde": "Braun",
      "EUes": "Marrón",
      "USes": "Marrón",
      "EUfr": "Brun",
      "USfr": "Brun",
      "EUit": "Marrone",
      "EUnl": "Bruin",
      "CNzh": "棕色",
      "TWzh": "棕色",
      "JPja": "ブラウン",
      "KRko": "브라운",
      "EUru": "Коричневый"
    }
  },
  {
    "id": 11619,
    "Cloth Name": "firefighter's hat",
    "variant_id": "698_Helmet_11619",
    "locale": {
      "USen": "Lime yellow",
      "EUen": "Lime yellow",
      "EUde": "Gelbgrün",
      "EUes": "Verde lima",
      "USes": "Verde claro",
      "EUfr": "Citron vert",
      "USfr": "Lime",
      "EUit": "Giallo limetta",
      "EUnl": "Limoengeel",
      "CNzh": "莱姆黄",
      "TWzh": "萊姆黃",
      "JPja": "ライムイエロー",
      "KRko": "라임 옐로",
      "EUru": "Лимонно-желтый"
    }
  },
  {
    "id": 11620,
    "Cloth Name": "firefighter's hat",
    "variant_id": "698_Helmet_11620",
    "locale": {
      "USen": "Avocado",
      "EUen": "Avocado",
      "EUde": "Avocado",
      "EUes": "Verde bosque",
      "USes": "Verde musgo",
      "EUfr": "Vert kaki",
      "USfr": "Vert kaki",
      "EUit": "Avocado",
      "EUnl": "Avocadogroen",
      "CNzh": "卡其色",
      "TWzh": "卡其色",
      "JPja": "カーキ",
      "KRko": "카키",
      "EUru": "Защитный"
    }
  },
  {
    "id": 5381,
    "Cloth Name": "welding mask",
    "variant_id": "699_Helmet_05381",
    "locale": {
      "USen": "Red",
      "EUen": "Red",
      "EUde": "Rot",
      "EUes": "Rojo",
      "USes": "Rojo",
      "EUfr": "Rouge",
      "USfr": "Rouge",
      "EUit": "Rosso",
      "EUnl": "Rood",
      "CNzh": "红色",
      "TWzh": "紅色",
      "JPja": "レッド",
      "KRko": "레드",
      "EUru": "Красный"
    }
  },
  {
    "id": 5386,
    "Cloth Name": "samurai helmet",
    "variant_id": "702_Helmet_05386",
    "locale": {
      "USen": "Red",
      "EUen": "Red",
      "EUde": "Rot",
      "EUes": "Rojo",
      "USes": "Rojo",
      "EUfr": "Rouge",
      "USfr": "Rouge",
      "EUit": "Rosso",
      "EUnl": "Rood",
      "CNzh": "红色",
      "TWzh": "紅色",
      "JPja": "あか",
      "KRko": "빨간색",
      "EUru": "Красный"
    }
  },
  {
    "id": 11877,
    "Cloth Name": "samurai helmet",
    "variant_id": "702_Helmet_11877",
    "locale": {
      "USen": "Black",
      "EUen": "Black",
      "EUde": "Schwarz",
      "EUes": "Negro",
      "USes": "Negro",
      "EUfr": "Noir",
      "USfr": "Noir",
      "EUit": "Nero",
      "EUnl": "Zwart",
      "CNzh": "黑色",
      "TWzh": "黑色",
      "JPja": "くろ",
      "KRko": "검은색",
      "EUru": "Черный"
    }
  },
  {
    "id": 11878,
    "Cloth Name": "samurai helmet",
    "variant_id": "702_Helmet_11878",
    "locale": {
      "USen": "Blue",
      "EUen": "Blue",
      "EUde": "Blau",
      "EUes": "Azul",
      "USes": "Azul",
      "EUfr": "Bleu",
      "USfr": "Bleu",
      "EUit": "Blu",
      "EUnl": "Blauw",
      "CNzh": "蓝色",
      "TWzh": "藍色",
      "JPja": "あお",
      "KRko": "파란색",
      "EUru": "Синий"
    }
  },
  {
    "id": 11879,
    "Cloth Name": "samurai helmet",
    "variant_id": "702_Helmet_11879",
    "locale": {
      "USen": "White",
      "EUen": "White",
      "EUde": "Weiß",
      "EUes": "Blanco",
      "USes": "Blanco",
      "EUfr": "Blanc",
      "USfr": "Blanc",
      "EUit": "Bianco",
      "EUnl": "Wit",
      "CNzh": "白色",
      "TWzh": "白色",
      "JPja": "しろ",
      "KRko": "하얀색",
      "EUru": "Белый"
    }
  },
  {
    "id": 11880,
    "Cloth Name": "samurai helmet",
    "variant_id": "702_Helmet_11880",
    "locale": {
      "USen": "Golden yellow",
      "EUen": "Golden yellow",
      "EUde": "Goldgelb",
      "EUes": "Amarillo dorado",
      "USes": "Amarillo dorado",
      "EUfr": "Jaune orangé",
      "USfr": "Jaune orangé",
      "EUit": "Giallo oro",
      "EUnl": "Goudgeel",
      "CNzh": "金黄色",
      "TWzh": "金黃色",
      "JPja": "やまぶきいろ",
      "KRko": "황금색",
      "EUru": "Золотисто-желтый"
    }
  },
  {
    "id": 5365,
    "Cloth Name": "milkmaid hat",
    "variant_id": "704_Helmet_05365",
    "locale": {
      "USen": "White",
      "EUen": "White",
      "EUde": "Weiß",
      "EUes": "Blanco",
      "USes": "Blanco",
      "EUfr": "Blanc",
      "USfr": "Blanc",
      "EUit": "Bianco",
      "EUnl": "Wit",
      "CNzh": "白色",
      "TWzh": "白色",
      "JPja": "ホワイト",
      "KRko": "화이트",
      "EUru": "Белый"
    }
  },
  {
    "id": 5362,
    "Cloth Name": "pilot's cap",
    "variant_id": "706_Helmet_05362",
    "locale": {
      "USen": "Brown",
      "EUen": "Brown",
      "EUde": "Braun",
      "EUes": "Marrón",
      "USes": "Marrón",
      "EUfr": "Brun",
      "USfr": "Brun",
      "EUit": "Marrone",
      "EUnl": "Bruin",
      "CNzh": "棕色",
      "TWzh": "棕色",
      "JPja": "ブラウン",
      "KRko": "브라운",
      "EUru": "Коричневый"
    }
  },
  {
    "id": 11613,
    "Cloth Name": "pilot's cap",
    "variant_id": "706_Helmet_11613",
    "locale": {
      "USen": "Black",
      "EUen": "Black",
      "EUde": "Schwarz",
      "EUes": "Negro",
      "USes": "Negro",
      "EUfr": "Noir",
      "USfr": "Noir",
      "EUit": "Nero",
      "EUnl": "Zwart",
      "CNzh": "黑色",
      "TWzh": "黑色",
      "JPja": "ブラック",
      "KRko": "블랙",
      "EUru": "Черный"
    }
  },
  {
    "id": 11614,
    "Cloth Name": "pilot's cap",
    "variant_id": "706_Helmet_11614",
    "locale": {
      "USen": "Avocado",
      "EUen": "Avocado",
      "EUde": "Avocado",
      "EUes": "Verde bosque",
      "USes": "Verde musgo",
      "EUfr": "Vert kaki",
      "USfr": "Vert kaki",
      "EUit": "Avocado",
      "EUnl": "Avocadogroen",
      "CNzh": "卡其色",
      "TWzh": "卡其色",
      "JPja": "カーキ",
      "KRko": "카키",
      "EUru": "Защитный"
    }
  },
  {
    "id": 5363,
    "Cloth Name": "baby's hat",
    "variant_id": "707_Helmet_05363",
    "locale": {
      "USen": "Baby mint",
      "EUen": "Baby mint",
      "EUde": "Minzgrün",
      "EUes": "Turquesa pastel",
      "USes": "Turquesa pastel",
      "EUfr": "Turquoise pastel",
      "USfr": "Turquoise pastel",
      "EUit": "Menta pastello",
      "EUnl": "Mintgroen",
      "CNzh": "嫩薄荷色",
      "TWzh": "粉嫩薄荷綠",
      "JPja": "ベビーミント",
      "KRko": "베이비 민트",
      "EUru": "Нежно-мятный"
    }
  },
  {
    "id": 11853,
    "Cloth Name": "baby's hat",
    "variant_id": "707_Helmet_11853",
    "locale": {
      "USen": "Baby purple",
      "EUen": "Baby purple",
      "EUde": "Lila",
      "EUes": "Morado pastel",
      "USes": "Morado pastel",
      "EUfr": "Violet pastel",
      "USfr": "Mauve pastel",
      "EUit": "Viola pastello",
      "EUnl": "Paars",
      "CNzh": "嫩紫色",
      "TWzh": "粉嫩紫色",
      "JPja": "ベビーパープル",
      "KRko": "베이비 퍼플",
      "EUru": "Нежно-фиолетовый"
    }
  },
  {
    "id": 11854,
    "Cloth Name": "baby's hat",
    "variant_id": "707_Helmet_11854",
    "locale": {
      "USen": "Baby yellow",
      "EUen": "Baby yellow",
      "EUde": "Gelb",
      "EUes": "Amarillo pastel",
      "USes": "Amarillo pastel",
      "EUfr": "Jaune pastel",
      "USfr": "Jaune pastel",
      "EUit": "Giallo pastello",
      "EUnl": "Geel",
      "CNzh": "嫩黄色",
      "TWzh": "粉嫩黃色",
      "JPja": "ベビーイエロー",
      "KRko": "베이비 옐로",
      "EUru": "Нежно-желтый"
    }
  },
  {
    "id": 11855,
    "Cloth Name": "baby's hat",
    "variant_id": "707_Helmet_11855",
    "locale": {
      "USen": "Baby green",
      "EUen": "Baby green",
      "EUde": "Grün",
      "EUes": "Verde pastel",
      "USes": "Verde pastel",
      "EUfr": "Vert pastel",
      "USfr": "Vert pastel",
      "EUit": "Verde pastello",
      "EUnl": "Groen",
      "CNzh": "嫩绿色",
      "TWzh": "粉嫩綠色",
      "JPja": "ベビーグリーン",
      "KRko": "베이비 그린",
      "EUru": "Нежно-зеленый"
    }
  },
  {
    "id": 11856,
    "Cloth Name": "baby's hat",
    "variant_id": "707_Helmet_11856",
    "locale": {
      "USen": "Baby pink",
      "EUen": "Baby pink",
      "EUde": "Rosa",
      "EUes": "Rosa pastel",
      "USes": "Rosa pastel",
      "EUfr": "Rose pastel",
      "USfr": "Rose pastel",
      "EUit": "Rosa pastello",
      "EUnl": "Roze",
      "CNzh": "嫩粉红色",
      "TWzh": "粉 嫩粉紅色",
      "JPja": "ベビーピンク",
      "KRko": "베이비 핑크",
      "EUru": "Нежно-розовый"
    }
  },
  {
    "id": 11857,
    "Cloth Name": "baby's hat",
    "variant_id": "707_Helmet_11857",
    "locale": {
      "USen": "Baby gray",
      "EUen": "Baby gray",
      "EUde": "Grau",
      "EUes": "Gris pastel",
      "USes": "Gris pastel",
      "EUfr": "Gris pastel",
      "USfr": "Gris pastel",
      "EUit": "Grigio pastello",
      "EUnl": "Grijs",
      "CNzh": "嫩灰色",
      "TWzh": "粉嫩灰色",
      "JPja": "ベビーグレー",
      "KRko": "베이비 그레이",
      "EUru": "Нежно-серый"
    }
  },
  {
    "id": 11858,
    "Cloth Name": "baby's hat",
    "variant_id": "707_Helmet_11858",
    "locale": {
      "USen": "Baby blue",
      "EUen": "Baby blue",
      "EUde": "Blau",
      "EUes": "Azul pastel",
      "USes": "Azul pastel",
      "EUfr": "Bleu pastel",
      "USfr": "Bleu pastel",
      "EUit": "Blu pastello",
      "EUnl": "Blauw",
      "CNzh": "嫩蓝色",
      "TWzh": "粉嫩 藍色",
      "JPja": "ベビーブルー",
      "KRko": "베이비 블루",
      "EUru": "Нежно-синий"
    }
  },
  {
    "id": 11859,
    "Cloth Name": "baby's hat",
    "variant_id": "707_Helmet_11859",
    "locale": {
      "USen": "Baby orange",
      "EUen": "Baby orange",
      "EUde": "Orange",
      "EUes": "Naranja pastel",
      "USes": "Naranja pastel",
      "EUfr": "Orange pastel",
      "USfr": "Orange pastel",
      "EUit": "Arancione pastello",
      "EUnl": "Oranje",
      "CNzh": "嫩橘色",
      "TWzh": "粉嫩橘色",
      "JPja": "ベビーオレンジ",
      "KRko": "베이비 오렌지",
      "EUru": "Нежно-оранжевый"
    }
  },
  {
    "id": 5364,
    "Cloth Name": "ninja hood",
    "variant_id": "708_Helmet_05364",
    "locale": {
      "USen": "Dark blue",
      "EUen": "Dark blue",
      "EUde": "Dunkelblau",
      "EUes": "Azul oscuro",
      "USes": "Azul oscuro",
      "EUfr": "Bleu foncé",
      "USfr": "Bleu foncé",
      "EUit": "Blu scuro",
      "EUnl": "Donkerblauw",
      "CNzh": "蓝紫色",
      "TWzh": "紫藍色",
      "JPja": "こん",
      "KRko": "남색",
      "EUru": "Темно-синий"
    }
  },
  {
    "id": 11870,
    "Cloth Name": "ninja hood",
    "variant_id": "708_Helmet_11870",
    "locale": {
      "USen": "Gray",
      "EUen": "Gray",
      "EUde": "Grau",
      "EUes": "Gris",
      "USes": "Gris",
      "EUfr": "Gris",
      "USfr": "Gris",
      "EUit": "Grigio",
      "EUnl": "Grijs",
      "CNzh": "灰色",
      "TWzh": "灰色",
      "JPja": "はいいろ",
      "KRko": "회색",
      "EUru": "Серый"
    }
  },
  {
    "id": 11871,
    "Cloth Name": "ninja hood",
    "variant_id": "708_Helmet_11871",
    "locale": {
      "USen": "Red",
      "EUen": "Red",
      "EUde": "Rot",
      "EUes": "Rojo",
      "USes": "Rojo",
      "EUfr": "Rouge",
      "USfr": "Rouge",
      "EUit": "Rosso",
      "EUnl": "Rood",
      "CNzh": "红色",
      "TWzh": "紅色",
      "JPja": "あか",
      "KRko": "빨간색",
      "EUru": "Красный"
    }
  },
  {
    "id": 11872,
    "Cloth Name": "ninja hood",
    "variant_id": "708_Helmet_11872",
    "locale": {
      "USen": "Purple",
      "EUen": "Purple",
      "EUde": "Lila",
      "EUes": "Púrpura",
      "USes": "Morado",
      "EUfr": "Violet",
      "USfr": "Mauve",
      "EUit": "Viola",
      "EUnl": "Paars",
      "CNzh": "紫色",
      "TWzh": "紫色",
      "JPja": "むらさき",
      "KRko": "보라색",
      "EUru": "Фиолетовый"
    }
  },
  {
    "id": 11873,
    "Cloth Name": "ninja hood",
    "variant_id": "708_Helmet_11873",
    "locale": {
      "USen": "Aqua",
      "EUen": "Aqua",
      "EUde": "Hellblau",
      "EUes": "Celeste",
      "USes": "Turquesa",
      "EUfr": "Bleu clair",
      "USfr": "Bleu pâle",
      "EUit": "Blu chiaro",
      "EUnl": "Lichtblauw",
      "CNzh": "水蓝色",
      "TWzh": "水藍色",
      "JPja": "みずいろ",
      "KRko": "하늘색",
      "EUru": "Аквамариновый"
    }
  },
  {
    "id": 11874,
    "Cloth Name": "ninja hood",
    "variant_id": "708_Helmet_11874",
    "locale": {
      "USen": "Green",
      "EUen": "Green",
      "EUde": "Grün",
      "EUes": "Verde",
      "USes": "Verde",
      "EUfr": "Vert",
      "USfr": "Vert",
      "EUit": "Verde",
      "EUnl": "Groen",
      "CNzh": "绿色",
      "TWzh": "綠色",
      "JPja": "みどり",
      "KRko": "초록색",
      "EUru": "Зеленый"
    }
  },
  {
    "id": 11875,
    "Cloth Name": "ninja hood",
    "variant_id": "708_Helmet_11875",
    "locale": {
      "USen": "Yellow",
      "EUen": "Yellow",
      "EUde": "Gelb",
      "EUes": "Amarillo",
      "USes": "Amarillo",
      "EUfr": "Jaune",
      "USfr": "Jaune",
      "EUit": "Giallo",
      "EUnl": "Geel",
      "CNzh": "黄色",
      "TWzh": "黃色",
      "JPja": "きいろ",
      "KRko": "노란색",
      "EUru": "Желтый"
    }
  },
  {
    "id": 11876,
    "Cloth Name": "ninja hood",
    "variant_id": "708_Helmet_11876",
    "locale": {
      "USen": "Orange",
      "EUen": "Orange",
      "EUde": "Orange",
      "EUes": "Naranja",
      "USes": "Naranja",
      "EUfr": "Orange",
      "USfr": "Orange",
      "EUit": "Arancione",
      "EUnl": "Oranje",
      "CNzh": "橘色",
      "TWzh": "橘色",
      "JPja": "だいだい",
      "KRko": "귤색",
      "EUru": "Оранжевый"
    }
  },
  {
    "id": 5366,
    "Cloth Name": "batter's helmet",
    "variant_id": "709_Helmet_05366",
    "locale": {
      "USen": "Red",
      "EUen": "Red",
      "EUde": "Rot",
      "EUes": "Rojo",
      "USes": "Rojo",
      "EUfr": "Rouge",
      "USfr": "Rouge",
      "EUit": "Rosso",
      "EUnl": "Rood",
      "CNzh": "红色",
      "TWzh": "紅色",
      "JPja": "レッド",
      "KRko": "레드",
      "EUru": "Красный"
    }
  },
  {
    "id": 11596,
    "Cloth Name": "batter's helmet",
    "variant_id": "709_Helmet_11596",
    "locale": {
      "USen": "Navy blue",
      "EUen": "Navy blue",
      "EUde": "Marineblau",
      "EUes": "Azul marino",
      "USes": "Azul marino",
      "EUfr": "Bleu marine",
      "USfr": "Bleu marine",
      "EUit": "Blu marino",
      "EUnl": "Marineblauw",
      "CNzh": "海军蓝",
      "TWzh": "海軍藍",
      "JPja": "ネイビー",
      "KRko": "네이비",
      "EUru": "Черно-синий"
    }
  },
  {
    "id": 11597,
    "Cloth Name": "batter's helmet",
    "variant_id": "709_Helmet_11597",
    "locale": {
      "USen": "Green",
      "EUen": "Green",
      "EUde": "Grün",
      "EUes": "Verde",
      "USes": "Verde",
      "EUfr": "Vert",
      "USfr": "Vert",
      "EUit": "Verde",
      "EUnl": "Groen",
      "CNzh": "绿色",
      "TWzh": "綠色",
      "JPja": "グリーン",
      "KRko": "그린",
      "EUru": "Зеленый"
    }
  },
  {
    "id": 11598,
    "Cloth Name": "batter's helmet",
    "variant_id": "709_Helmet_11598",
    "locale": {
      "USen": "Orange",
      "EUen": "Orange",
      "EUde": "Orange",
      "EUes": "Naranja",
      "USes": "Naranja",
      "EUfr": "Orange",
      "USfr": "Orange",
      "EUit": "Arancio",
      "EUnl": "Oranje",
      "CNzh": "橘色",
      "TWzh": "橘色",
      "JPja": "オレンジ",
      "KRko": "오렌지",
      "EUru": "Оранжевый"
    }
  },
  {
    "id": 11599,
    "Cloth Name": "batter's helmet",
    "variant_id": "709_Helmet_11599",
    "locale": {
      "USen": "Yellow",
      "EUen": "Yellow",
      "EUde": "Gelb",
      "EUes": "Amarillo",
      "USes": "Amarillo",
      "EUfr": "Jaune",
      "USfr": "Jaune",
      "EUit": "Giallo",
      "EUnl": "Geel",
      "CNzh": "黄色",
      "TWzh": "黃色",
      "JPja": "イエロー",
      "KRko": "옐로",
      "EUru": "Желтый"
    }
  },
  {
    "id": 5368,
    "Cloth Name": "wrestling mask",
    "variant_id": "711_Helmet_05368",
    "locale": {
      "USen": "Red",
      "EUen": "Red",
      "EUde": "Rot",
      "EUes": "Rojo",
      "USes": "Rojo",
      "EUfr": "Rouge",
      "USfr": "Rouge",
      "EUit": "Rosso",
      "EUnl": "Rood",
      "CNzh": "红色",
      "TWzh": "紅色",
      "JPja": "レッド",
      "KRko": "레드",
      "EUru": "Красный"
    }
  },
  {
    "id": 11829,
    "Cloth Name": "wrestling mask",
    "variant_id": "711_Helmet_11829",
    "locale": {
      "USen": "Blue",
      "EUen": "Blue",
      "EUde": "Blau",
      "EUes": "Azul",
      "USes": "Azul",
      "EUfr": "Bleu",
      "USfr": "Bleu",
      "EUit": "Blu",
      "EUnl": "Blauw",
      "CNzh": "蓝色",
      "TWzh": "藍色",
      "JPja": "ブルー",
      "KRko": "블루",
      "EUru": "Синий"
    }
  },
  {
    "id": 11830,
    "Cloth Name": "wrestling mask",
    "variant_id": "711_Helmet_11830",
    "locale": {
      "USen": "Green",
      "EUen": "Green",
      "EUde": "Grün",
      "EUes": "Verde",
      "USes": "Verde",
      "EUfr": "Vert",
      "USfr": "Vert",
      "EUit": "Verde",
      "EUnl": "Groen",
      "CNzh": "绿色",
      "TWzh": "綠色",
      "JPja": "グリーン",
      "KRko": "그린",
      "EUru": "Зеленый"
    }
  },
  {
    "id": 11831,
    "Cloth Name": "wrestling mask",
    "variant_id": "711_Helmet_11831",
    "locale": {
      "USen": "Pink",
      "EUen": "Pink",
      "EUde": "Rosa",
      "EUes": "Rosa",
      "USes": "Rosa",
      "EUfr": "Rose",
      "USfr": "Rose",
      "EUit": "Rosa",
      "EUnl": "Roze",
      "CNzh": "粉红",
      "TWzh": "粉紅色",
      "JPja": "ピンク",
      "KRko": "핑크",
      "EUru": "Розовый"
    }
  },
  {
    "id": 11832,
    "Cloth Name": "wrestling mask",
    "variant_id": "711_Helmet_11832",
    "locale": {
      "USen": "Black",
      "EUen": "Black",
      "EUde": "Schwarz",
      "EUes": "Negro",
      "USes": "Negro",
      "EUfr": "Noir",
      "USfr": "Noir",
      "EUit": "Nero",
      "EUnl": "Zwart",
      "CNzh": "黑色",
      "TWzh": "黑色",
      "JPja": "ブラック",
      "KRko": "블랙",
      "EUru": "Черный"
    }
  },
  {
    "id": 11833,
    "Cloth Name": "wrestling mask",
    "variant_id": "711_Helmet_11833",
    "locale": {
      "USen": "Yellow",
      "EUen": "Yellow",
      "EUde": "Gelb",
      "EUes": "Amarillo",
      "USes": "Amarillo",
      "EUfr": "Jaune",
      "USfr": "Jaune",
      "EUit": "Giallo",
      "EUnl": "Geel",
      "CNzh": "黄色",
      "TWzh": "黃色",
      "JPja": "イエロー",
      "KRko": "옐로",
      "EUru": "Желтый"
    }
  },
  {
    "id": 5369,
    "Cloth Name": "hot-dog hood",
    "variant_id": "712_Helmet_05369",
    "locale": {
      "USen": "Red",
      "EUen": "Red",
      "EUde": "Rot",
      "EUes": "Rojo",
      "USes": "Rojo",
      "EUfr": "Rouge",
      "USfr": "Rouge",
      "EUit": "Rosso",
      "EUnl": "Rood",
      "CNzh": "红色",
      "TWzh": "紅色",
      "JPja": "レッド",
      "KRko": "레드",
      "EUru": "Красный"
    }
  },
  {
    "id": 5370,
    "Cloth Name": "knit cap with earflaps",
    "variant_id": "713_Helmet_05370",
    "locale": {
      "USen": "Beige",
      "EUen": "Beige",
      "EUde": "Beige",
      "EUes": "Beis",
      "USes": "Beige",
      "EUfr": "Beige",
      "USfr": "Beige",
      "EUit": "Beige",
      "EUnl": "Beige",
      "CNzh": "米色",
      "TWzh": "米色",
      "JPja": "ベージュ",
      "KRko": "베이지",
      "EUru": "Бежевый"
    }
  },
  {
    "id": 10944,
    "Cloth Name": "knit cap with earflaps",
    "variant_id": "713_Helmet_10944",
    "locale": {
      "USen": "Blue",
      "EUen": "Blue",
      "EUde": "Blau",
      "EUes": "Azul",
      "USes": "Azul",
      "EUfr": "Bleu",
      "USfr": "Bleu",
      "EUit": "Blu",
      "EUnl": "Blauw",
      "CNzh": "蓝色",
      "TWzh": "藍色",
      "JPja": "ブルー",
      "KRko": "블루",
      "EUru": "Синий"
    }
  },
  {
    "id": 10945,
    "Cloth Name": "knit cap with earflaps",
    "variant_id": "713_Helmet_10945",
    "locale": {
      "USen": "Pink",
      "EUen": "Pink",
      "EUde": "Rosa",
      "EUes": "Rosa",
      "USes": "Rosa",
      "EUfr": "Rose",
      "USfr": "Rose",
      "EUit": "Rosa",
      "EUnl": "Roze",
      "CNzh": "粉红",
      "TWzh": "粉紅色",
      "JPja": "ピンク",
      "KRko": "핑크",
      "EUru": "Розовый"
    }
  },
  {
    "id": 10946,
    "Cloth Name": "knit cap with earflaps",
    "variant_id": "713_Helmet_10946",
    "locale": {
      "USen": "Green",
      "EUen": "Green",
      "EUde": "Grün",
      "EUes": "Verde",
      "USes": "Verde",
      "EUfr": "Vert",
      "USfr": "Vert",
      "EUit": "Verde",
      "EUnl": "Groen",
      "CNzh": "绿色",
      "TWzh": "綠色",
      "JPja": "グリーン",
      "KRko": "그린",
      "EUru": "Зеленый"
    }
  },
  {
    "id": 10947,
    "Cloth Name": "knit cap with earflaps",
    "variant_id": "713_Helmet_10947",
    "locale": {
      "USen": "Ruby red",
      "EUen": "Ruby red",
      "EUde": "Rouge",
      "EUes": "Carmesí",
      "USes": "Carmesí",
      "EUfr": "Framboise",
      "USfr": "Framboise",
      "EUit": "Bordò",
      "EUnl": "Robijnrood",
      "CNzh": "深红色",
      "TWzh": "胭脂紅",
      "JPja": "ルージュ",
      "KRko": "루비색",
      "EUru": "Рубиновый"
    }
  },
  {
    "id": 10948,
    "Cloth Name": "knit cap with earflaps",
    "variant_id": "713_Helmet_10948",
    "locale": {
      "USen": "Moss green",
      "EUen": "Moss green",
      "EUde": "Moosgrün",
      "EUes": "Verde musgo",
      "USes": "Verde musgo",
      "EUfr": "Vert mousse",
      "USfr": "Vert mousse",
      "EUit": "Verde muschio",
      "EUnl": "Mosgroen",
      "CNzh": "青苔绿",
      "TWzh": "青苔綠",
      "JPja": "モスグリーン",
      "KRko": "모스 그린",
      "EUru": "Болотный"
    }
  },
  {
    "id": 10949,
    "Cloth Name": "knit cap with earflaps",
    "variant_id": "713_Helmet_10949",
    "locale": {
      "USen": "Gray",
      "EUen": "Gray",
      "EUde": "Grau",
      "EUes": "Gris",
      "USes": "Gris",
      "EUfr": "Gris",
      "USfr": "Gris",
      "EUit": "Grigio",
      "EUnl": "Grijs",
      "CNzh": "灰色",
      "TWzh": "灰色",
      "JPja": "グレー",
      "KRko": "그레이",
      "EUru": "Серый"
    }
  },
  {
    "id": 5394,
    "Cloth Name": "space helmet",
    "variant_id": "717_Helmet_05394",
    "locale": {
      "USen": "White",
      "EUen": "White",
      "EUde": "Weiß",
      "EUes": "Blanco",
      "USes": "Blanco",
      "EUfr": "Blanc",
      "USfr": "Blanc",
      "EUit": "Bianco",
      "EUnl": "Wit",
      "CNzh": "白色",
      "TWzh": "白色",
      "JPja": "ホワイト",
      "KRko": "화이트",
      "EUru": "Белый"
    }
  },
  {
    "id": 5395,
    "Cloth Name": "paintball mask",
    "variant_id": "718_Helmet_05395",
    "locale": {
      "USen": "Black",
      "EUen": "Black",
      "EUde": "Schwarz",
      "EUes": "Negro",
      "USes": "Negro",
      "EUfr": "Noir",
      "USfr": "Noir",
      "EUit": "Nero",
      "EUnl": "Zwart",
      "CNzh": "黑色",
      "TWzh": "黑色",
      "JPja": "ブラック",
      "KRko": "블랙",
      "EUru": "Черный"
    }
  },
  {
    "id": 10227,
    "Cloth Name": "paintball mask",
    "variant_id": "718_Helmet_10227",
    "locale": {
      "USen": "White",
      "EUen": "White",
      "EUde": "Weiß",
      "EUes": "Blanco",
      "USes": "Blanco",
      "EUfr": "Blanc",
      "USfr": "Blanc",
      "EUit": "Bianco",
      "EUnl": "Wit",
      "CNzh": "白色",
      "TWzh": "白色",
      "JPja": "ホワイト",
      "KRko": "화이트",
      "EUru": "Белый"
    }
  },
  {
    "id": 10228,
    "Cloth Name": "paintball mask",
    "variant_id": "718_Helmet_10228",
    "locale": {
      "USen": "Olive",
      "EUen": "Olive",
      "EUde": "Olivgrün",
      "EUes": "Verde oliva",
      "USes": "Verde oliva",
      "EUfr": "Vert olive",
      "USfr": "Vert olive",
      "EUit": "Verde oliva",
      "EUnl": "Olijfgroen",
      "CNzh": "橄榄绿",
      "TWzh": "橄 欖綠",
      "JPja": "オリーブ",
      "KRko": "올리브",
      "EUru": "Оливковый"
    }
  },
  {
    "id": 10229,
    "Cloth Name": "paintball mask",
    "variant_id": "718_Helmet_10229",
    "locale": {
      "USen": "Yellow",
      "EUen": "Yellow",
      "EUde": "Gelb",
      "EUes": "Amarillo",
      "USes": "Amarillo",
      "EUfr": "Jaune",
      "USfr": "Jaune",
      "EUit": "Giallo",
      "EUnl": "Geel",
      "CNzh": "黄色",
      "TWzh": "黃色",
      "JPja": "イエロー",
      "KRko": "옐로",
      "EUru": "Желтый"
    }
  },
  {
    "id": 5423,
    "Cloth Name": "zap helmet",
    "variant_id": "738_Helmet_05423",
    "locale": {
      "USen": "Pink",
      "EUen": "Pink",
      "EUde": "Rosa",
      "EUes": "Rosa",
      "USes": "Rosa",
      "EUfr": "Rose",
      "USfr": "Rose",
      "EUit": "Rosa",
      "EUnl": "Roze",
      "CNzh": "粉红",
      "TWzh": "粉紅色",
      "JPja": "ピンク",
      "KRko": "핑크",
      "EUru": "Розовый"
    }
  },
  {
    "id": 11800,
    "Cloth Name": "zap helmet",
    "variant_id": "738_Helmet_11800",
    "locale": {
      "USen": "Blue",
      "EUen": "Blue",
      "EUde": "Blau",
      "EUes": "Azul",
      "USes": "Azul",
      "EUfr": "Bleu",
      "USfr": "Bleu",
      "EUit": "Blu",
      "EUnl": "Blauw",
      "CNzh": "蓝色",
      "TWzh": "藍色",
      "JPja": "ブルー",
      "KRko": "블루",
      "EUru": "Синий"
    }
  },
  {
    "id": 11801,
    "Cloth Name": "zap helmet",
    "variant_id": "738_Helmet_11801",
    "locale": {
      "USen": "Green",
      "EUen": "Green",
      "EUde": "Grün",
      "EUes": "Verde",
      "USes": "Verde",
      "EUfr": "Vert",
      "USfr": "Vert",
      "EUit": "Verde",
      "EUnl": "Groen",
      "CNzh": "绿色",
      "TWzh": "綠色",
      "JPja": "グリーン",
      "KRko": "그린",
      "EUru": "Зеленый"
    }
  },
  {
    "id": 11802,
    "Cloth Name": "zap helmet",
    "variant_id": "738_Helmet_11802",
    "locale": {
      "USen": "Red",
      "EUen": "Red",
      "EUde": "Rot",
      "EUes": "Rojo",
      "USes": "Rojo",
      "EUfr": "Rouge",
      "USfr": "Rouge",
      "EUit": "Rosso",
      "EUnl": "Rood",
      "CNzh": "红色",
      "TWzh": "紅色",
      "JPja": "レッド",
      "KRko": "레드",
      "EUru": "Красный"
    }
  },
  {
    "id": 11803,
    "Cloth Name": "zap helmet",
    "variant_id": "738_Helmet_11803",
    "locale": {
      "USen": "Yellow",
      "EUen": "Yellow",
      "EUde": "Gelb",
      "EUes": "Amarillo",
      "USes": "Amarillo",
      "EUfr": "Jaune",
      "USfr": "Jaune",
      "EUit": "Giallo",
      "EUnl": "Geel",
      "CNzh": "黄色",
      "TWzh": "黃色",
      "JPja": "イエロー",
      "KRko": "옐로",
      "EUru": "Желтый"
    }
  },
  {
    "id": 11804,
    "Cloth Name": "zap helmet",
    "variant_id": "738_Helmet_11804",
    "locale": {
      "USen": "Black",
      "EUen": "Black",
      "EUde": "Schwarz",
      "EUes": "Negro",
      "USes": "Negro",
      "EUfr": "Noir",
      "USfr": "Noir",
      "EUit": "Nero",
      "EUnl": "Zwart",
      "CNzh": "黑色",
      "TWzh": "黑色",
      "JPja": "ブラック",
      "KRko": "블랙",
      "EUru": "Черный"
    }
  },
  {
    "id": 11805,
    "Cloth Name": "zap helmet",
    "variant_id": "738_Helmet_11805",
    "locale": {
      "USen": "Silver",
      "EUen": "Silver",
      "EUde": "Silber",
      "EUes": "Plateado",
      "USes": "Plateado",
      "EUfr": "Argent",
      "USfr": "Argent",
      "EUit": "Argentato",
      "EUnl": "Zilver",
      "CNzh": "银色",
      "TWzh": "銀色",
      "JPja": "シルバー",
      "KRko": "실버",
      "EUru": "Серебряный"
    }
  },
  {
    "id": 11806,
    "Cloth Name": "zap helmet",
    "variant_id": "738_Helmet_11806",
    "locale": {
      "USen": "White",
      "EUen": "White",
      "EUde": "Weiß",
      "EUes": "Blanco",
      "USes": "Blanco",
      "EUfr": "Blanc",
      "USfr": "Blanc",
      "EUit": "Bianco",
      "EUnl": "Wit",
      "CNzh": "白色",
      "TWzh": "白色",
      "JPja": "ホワイト",
      "KRko": "화이트",
      "EUru": "Белый"
    }
  },
  {
    "id": 5434,
    "Cloth Name": "turban",
    "variant_id": "741_Helmet_05434",
    "locale": {
      "USen": "Purple",
      "EUen": "Purple",
      "EUde": "Lila",
      "EUes": "Púrpura",
      "USes": "Morado",
      "EUfr": "Violet",
      "USfr": "Mauve",
      "EUit": "Viola",
      "EUnl": "Paars",
      "CNzh": "紫色",
      "TWzh": "紫色",
      "JPja": "パープル",
      "KRko": "퍼플",
      "EUru": "Фиолетовый"
    }
  },
  {
    "id": 11863,
    "Cloth Name": "turban",
    "variant_id": "741_Helmet_11863",
    "locale": {
      "USen": "Blue",
      "EUen": "Blue",
      "EUde": "Blau",
      "EUes": "Azul",
      "USes": "Azul",
      "EUfr": "Bleu",
      "USfr": "Bleu",
      "EUit": "Blu",
      "EUnl": "Blauw",
      "CNzh": "蓝色",
      "TWzh": "藍色",
      "JPja": "ブルー",
      "KRko": "블루",
      "EUru": "Синий"
    }
  },
  {
    "id": 11864,
    "Cloth Name": "turban",
    "variant_id": "741_Helmet_11864",
    "locale": {
      "USen": "Pink",
      "EUen": "Pink",
      "EUde": "Rosa",
      "EUes": "Rosa",
      "USes": "Rosa",
      "EUfr": "Rose",
      "USfr": "Rose",
      "EUit": "Rosa",
      "EUnl": "Roze",
      "CNzh": "粉红",
      "TWzh": "粉紅色",
      "JPja": "ピンク",
      "KRko": "핑크",
      "EUru": "Розовый"
    }
  },
  {
    "id": 11865,
    "Cloth Name": "turban",
    "variant_id": "741_Helmet_11865",
    "locale": {
      "USen": "Yellow",
      "EUen": "Yellow",
      "EUde": "Gelb",
      "EUes": "Amarillo",
      "USes": "Amarillo",
      "EUfr": "Jaune",
      "USfr": "Jaune",
      "EUit": "Giallo",
      "EUnl": "Geel",
      "CNzh": "黄色",
      "TWzh": "黃色",
      "JPja": "イエロー",
      "KRko": "옐로",
      "EUru": "Желтый"
    }
  },
  {
    "id": 5435,
    "Cloth Name": "helmet with goggles",
    "variant_id": "742_Helmet_05435",
    "locale": {
      "USen": "Pink",
      "EUen": "Pink",
      "EUde": "Rosa",
      "EUes": "Rosa",
      "USes": "Rosa",
      "EUfr": "Rose",
      "USfr": "Rose",
      "EUit": "Rosa",
      "EUnl": "Roze",
      "CNzh": "粉红",
      "TWzh": "粉紅色",
      "JPja": "ピンク",
      "KRko": "핑크",
      "EUru": "Розовый"
    }
  },
  {
    "id": 10230,
    "Cloth Name": "helmet with goggles",
    "variant_id": "742_Helmet_10230",
    "locale": {
      "USen": "Green",
      "EUen": "Green",
      "EUde": "Grün",
      "EUes": "Verde",
      "USes": "Verde",
      "EUfr": "Vert",
      "USfr": "Vert",
      "EUit": "Verde",
      "EUnl": "Groen",
      "CNzh": "绿色",
      "TWzh": "綠色",
      "JPja": "グリーン",
      "KRko": "그린",
      "EUru": "Зеленый"
    }
  },
  {
    "id": 10231,
    "Cloth Name": "helmet with goggles",
    "variant_id": "742_Helmet_10231",
    "locale": {
      "USen": "Purple",
      "EUen": "Purple",
      "EUde": "Lila",
      "EUes": "Púrpura",
      "USes": "Morado",
      "EUfr": "Violet",
      "USfr": "Mauve",
      "EUit": "Viola",
      "EUnl": "Paars",
      "CNzh": "紫色",
      "TWzh": "紫色",
      "JPja": "パープル",
      "KRko": "퍼플",
      "EUru": "Фиолетовый"
    }
  },
  {
    "id": 10232,
    "Cloth Name": "helmet with goggles",
    "variant_id": "742_Helmet_10232",
    "locale": {
      "USen": "Blue",
      "EUen": "Blue",
      "EUde": "Blau",
      "EUes": "Azul",
      "USes": "Azul",
      "EUfr": "Bleu",
      "USfr": "Bleu",
      "EUit": "Blu",
      "EUnl": "Blauw",
      "CNzh": "蓝色",
      "TWzh": "藍色",
      "JPja": "ブルー",
      "KRko": "블루",
      "EUru": "Синий"
    }
  },
  {
    "id": 10233,
    "Cloth Name": "helmet with goggles",
    "variant_id": "742_Helmet_10233",
    "locale": {
      "USen": "Red",
      "EUen": "Red",
      "EUde": "Rot",
      "EUes": "Rojo",
      "USes": "Rojo",
      "EUfr": "Rouge",
      "USfr": "Rouge",
      "EUit": "Rosso",
      "EUnl": "Rood",
      "CNzh": "红色",
      "TWzh": "紅色",
      "JPja": "レッド",
      "KRko": "레드",
      "EUru": "Красный"
    }
  },
  {
    "id": 10234,
    "Cloth Name": "helmet with goggles",
    "variant_id": "742_Helmet_10234",
    "locale": {
      "USen": "Light blue",
      "EUen": "Light blue",
      "EUde": "Hellblau",
      "EUes": "Celeste",
      "USes": "Celeste",
      "EUfr": "Bleu clair",
      "USfr": "Bleu pâle",
      "EUit": "Blu chiaro",
      "EUnl": "Lichtblauw",
      "CNzh": "浅蓝 色",
      "TWzh": "淺藍色",
      "JPja": "ライトブルー",
      "KRko": "라이트 블루",
      "EUru": "Голубой"
    }
  },
  {
    "id": 10235,
    "Cloth Name": "helmet with goggles",
    "variant_id": "742_Helmet_10235",
    "locale": {
      "USen": "Black",
      "EUen": "Black",
      "EUde": "Schwarz",
      "EUes": "Negro",
      "USes": "Negro",
      "EUfr": "Noir",
      "USfr": "Noir",
      "EUit": "Nero",
      "EUnl": "Zwart",
      "CNzh": "黑色",
      "TWzh": "黑色",
      "JPja": "ブラック",
      "KRko": "블랙",
      "EUru": "Черный"
    }
  },
  {
    "id": 10236,
    "Cloth Name": "helmet with goggles",
    "variant_id": "742_Helmet_10236",
    "locale": {
      "USen": "Yellow",
      "EUen": "Yellow",
      "EUde": "Gelb",
      "EUes": "Amarillo",
      "USes": "Amarillo",
      "EUfr": "Jaune",
      "USfr": "Jaune",
      "EUit": "Giallo",
      "EUnl": "Geel",
      "CNzh": "黄色",
      "TWzh": "黃色",
      "JPja": "イエロー",
      "KRko": "옐로",
      "EUru": "Желтый"
    }
  },
  {
    "id": 5443,
    "Cloth Name": "racing helmet",
    "variant_id": "748_Helmet_05443",
    "locale": {
      "USen": "Red",
      "EUen": "Red",
      "EUde": "Rot",
      "EUes": "Rojo",
      "USes": "Rojo",
      "EUfr": "Rouge",
      "USfr": "Rouge",
      "EUit": "Rosso",
      "EUnl": "Rood",
      "CNzh": "红色",
      "TWzh": "紅色",
      "JPja": "レッド",
      "KRko": "레드",
      "EUru": "Красный"
    }
  },
  {
    "id": 10237,
    "Cloth Name": "racing helmet",
    "variant_id": "748_Helmet_10237",
    "locale": {
      "USen": "White",
      "EUen": "White",
      "EUde": "Weiß",
      "EUes": "Blanco",
      "USes": "Blanco",
      "EUfr": "Blanc",
      "USfr": "Blanc",
      "EUit": "Bianco",
      "EUnl": "Wit",
      "CNzh": "白色",
      "TWzh": "白色",
      "JPja": "ホワイト",
      "KRko": "화이트",
      "EUru": "Белый"
    }
  },
  {
    "id": 10238,
    "Cloth Name": "racing helmet",
    "variant_id": "748_Helmet_10238",
    "locale": {
      "USen": "Black",
      "EUen": "Black",
      "EUde": "Schwarz",
      "EUes": "Negro",
      "USes": "Negro",
      "EUfr": "Noir",
      "USfr": "Noir",
      "EUit": "Nero",
      "EUnl": "Zwart",
      "CNzh": "黑色",
      "TWzh": "黑色",
      "JPja": "ブラック",
      "KRko": "블랙",
      "EUru": "Черный"
    }
  },
  {
    "id": 10239,
    "Cloth Name": "racing helmet",
    "variant_id": "748_Helmet_10239",
    "locale": {
      "USen": "Blue",
      "EUen": "Blue",
      "EUde": "Blau",
      "EUes": "Azul",
      "USes": "Azul",
      "EUfr": "Bleu",
      "USfr": "Bleu",
      "EUit": "Blu",
      "EUnl": "Blauw",
      "CNzh": "蓝色",
      "TWzh": "藍色",
      "JPja": "ブルー",
      "KRko": "블루",
      "EUru": "Синий"
    }
  },
  {
    "id": 10240,
    "Cloth Name": "racing helmet",
    "variant_id": "748_Helmet_10240",
    "locale": {
      "USen": "Pink",
      "EUen": "Pink",
      "EUde": "Rosa",
      "EUes": "Rosa",
      "USes": "Rosa",
      "EUfr": "Rose",
      "USfr": "Rose",
      "EUit": "Rosa",
      "EUnl": "Roze",
      "CNzh": "粉红",
      "TWzh": "粉紅色",
      "JPja": "ピンク",
      "KRko": "핑크",
      "EUru": "Розовый"
    }
  },
  {
    "id": 10241,
    "Cloth Name": "racing helmet",
    "variant_id": "748_Helmet_10241",
    "locale": {
      "USen": "Green",
      "EUen": "Green",
      "EUde": "Grün",
      "EUes": "Verde",
      "USes": "Verde",
      "EUfr": "Vert",
      "USfr": "Vert",
      "EUit": "Verde",
      "EUnl": "Groen",
      "CNzh": "绿色",
      "TWzh": "綠色",
      "JPja": "グリーン",
      "KRko": "그린",
      "EUru": "Зеленый"
    }
  },
  {
    "id": 10242,
    "Cloth Name": "racing helmet",
    "variant_id": "748_Helmet_10242",
    "locale": {
      "USen": "Purple",
      "EUen": "Purple",
      "EUde": "Lila",
      "EUes": "Púrpura",
      "USes": "Morado",
      "EUfr": "Violet",
      "USfr": "Mauve",
      "EUit": "Viola",
      "EUnl": "Paars",
      "CNzh": "紫色",
      "TWzh": "紫色",
      "JPja": "パープル",
      "KRko": "퍼플",
      "EUru": "Фиолетовый"
    }
  },
  {
    "id": 10243,
    "Cloth Name": "racing helmet",
    "variant_id": "748_Helmet_10243",
    "locale": {
      "USen": "Light blue",
      "EUen": "Light blue",
      "EUde": "Hellblau",
      "EUes": "Celeste",
      "USes": "Celeste",
      "EUfr": "Bleu clair",
      "USfr": "Bleu pâle",
      "EUit": "Blu chiaro",
      "EUnl": "Lichtblauw",
      "CNzh": "浅蓝色",
      "TWzh": "淺藍色",
      "JPja": "ライトブルー",
      "KRko": "라이트 블루",
      "EUru": "Голубой"
    }
  },
  {
    "id": 5464,
    "Cloth Name": "imp hood",
    "variant_id": "758_Helmet_05464",
    "locale": {
      "USen": "Black",
      "EUen": "Black",
      "EUde": "Schwarz",
      "EUes": "Negro",
      "USes": "Negro",
      "EUfr": "Noir",
      "USfr": "Noir",
      "EUit": "Nero",
      "EUnl": "Zwart",
      "CNzh": "黑色",
      "TWzh": "黑色",
      "JPja": "ブラック",
      "KRko": "블랙",
      "EUru": "Черный"
    }
  },
  {
    "id": 11707,
    "Cloth Name": "imp hood",
    "variant_id": "758_Helmet_11707",
    "locale": {
      "USen": "Red",
      "EUen": "Red",
      "EUde": "Rot",
      "EUes": "Rojo",
      "USes": "Rojo",
      "EUfr": "Rouge",
      "USfr": "Rouge",
      "EUit": "Rosso",
      "EUnl": "Rood",
      "CNzh": "红色",
      "TWzh": "紅色",
      "JPja": "レッド",
      "KRko": "레드",
      "EUru": "Красный"
    }
  },
  {
    "id": 5465,
    "Cloth Name": "sheep hood",
    "variant_id": "759_Helmet_05465",
    "locale": {
      "USen": "White",
      "EUen": "White",
      "EUde": "Weiß",
      "EUes": "Blanco",
      "USes": "Blanco",
      "EUfr": "Blanc",
      "USfr": "Blanc",
      "EUit": "Bianco",
      "EUnl": "Wit",
      "CNzh": "白色",
      "TWzh": "白色",
      "JPja": "ホワイト",
      "KRko": "화이트",
      "EUru": "Белый"
    }
  },
  {
    "id": 11708,
    "Cloth Name": "sheep hood",
    "variant_id": "759_Helmet_11708",
    "locale": {
      "USen": "Pink",
      "EUen": "Pink",
      "EUde": "Rosa",
      "EUes": "Rosa",
      "USes": "Rosa",
      "EUfr": "Rose",
      "USfr": "Rose",
      "EUit": "Rosa",
      "EUnl": "Roze",
      "CNzh": "粉红",
      "TWzh": "粉紅色",
      "JPja": "ピンク",
      "KRko": "핑크",
      "EUru": "Розовый"
    }
  },
  {
    "id": 11709,
    "Cloth Name": "sheep hood",
    "variant_id": "759_Helmet_11709",
    "locale": {
      "USen": "Light blue",
      "EUen": "Light blue",
      "EUde": "Hellblau",
      "EUes": "Celeste",
      "USes": "Celeste",
      "EUfr": "Bleu clair",
      "USfr": "Bleu pâle",
      "EUit": "Blu chiaro",
      "EUnl": "Lichtblauw",
      "CNzh": "浅蓝色",
      "TWzh": "淺藍色",
      "JPja": "ライトブルー",
      "KRko": "라이트 블루",
      "EUru": "Голубой"
    }
  },
  {
    "id": 11710,
    "Cloth Name": "sheep hood",
    "variant_id": "759_Helmet_11710",
    "locale": {
      "USen": "Brown",
      "EUen": "Brown",
      "EUde": "Braun",
      "EUes": "Marrón",
      "USes": "Marrón",
      "EUfr": "Brun",
      "USfr": "Brun",
      "EUit": "Marrone",
      "EUnl": "Bruin",
      "CNzh": "棕色",
      "TWzh": "棕色",
      "JPja": "ブラウン",
      "KRko": "브라운",
      "EUru": "Коричневый"
    }
  },
  {
    "id": 5607,
    "Cloth Name": "King Tut mask",
    "variant_id": "790_Helmet_05607",
    "locale": {
      "USen": "Gold",
      "EUen": "Gold",
      "EUde": "Gold",
      "EUes": "Dorado",
      "USes": "Dorado",
      "EUfr": "Or",
      "USfr": "Or",
      "EUit": "Dorato",
      "EUnl": "Goud",
      "CNzh": "金色",
      "TWzh": "金色",
      "JPja": "ゴールド",
      "KRko": "골드",
      "EUru": "Золотой"
    }
  },
  {
    "id": 5669,
    "Cloth Name": "veiled gardening hat",
    "variant_id": "822_Helmet_05669",
    "locale": {
      "USen": "Pink",
      "EUen": "Pink",
      "EUde": "Rosa",
      "EUes": "Rosa",
      "USes": "Rosa",
      "EUfr": "Rose",
      "USfr": "Rose",
      "EUit": "Rosa",
      "EUnl": "Roze",
      "CNzh": "粉红",
      "TWzh": "粉紅色",
      "JPja": "ピンク",
      "KRko": "핑크",
      "EUru": "Розовый"
    }
  },
  {
    "id": 11815,
    "Cloth Name": "veiled gardening hat",
    "variant_id": "822_Helmet_11815",
    "locale": {
      "USen": "Blue",
      "EUen": "Blue",
      "EUde": "Blau",
      "EUes": "Azul",
      "USes": "Azul",
      "EUfr": "Bleu",
      "USfr": "Bleu",
      "EUit": "Blu",
      "EUnl": "Blauw",
      "CNzh": "蓝色",
      "TWzh": "藍色",
      "JPja": "ブルー",
      "KRko": "블루",
      "EUru": "Синий"
    }
  },
  {
    "id": 11816,
    "Cloth Name": "veiled gardening hat",
    "variant_id": "822_Helmet_11816",
    "locale": {
      "USen": "Orange",
      "EUen": "Orange",
      "EUde": "Orange",
      "EUes": "Naranja",
      "USes": "Naranja",
      "EUfr": "Orange",
      "USfr": "Orange",
      "EUit": "Arancio",
      "EUnl": "Oranje",
      "CNzh": "橘色",
      "TWzh": "橘色",
      "JPja": "オレンジ",
      "KRko": "오렌지",
      "EUru": "Оранжевый"
    }
  },
  {
    "id": 11817,
    "Cloth Name": "veiled gardening hat",
    "variant_id": "822_Helmet_11817",
    "locale": {
      "USen": "Green",
      "EUen": "Green",
      "EUde": "Grün",
      "EUes": "Verde",
      "USes": "Verde",
      "EUfr": "Vert",
      "USfr": "Vert",
      "EUit": "Verde",
      "EUnl": "Groen",
      "CNzh": "绿色",
      "TWzh": "綠色",
      "JPja": "グリーン",
      "KRko": "그린",
      "EUru": "Зеленый"
    }
  },
  {
    "id": 11818,
    "Cloth Name": "veiled gardening hat",
    "variant_id": "822_Helmet_11818",
    "locale": {
      "USen": "Purple",
      "EUen": "Purple",
      "EUde": "Lila",
      "EUes": "Púrpura",
      "USes": "Morado",
      "EUfr": "Violet",
      "USfr": "Mauve",
      "EUit": "Viola",
      "EUnl": "Paars",
      "CNzh": "紫色",
      "TWzh": "紫色",
      "JPja": "パープル",
      "KRko": "퍼플",
      "EUru": "Фиолетовый"
    }
  },
  {
    "id": 5687,
    "Cloth Name": "headgear",
    "variant_id": "825_Helmet_05687",
    "locale": {
      "USen": "Red",
      "EUen": "Red",
      "EUde": "Rot",
      "EUes": "Rojo",
      "USes": "Rojo",
      "EUfr": "Rouge",
      "USfr": "Rouge",
      "EUit": "Rosso",
      "EUnl": "Rood",
      "CNzh": "红色",
      "TWzh": "紅色",
      "JPja": "レッド",
      "KRko": "레드",
      "EUru": "Красный"
    }
  },
  {
    "id": 11611,
    "Cloth Name": "headgear",
    "variant_id": "825_Helmet_11611",
    "locale": {
      "USen": "Blue",
      "EUen": "Blue",
      "EUde": "Blau",
      "EUes": "Azul",
      "USes": "Azul",
      "EUfr": "Bleu",
      "USfr": "Bleu",
      "EUit": "Blu",
      "EUnl": "Blauw",
      "CNzh": "蓝色",
      "TWzh": "藍色",
      "JPja": "ブルー",
      "KRko": "블루",
      "EUru": "Синий"
    }
  },
  {
    "id": 11612,
    "Cloth Name": "headgear",
    "variant_id": "825_Helmet_11612",
    "locale": {
      "USen": "Green",
      "EUen": "Green",
      "EUde": "Grün",
      "EUes": "Verde",
      "USes": "Verde",
      "EUfr": "Vert",
      "USfr": "Vert",
      "EUit": "Verde",
      "EUnl": "Groen",
      "CNzh": "绿色",
      "TWzh": "綠色",
      "JPja": "グリーン",
      "KRko": "그린",
      "EUru": "Зеленый"
    }
  },
  {
    "id": 5688,
    "Cloth Name": "mohawk wig",
    "variant_id": "826_Helmet_05688",
    "locale": {
      "USen": "Hair Color",
      "EUen": "Hair Color",
      "EUde": "Haarfarbe",
      "EUes": "Color del pelo",
      "USes": "Color del pelo",
      "EUfr": "Couleur de cheveux",
      "USfr": "Couleur de cheveux",
      "EUit": "Colore dei capelli",
      "EUnl": "Haarkleur",
      "CNzh": "发色",
      "TWzh": "頭髮顏色",
      "JPja": "ヘアカラー",
      "KRko": "헤어 컬러",
      "EUru": "Цвет волос"
    }
  },
  {
    "id": 5689,
    "Cloth Name": "pompadour wig",
    "variant_id": "827_Helmet_05689",
    "locale": {
      "USen": "Hair Color",
      "EUen": "Hair Color",
      "EUde": "Haarfarbe",
      "EUes": "Color del pelo",
      "USes": "Color del pelo",
      "EUfr": "Couleur de cheveux",
      "USfr": "Couleur de cheveux",
      "EUit": "Colore dei capelli",
      "EUnl": "Haarkleur",
      "CNzh": "发色",
      "TWzh": "頭髮顏色",
      "JPja": "ヘアカラー",
      "KRko": "헤어 컬러",
      "EUru": "Цвет волос"
    }
  },
  {
    "id": 5690,
    "Cloth Name": "samurai wig",
    "variant_id": "828_Helmet_05690",
    "locale": {
      "USen": "Hair Color",
      "EUen": "Hair Color",
      "EUde": "Haarfarbe",
      "EUes": "Color del pelo",
      "USes": "Color del pelo",
      "EUfr": "Couleur de cheveux",
      "USfr": "Couleur de cheveux",
      "EUit": "Colore dei capelli",
      "EUnl": "Haarkleur",
      "CNzh": "发色",
      "TWzh": "頭髮顏色",
      "JPja": "ヘアカラー",
      "KRko": "헤어 컬러",
      "EUru": "Цвет волос"
    }
  },
  {
    "id": 5691,
    "Cloth Name": "matronly bun",
    "variant_id": "829_Helmet_05691",
    "locale": {
      "USen": "Hair Color",
      "EUen": "Hair Color",
      "EUde": "Haarfarbe",
      "EUes": "Color del pelo",
      "USes": "Color del pelo",
      "EUfr": "Couleur de cheveux",
      "USfr": "Couleur de cheveux",
      "EUit": "Colore dei capelli",
      "EUnl": "Haarkleur",
      "CNzh": "发色",
      "TWzh": "頭髮顏色",
      "JPja": "ヘアカラー",
      "KRko": "헤어 컬러",
      "EUru": "Цвет волос"
    }
  },
  {
    "id": 5692,
    "Cloth Name": "bridal veil",
    "variant_id": "830_Helmet_05692",
    "locale": {
      "USen": "White",
      "EUen": "White",
      "EUde": "Weiß",
      "EUes": "Blanco",
      "USes": "Blanco",
      "EUfr": "Blanc",
      "USfr": "Blanc",
      "EUit": "Bianco",
      "EUnl": "Wit",
      "CNzh": "白色",
      "TWzh": "白色",
      "JPja": "ホワイト",
      "KRko": "화이트",
      "EUru": "Белый"
    }
  },
  {
    "id": 5693,
    "Cloth Name": "bun wig",
    "variant_id": "831_Helmet_05693",
    "locale": {
      "USen": "Pink",
      "EUen": "Pink",
      "EUde": "Rosa",
      "EUes": "Rosa",
      "USes": "Rosa",
      "EUfr": "Rose",
      "USfr": "Rose",
      "EUit": "Rosa",
      "EUnl": "Roze",
      "CNzh": "粉红",
      "TWzh": "粉紅色",
      "JPja": "ピンク",
      "KRko": "핑크",
      "EUru": "Розовый"
    }
  },
  {
    "id": 11888,
    "Cloth Name": "bun wig",
    "variant_id": "831_Helmet_11888",
    "locale": {
      "USen": "Blue",
      "EUen": "Blue",
      "EUde": "Blau",
      "EUes": "Azul",
      "USes": "Azul",
      "EUfr": "Bleu",
      "USfr": "Bleu",
      "EUit": "Blu",
      "EUnl": "Blauw",
      "CNzh": "蓝色",
      "TWzh": "藍色",
      "JPja": "ブルー",
      "KRko": "블루",
      "EUru": "Синий"
    }
  },
  {
    "id": 11889,
    "Cloth Name": "bun wig",
    "variant_id": "831_Helmet_11889",
    "locale": {
      "USen": "Mustard",
      "EUen": "Mustard",
      "EUde": "Senfgelb",
      "EUes": "Mostaza",
      "USes": "Mostaza",
      "EUfr": "Jaune moutarde",
      "USfr": "Jaune moutarde",
      "EUit": "Senape",
      "EUnl": "Mosterdgeel",
      "CNzh": "芥末黄",
      "TWzh": "芥末黃",
      "JPja": "マ スタード",
      "KRko": "머스터드",
      "EUru": "Горчичный"
    }
  },
  {
    "id": 11890,
    "Cloth Name": "bun wig",
    "variant_id": "831_Helmet_11890",
    "locale": {
      "USen": "White",
      "EUen": "White",
      "EUde": "Weiß",
      "EUes": "Blanco",
      "USes": "Blanco",
      "EUfr": "Blanc",
      "USfr": "Blanc",
      "EUit": "Bianco",
      "EUnl": "Wit",
      "CNzh": "白色",
      "TWzh": "白色",
      "JPja": "ホワイト",
      "KRko": "화이트",
      "EUru": "Белый"
    }
  },
  {
    "id": 11891,
    "Cloth Name": "bun wig",
    "variant_id": "831_Helmet_11891",
    "locale": {
      "USen": "Purple",
      "EUen": "Purple",
      "EUde": "Lila",
      "EUes": "Púrpura",
      "USes": "Morado",
      "EUfr": "Violet",
      "USfr": "Mauve",
      "EUit": "Viola",
      "EUnl": "Paars",
      "CNzh": "紫色",
      "TWzh": "紫色",
      "JPja": "パープル",
      "KRko": "퍼플",
      "EUru": "Фиолетовый"
    }
  },
  {
    "id": 11892,
    "Cloth Name": "bun wig",
    "variant_id": "831_Helmet_11892",
    "locale": {
      "USen": "Green",
      "EUen": "Green",
      "EUde": "Grün",
      "EUes": "Verde",
      "USes": "Verde",
      "EUfr": "Vert",
      "USfr": "Vert",
      "EUit": "Verde",
      "EUnl": "Groen",
      "CNzh": "绿色",
      "TWzh": "綠色",
      "JPja": "グリーン",
      "KRko": "그린",
      "EUru": "Зеленый"
    }
  },
  {
    "id": 11893,
    "Cloth Name": "bun wig",
    "variant_id": "831_Helmet_11893",
    "locale": {
      "USen": "Orange",
      "EUen": "Orange",
      "EUde": "Orange",
      "EUes": "Naranja",
      "USes": "Naranja",
      "EUfr": "Orange",
      "USfr": "Orange",
      "EUit": "Arancio",
      "EUnl": "Oranje",
      "CNzh": "橘色",
      "TWzh": "橘色",
      "JPja": "オレンジ",
      "KRko": "오렌지",
      "EUru": "Оранжевый"
    }
  },
  {
    "id": 5682,
    "Cloth Name": "DJ cap",
    "variant_id": "832_Helmet_05682",
    "locale": {
      "USen": "Blue",
      "EUen": "Blue",
      "EUde": "Blau",
      "EUes": "Azul",
      "USes": "Azul",
      "EUfr": "Bleu",
      "USfr": "Bleu",
      "EUit": "Blu",
      "EUnl": "Blauw",
      "CNzh": "蓝色",
      "TWzh": "藍色",
      "JPja": "ブルー",
      "KRko": "블루",
      "EUru": "Синий"
    }
  },
  {
    "id": 11536,
    "Cloth Name": "DJ cap",
    "variant_id": "832_Helmet_11536",
    "locale": {
      "USen": "Pink",
      "EUen": "Pink",
      "EUde": "Rosa",
      "EUes": "Rosa",
      "USes": "Rosa",
      "EUfr": "Rose",
      "USfr": "Rose",
      "EUit": "Rosa",
      "EUnl": "Roze",
      "CNzh": "粉红",
      "TWzh": "粉紅色",
      "JPja": "ピンク",
      "KRko": "핑크",
      "EUru": "Розовый"
    }
  },
  {
    "id": 11537,
    "Cloth Name": "DJ cap",
    "variant_id": "832_Helmet_11537",
    "locale": {
      "USen": "Orange",
      "EUen": "Orange",
      "EUde": "Orange",
      "EUes": "Naranja",
      "USes": "Naranja",
      "EUfr": "Orange",
      "USfr": "Orange",
      "EUit": "Arancio",
      "EUnl": "Oranje",
      "CNzh": "橘色",
      "TWzh": "橘色",
      "JPja": "オレンジ",
      "KRko": "오렌지",
      "EUru": "Оранжевый"
    }
  },
  {
    "id": 11538,
    "Cloth Name": "DJ cap",
    "variant_id": "832_Helmet_11538",
    "locale": {
      "USen": "Black",
      "EUen": "Black",
      "EUde": "Schwarz",
      "EUes": "Negro",
      "USes": "Negro",
      "EUfr": "Noir",
      "USfr": "Noir",
      "EUit": "Nero",
      "EUnl": "Zwart",
      "CNzh": "黑色",
      "TWzh": "黑色",
      "JPja": "ブラック",
      "KRko": "블랙",
      "EUru": "Черный"
    }
  },
  {
    "id": 5683,
    "Cloth Name": "gothic headdress",
    "variant_id": "833_Helmet_05683",
    "locale": {
      "USen": "Purple",
      "EUen": "Purple",
      "EUde": "Lila",
      "EUes": "Púrpura",
      "USes": "Morado",
      "EUfr": "Violet",
      "USfr": "Mauve",
      "EUit": "Viola",
      "EUnl": "Paars",
      "CNzh": "紫色",
      "TWzh": "紫色",
      "JPja": "パープル",
      "KRko": "퍼플",
      "EUru": "Фиолетовый"
    }
  },
  {
    "id": 11897,
    "Cloth Name": "gothic headdress",
    "variant_id": "833_Helmet_11897",
    "locale": {
      "USen": "Black",
      "EUen": "Black",
      "EUde": "Schwarz",
      "EUes": "Negro",
      "USes": "Negro",
      "EUfr": "Noir",
      "USfr": "Noir",
      "EUit": "Nero",
      "EUnl": "Zwart",
      "CNzh": "黑色",
      "TWzh": "黑色",
      "JPja": "ブラック",
      "KRko": "블랙",
      "EUru": "Черный"
    }
  },
  {
    "id": 11898,
    "Cloth Name": "gothic headdress",
    "variant_id": "833_Helmet_11898",
    "locale": {
      "USen": "Red",
      "EUen": "Red",
      "EUde": "Rot",
      "EUes": "Rojo",
      "USes": "Rojo",
      "EUfr": "Rouge",
      "USfr": "Rouge",
      "EUit": "Rosso",
      "EUnl": "Rood",
      "CNzh": "红色",
      "TWzh": "紅色",
      "JPja": "レッド",
      "KRko": "레드",
      "EUru": "Красный"
    }
  },
  {
    "id": 11899,
    "Cloth Name": "gothic headdress",
    "variant_id": "833_Helmet_11899",
    "locale": {
      "USen": "Pink",
      "EUen": "Pink",
      "EUde": "Rosa",
      "EUes": "Rosa",
      "USes": "Rosa",
      "EUfr": "Rose",
      "USfr": "Rose",
      "EUit": "Rosa",
      "EUnl": "Roze",
      "CNzh": "粉红",
      "TWzh": "粉紅色",
      "JPja": "ピンク",
      "KRko": "핑크",
      "EUru": "Розовый"
    }
  },
  {
    "id": 11900,
    "Cloth Name": "gothic headdress",
    "variant_id": "833_Helmet_11900",
    "locale": {
      "USen": "Blue",
      "EUen": "Blue",
      "EUde": "Blau",
      "EUes": "Azul",
      "USes": "Azul",
      "EUfr": "Bleu",
      "USfr": "Bleu",
      "EUit": "Blu",
      "EUnl": "Blauw",
      "CNzh": "蓝色",
      "TWzh": "藍色",
      "JPja": "ブルー",
      "KRko": "블루",
      "EUru": "Синий"
    }
  },
  {
    "id": 11901,
    "Cloth Name": "gothic headdress",
    "variant_id": "833_Helmet_11901",
    "locale": {
      "USen": "Light purple",
      "EUen": "Light purple",
      "EUde": "Blasslila",
      "EUes": "Lila claro",
      "USes": "Morado claro",
      "EUfr": "Violet clair",
      "USfr": "Mauve pâle",
      "EUit": "Lilla",
      "EUnl": "Lichtpaars",
      "CNzh": "浅紫色",
      "TWzh": "淺紫色",
      "JPja": "ライトパープル",
      "KRko": "라이트 퍼플",
      "EUru": "Светло-фиолетовый"
    }
  },
  {
    "id": 5684,
    "Cloth Name": "veil",
    "variant_id": "834_Helmet_05684",
    "locale": {
      "USen": "Blue",
      "EUen": "Blue",
      "EUde": "Blau",
      "EUes": "Azul",
      "USes": "Azul",
      "EUfr": "Bleu",
      "USfr": "Bleu",
      "EUit": "Blu",
      "EUnl": "Blauw",
      "CNzh": "蓝色",
      "TWzh": "藍色",
      "JPja": "ブルー",
      "KRko": "블루",
      "EUru": "Синий"
    }
  },
  {
    "id": 11881,
    "Cloth Name": "veil",
    "variant_id": "834_Helmet_11881",
    "locale": {
      "USen": "Purple",
      "EUen": "Purple",
      "EUde": "Lila",
      "EUes": "Púrpura",
      "USes": "Morado",
      "EUfr": "Violet",
      "USfr": "Mauve",
      "EUit": "Viola",
      "EUnl": "Paars",
      "CNzh": "紫色",
      "TWzh": "紫色",
      "JPja": "パープル",
      "KRko": "퍼플",
      "EUru": "Фиолетовый"
    }
  },
  {
    "id": 11882,
    "Cloth Name": "veil",
    "variant_id": "834_Helmet_11882",
    "locale": {
      "USen": "Pink",
      "EUen": "Pink",
      "EUde": "Rosa",
      "EUes": "Rosa",
      "USes": "Rosa",
      "EUfr": "Rose",
      "USfr": "Rose",
      "EUit": "Rosa",
      "EUnl": "Roze",
      "CNzh": "粉红",
      "TWzh": "粉紅色",
      "JPja": "ピンク",
      "KRko": "핑크",
      "EUru": "Розовый"
    }
  },
  {
    "id": 11883,
    "Cloth Name": "veil",
    "variant_id": "834_Helmet_11883",
    "locale": {
      "USen": "Yellow",
      "EUen": "Yellow",
      "EUde": "Gelb",
      "EUes": "Amarillo",
      "USes": "Amarillo",
      "EUfr": "Jaune",
      "USfr": "Jaune",
      "EUit": "Giallo",
      "EUnl": "Geel",
      "CNzh": "黄色",
      "TWzh": "黃色",
      "JPja": "イエロー",
      "KRko": "옐로",
      "EUru": "Желтый"
    }
  },
  {
    "id": 5695,
    "Cloth Name": "geisha wig",
    "variant_id": "836_Helmet_05695",
    "locale": {
      "USen": "Red",
      "EUen": "Red",
      "EUde": "Rot",
      "EUes": "Rojo",
      "USes": "Rojo",
      "EUfr": "Rouge",
      "USfr": "Rouge",
      "EUit": "Rosso",
      "EUnl": "Rood",
      "CNzh": "红色",
      "TWzh": "紅色",
      "JPja": "あか",
      "KRko": "빨간색",
      "EUru": "Красный"
    }
  },
  {
    "id": 9741,
    "Cloth Name": "geisha wig",
    "variant_id": "836_Helmet_09741",
    "locale": {
      "USen": "Pink",
      "EUen": "Pink",
      "EUde": "Rosa",
      "EUes": "Rosa",
      "USes": "Rosa",
      "EUfr": "Rose",
      "USfr": "Rose",
      "EUit": "Rosa",
      "EUnl": "Roze",
      "CNzh": "桃红色",
      "TWzh": "桃紅色",
      "JPja": "ももいろ",
      "KRko": "분홍색",
      "EUru": "Розовый"
    }
  },
  {
    "id": 9742,
    "Cloth Name": "geisha wig",
    "variant_id": "836_Helmet_09742",
    "locale": {
      "USen": "Golden yellow",
      "EUen": "Golden yellow",
      "EUde": "Goldgelb",
      "EUes": "Amarillo dorado",
      "USes": "Amarillo dorado",
      "EUfr": "Jaune orangé",
      "USfr": "Jaune orangé",
      "EUit": "Giallo oro",
      "EUnl": "Goudgeel",
      "CNzh": "金黄色",
      "TWzh": "金黃色",
      "JPja": "やまぶきいろ",
      "KRko": "황금색",
      "EUru": "Золотисто-желтый"
    }
  },
  {
    "id": 9743,
    "Cloth Name": "geisha wig",
    "variant_id": "836_Helmet_09743",
    "locale": {
      "USen": "Green",
      "EUen": "Green",
      "EUde": "Grün",
      "EUes": "Verde",
      "USes": "Verde",
      "EUfr": "Vert",
      "USfr": "Vert",
      "EUit": "Verde",
      "EUnl": "Groen",
      "CNzh": "绿色",
      "TWzh": "綠色",
      "JPja": "みどり",
      "KRko": "초록색",
      "EUru": "Зеленый"
    }
  },
  {
    "id": 9744,
    "Cloth Name": "geisha wig",
    "variant_id": "836_Helmet_09744",
    "locale": {
      "USen": "Blue",
      "EUen": "Blue",
      "EUde": "Blau",
      "EUes": "Azul",
      "USes": "Azul",
      "EUfr": "Bleu",
      "USfr": "Bleu",
      "EUit": "Blu",
      "EUnl": "Blauw",
      "CNzh": "蓝色",
      "TWzh": "藍色",
      "JPja": "あお",
      "KRko": "파란색",
      "EUru": "Синий"
    }
  },
  {
    "id": 9745,
    "Cloth Name": "geisha wig",
    "variant_id": "836_Helmet_09745",
    "locale": {
      "USen": "Purple",
      "EUen": "Purple",
      "EUde": "Lila",
      "EUes": "Púrpura",
      "USes": "Morado",
      "EUfr": "Violet",
      "USfr": "Mauve",
      "EUit": "Viola",
      "EUnl": "Paars",
      "CNzh": "紫色",
      "TWzh": "紫色",
      "JPja": "むらさき",
      "KRko": "보라색",
      "EUru": "Фиолетовый"
    }
  },
  {
    "id": 9746,
    "Cloth Name": "geisha wig",
    "variant_id": "836_Helmet_09746",
    "locale": {
      "USen": "Black",
      "EUen": "Black",
      "EUde": "Schwarz",
      "EUes": "Negro",
      "USes": "Negro",
      "EUfr": "Noir",
      "USfr": "Noir",
      "EUit": "Nero",
      "EUnl": "Zwart",
      "CNzh": "黑色",
      "TWzh": "黑色",
      "JPja": "くろ",
      "KRko": "검은색",
      "EUru": "Черный"
    }
  },
  {
    "id": 5696,
    "Cloth Name": "composer's wig",
    "variant_id": "837_Helmet_05696",
    "locale": {
      "USen": "Hair Color",
      "EUen": "Hair Color",
      "EUde": "Haarfarbe",
      "EUes": "Color del pelo",
      "USes": "Color del pelo",
      "EUfr": "Couleur de cheveux",
      "USfr": "Couleur de cheveux",
      "EUit": "Colore dei capelli",
      "EUnl": "Haarkleur",
      "CNzh": "发色",
      "TWzh": "頭髮顏色",
      "JPja": "ヘアカラー",
      "KRko": "헤어 컬러",
      "EUru": "Цвет волос"
    }
  },
  {
    "id": 5697,
    "Cloth Name": "power helmet",
    "variant_id": "838_Helmet_05697",
    "locale": {
      "USen": "Red",
      "EUen": "Red",
      "EUde": "Rot",
      "EUes": "Rojo",
      "USes": "Rojo",
      "EUfr": "Rouge",
      "USfr": "Rouge",
      "EUit": "Rosso",
      "EUnl": "Rood",
      "CNzh": "红色",
      "TWzh": "紅色",
      "JPja": "レッド",
      "KRko": "레드",
      "EUru": "Красный"
    }
  },
  {
    "id": 11794,
    "Cloth Name": "power helmet",
    "variant_id": "838_Helmet_11794",
    "locale": {
      "USen": "Blue",
      "EUen": "Blue",
      "EUde": "Blau",
      "EUes": "Azul",
      "USes": "Azul",
      "EUfr": "Bleu",
      "USfr": "Bleu",
      "EUit": "Blu",
      "EUnl": "Blauw",
      "CNzh": "蓝色",
      "TWzh": "藍色",
      "JPja": "ブルー",
      "KRko": "블루",
      "EUru": "Синий"
    }
  },
  {
    "id": 11795,
    "Cloth Name": "power helmet",
    "variant_id": "838_Helmet_11795",
    "locale": {
      "USen": "Green",
      "EUen": "Green",
      "EUde": "Grün",
      "EUes": "Verde",
      "USes": "Verde",
      "EUfr": "Vert",
      "USfr": "Vert",
      "EUit": "Verde",
      "EUnl": "Groen",
      "CNzh": "绿色",
      "TWzh": "綠色",
      "JPja": "グリーン",
      "KRko": "그린",
      "EUru": "Зеленый"
    }
  },
  {
    "id": 11796,
    "Cloth Name": "power helmet",
    "variant_id": "838_Helmet_11796",
    "locale": {
      "USen": "Black",
      "EUen": "Black",
      "EUde": "Schwarz",
      "EUes": "Negro",
      "USes": "Negro",
      "EUfr": "Noir",
      "USfr": "Noir",
      "EUit": "Nero",
      "EUnl": "Zwart",
      "CNzh": "黑色",
      "TWzh": "黑色",
      "JPja": "ブラック",
      "KRko": "블랙",
      "EUru": "Черный"
    }
  },
  {
    "id": 5840,
    "Cloth Name": "paper bag",
    "variant_id": "900_Helmet_05840",
    "locale": {
      "USen": "Beige",
      "EUen": "Beige",
      "EUde": "Beige",
      "EUes": "Beis",
      "USes": "Beige",
      "EUfr": "Beige",
      "USfr": "Beige",
      "EUit": "Beige",
      "EUnl": "Beige",
      "CNzh": "米色",
      "TWzh": "米色",
      "JPja": "ベージュ",
      "KRko": "베이지",
      "EUru": "Бежевый"
    }
  },
  {
    "id": 6034,
    "Cloth Name": "fox mask",
    "variant_id": "917_Helmet_06034",
    "locale": {
      "USen": "White",
      "EUen": "White",
      "EUde": "Weiß",
      "EUes": "Blanco",
      "USes": "Blanco",
      "EUfr": "Blanc",
      "USfr": "Blanc",
      "EUit": "Bianco",
      "EUnl": "Wit",
      "CNzh": "白色",
      "TWzh": "白色",
      "JPja": "ホワイト",
      "KRko": "화이트",
      "EUru": "Белый"
    }
  },
  {
    "id": 11171,
    "Cloth Name": "fox mask",
    "variant_id": "917_Helmet_11171",
    "locale": {
      "USen": "Black",
      "EUen": "Black",
      "EUde": "Schwarz",
      "EUes": "Negro",
      "USes": "Negro",
      "EUfr": "Noir",
      "USfr": "Noir",
      "EUit": "Nero",
      "EUnl": "Zwart",
      "CNzh": "黑色",
      "TWzh": "黑色",
      "JPja": "ブラック",
      "KRko": "블랙",
      "EUru": "Черный"
    }
  },
  {
    "id": 6035,
    "Cloth Name": "elder mask",
    "variant_id": "918_Helmet_06035",
    "locale": {
      "USen": "White",
      "EUen": "White",
      "EUde": "Weiß",
      "EUes": "Blanco",
      "USes": "Blanco",
      "EUfr": "Blanc",
      "USfr": "Blanc",
      "EUit": "Bianco",
      "EUnl": "Wit",
      "CNzh": "白色",
      "TWzh": "白色",
      "JPja": "ホワイト",
      "KRko": "화이트",
      "EUru": "Белый"
    }
  },
  {
    "id": 6036,
    "Cloth Name": "Noh mask",
    "variant_id": "919_Helmet_06036",
    "locale": {
      "USen": "White",
      "EUen": "White",
      "EUde": "Weiß",
      "EUes": "Blanco",
      "USes": "Blanco",
      "EUfr": "Blanc",
      "USfr": "Blanc",
      "EUit": "Bianco",
      "EUnl": "Wit",
      "CNzh": "白色",
      "TWzh": "白色",
      "JPja": "ホワイト",
      "KRko": "화이트",
      "EUru": "Белый"
    }
  },
  {
    "id": 6041,
    "Cloth Name": "hockey mask",
    "variant_id": "923_Helmet_06041",
    "locale": {
      "USen": "White",
      "EUen": "White",
      "EUde": "Weiß",
      "EUes": "Blanco",
      "USes": "Blanco",
      "EUfr": "Blanc",
      "USfr": "Blanc",
      "EUit": "Bianco",
      "EUnl": "Wit",
      "CNzh": "白色",
      "TWzh": "白色",
      "JPja": "ホワイト",
      "KRko": "화이트",
      "EUru": "Белый"
    }
  },
  {
    "id": 6050,
    "Cloth Name": "catcher's mask",
    "variant_id": "931_Helmet_06050",
    "locale": {
      "USen": "Red",
      "EUen": "Red",
      "EUde": "Rot",
      "EUes": "Rojo",
      "USes": "Rojo",
      "EUfr": "Rouge",
      "USfr": "Rouge",
      "EUit": "Rosso",
      "EUnl": "Rood",
      "CNzh": "红色",
      "TWzh": "紅色",
      "JPja": "レッド",
      "KRko": "레드",
      "EUru": "Красный"
    }
  },
  {
    "id": 11600,
    "Cloth Name": "catcher's mask",
    "variant_id": "931_Helmet_11600",
    "locale": {
      "USen": "Navy blue",
      "EUen": "Navy blue",
      "EUde": "Marineblau",
      "EUes": "Azul marino",
      "USes": "Azul marino",
      "EUfr": "Bleu marine",
      "USfr": "Bleu marine",
      "EUit": "Blu marino",
      "EUnl": "Marineblauw",
      "CNzh": "海军蓝",
      "TWzh": "海軍藍",
      "JPja": "ネイビー",
      "KRko": "네이비",
      "EUru": "Черно-синий"
    }
  },
  {
    "id": 11601,
    "Cloth Name": "catcher's mask",
    "variant_id": "931_Helmet_11601",
    "locale": {
      "USen": "Green",
      "EUen": "Green",
      "EUde": "Grün",
      "EUes": "Verde",
      "USes": "Verde",
      "EUfr": "Vert",
      "USfr": "Vert",
      "EUit": "Verde",
      "EUnl": "Groen",
      "CNzh": "绿色",
      "TWzh": "綠色",
      "JPja": "グリーン",
      "KRko": "그린",
      "EUru": "Зеленый"
    }
  },
  {
    "id": 11602,
    "Cloth Name": "catcher's mask",
    "variant_id": "931_Helmet_11602",
    "locale": {
      "USen": "Orange",
      "EUen": "Orange",
      "EUde": "Orange",
      "EUes": "Naranja",
      "USes": "Naranja",
      "EUfr": "Orange",
      "USfr": "Orange",
      "EUit": "Arancio",
      "EUnl": "Oranje",
      "CNzh": "橘色",
      "TWzh": "橘色",
      "JPja": "オレンジ",
      "KRko": "오렌지",
      "EUru": "Оранжевый"
    }
  },
  {
    "id": 11603,
    "Cloth Name": "catcher's mask",
    "variant_id": "931_Helmet_11603",
    "locale": {
      "USen": "Yellow",
      "EUen": "Yellow",
      "EUde": "Gelb",
      "EUes": "Amarillo",
      "USes": "Amarillo",
      "EUfr": "Jaune",
      "USfr": "Jaune",
      "EUit": "Giallo",
      "EUnl": "Geel",
      "CNzh": "黄色",
      "TWzh": "黃色",
      "JPja": "イエロー",
      "KRko": "옐로",
      "EUru": "Желтый"
    }
  },
  {
    "id": 6052,
    "Cloth Name": "kaffiyeh",
    "variant_id": "933_Helmet_06052",
    "locale": {
      "USen": "White",
      "EUen": "White",
      "EUde": "Weiß",
      "EUes": "Blanco",
      "USes": "Blanco",
      "EUfr": "Blanc",
      "USfr": "Blanc",
      "EUit": "Bianco",
      "EUnl": "Wit",
      "CNzh": "白色",
      "TWzh": "白色",
      "JPja": "ホワイト",
      "KRko": "화이트",
      "EUru": "Белый"
    }
  },
  {
    "id": 9747,
    "Cloth Name": "kaffiyeh",
    "variant_id": "933_Helmet_09747",
    "locale": {
      "USen": "Red",
      "EUen": "Red",
      "EUde": "Rot",
      "EUes": "Rojo",
      "USes": "Rojo",
      "EUfr": "Rouge",
      "USfr": "Rouge",
      "EUit": "Rosso",
      "EUnl": "Rood",
      "CNzh": "红色",
      "TWzh": "紅色",
      "JPja": "レッド",
      "KRko": "레드",
      "EUru": "Красный"
    }
  },
  {
    "id": 9748,
    "Cloth Name": "kaffiyeh",
    "variant_id": "933_Helmet_09748",
    "locale": {
      "USen": "Black",
      "EUen": "Black",
      "EUde": "Schwarz",
      "EUes": "Negro",
      "USes": "Negro",
      "EUfr": "Noir",
      "USfr": "Noir",
      "EUit": "Nero",
      "EUnl": "Zwart",
      "CNzh": "黑色",
      "TWzh": "黑色",
      "JPja": "ブラック",
      "KRko": "블랙",
      "EUru": "Черный"
    }
  },
  {
    "id": 6053,
    "Cloth Name": "stagehand hat",
    "variant_id": "934_Helmet_06053",
    "locale": {
      "USen": "Black",
      "EUen": "Black",
      "EUde": "Schwarz",
      "EUes": "Negro",
      "USes": "Negro",
      "EUfr": "Noir",
      "USfr": "Noir",
      "EUit": "Nero",
      "EUnl": "Zwart",
      "CNzh": "黑色",
      "TWzh": "黑色",
      "JPja": "くろ",
      "KRko": "검은색",
      "EUru": "Черный"
    }
  },
  {
    "id": 7291,
    "Cloth Name": "leaf mask",
    "variant_id": "956_Helmet_07291",
    "locale": {
      "USen": "Green",
      "EUen": "Green",
      "EUde": "Grün",
      "EUes": "Verde",
      "USes": "Verde",
      "EUfr": "Vert",
      "USfr": "Vert",
      "EUit": "Verde",
      "EUnl": "Groen",
      "CNzh": "绿色",
      "TWzh": "綠色",
      "JPja": "グリーン",
      "KRko": "그린",
      "EUru": "Зеленый"
    }
  }
]
