[
  {
    "id": 236,
    "version": "1.0.0",
    "locale": {
      "USen": "kimono sandals",
      "EUen": "kimono sandals",
      "EUde": "Paar Kimono-Sandalen",
      "EUes": "sandalia kimono",
      "USes": "sandalia kimono",
      "EUfr": "paire de sandales kimono",
      "USfr": "paire de sandales kimono",
      "EUit": "paio di zoccoli da kimono",
      "EUnl": "kimonosandalen",
      "CNzh": "木屐",
      "TWzh": "二齒木屐",
      "JPja": "げた",
      "KRko": "일본풍 샌들",
      "EUru": "японские сандалии"
    }
  },
  {
    "id": 515,
    "version": "1.0.0",
    "locale": {
      "USen": "shower sandals",
      "EUen": "shower sandals",
      "EUde": "Paar Badelatschen",
      "EUes": "chancla de piscina",
      "USes": "chancla de piscina",
      "EUfr": "paire de claquettes de bain",
      "USfr": "p. de gougounes de douche",
      "EUit": "paio di ciabatte da doccia",
      "EUnl": "badslippers",
      "CNzh": "浴室拖鞋",
      "TWzh": "浴室拖鞋",
      "JPja": "シャワーサンダル",
      "KRko": "줄무늬 슬리퍼",
      "EUru": "тапочки для душа"
    }
  },
  {
    "id": 517,
    "version": "1.0.0",
    "locale": {
      "USen": "pleather sneakers",
      "EUen": "pleather sneakers",
      "EUde": "Paar Kunstleder-Sneaker",
      "EUes": "deportiva de polipiel",
      "USes": "tenis de cuero sintético",
      "EUfr": "paire de tennis en similicuir",
      "USfr": "paire d'esp. en similicuir",
      "EUit": "paio di sneaker in ecopelle",
      "EUnl": "kunstleren sneakers",
      "CNzh": "皮休闲鞋",
      "TWzh": "皮運動鞋",
      "JPja": "レザーのスニーカー",
      "KRko": "가죽 스니커",
      "EUru": "кроссовки из кожзама"
    }
  },
  {
    "id": 520,
    "version": "1.0.0",
    "locale": {
      "USen": "faux-shearling boots",
      "EUen": "faux-shearling boots",
      "EUde": "Paar Kunstfellstiefel",
      "EUes": "bota sherpa",
      "USes": "bota de piel sintética",
      "EUfr": "paire de bottes fourrées",
      "USfr": "paire de bottes fourrées",
      "EUit": "paio di stivali finto montone",
      "EUnl": "winterlaarzen",
      "CNzh": "雪地靴",
      "TWzh": "麂皮雪靴",
      "JPja": "ムートンブーツ",
      "KRko": "양털 부츠",
      "EUru": "сапожки под овчину"
    }
  },
  {
    "id": 521,
    "version": "1.0.0",
    "locale": {
      "USen": "vinyl round-toed pumps",
      "EUen": "vinyl round-toed pumps",
      "EUde": "Paar Vinyl-Pumps",
      "EUes": "tacón vinilo punta redonda",
      "USes": "zapato vinilo punta redonda",
      "EUfr": "paire d'escarpins en vinyle",
      "USfr": "paire d'escarpins en vinyle",
      "EUit": "paio di ballerine in vernice",
      "EUnl": "vinylen pumps",
      "CNzh": "漆皮浅口鞋",
      "TWzh": "漆皮低跟鞋",
      "JPja": "エナメルのパンプス",
      "KRko": "에나멜 펌프스",
      "EUru": "виниловые лодочки"
    }
  },
  {
    "id": 522,
    "version": "1.0.0",
    "locale": {
      "USen": "loafers",
      "EUen": "loafers",
      "EUde": "Paar Slipper",
      "EUes": "mocasín",
      "USes": "mocasín",
      "EUfr": "paire de chaussures bateau",
      "USfr": "paire de chaussures bateau",
      "EUit": "paio di mocassini",
      "EUnl": "instappers",
      "CNzh": "乐福鞋",
      "TWzh": "樂福鞋",
      "JPja": "ローファー",
      "KRko": "로퍼",
      "EUru": "лоферы"
    }
  },
  {
    "id": 523,
    "version": "1.0.0",
    "locale": {
      "USen": "cross-belt sandals",
      "EUen": "cross-belt sandals",
      "EUde": "Paar Kreuzriemensandalen",
      "EUes": "sandalia de banda cruzada",
      "USes": "sandalia cruzada",
      "EUfr": "p. sandales brides croisées",
      "USfr": "p. sandales brides croisées",
      "EUit": "paio di sandali a due fasce",
      "EUnl": "kruislingse sandalen",
      "CNzh": "交叉带凉鞋",
      "TWzh": "交叉帶涼鞋",
      "JPja": "クロスベルトサンダル",
      "KRko": "크로스 벨트 샌들",
      "EUru": "сандалии с перевязью"
    }
  },
  {
    "id": 526,
    "version": "1.0.0",
    "locale": {
      "USen": "business shoes",
      "EUen": "business shoes",
      "EUde": "Paar Business-Schuhe",
      "EUes": "zapato ejecutivo",
      "USes": "zapato ejecutivo",
      "EUfr": "paire de chaussures pro",
      "USfr": "paire de chaussures pro",
      "EUit": "paio di scarpe da impiegato",
      "EUnl": "zakenschoenen",
      "CNzh": "商务皮鞋",
      "TWzh": "商務皮鞋",
      "JPja": "ビジネスシューズ",
      "KRko": "비즈니스 슈즈",
      "EUru": "деловые ботинки"
    }
  },
  {
    "id": 528,
    "version": "1.0.0",
    "locale": {
      "USen": "velour boots",
      "EUen": "velour boots",
      "EUde": "Paar Veloursstiefel",
      "EUes": "botín de velur",
      "USes": "botín de velvetón",
      "EUfr": "paire de bottes en velours",
      "USfr": "paire de bottes en velours",
      "EUit": "paio di stivali di velour",
      "EUnl": "fluwelen laarzen",
      "CNzh": "天鹅绒靴",
      "TWzh": "絨面靴",
      "JPja": "ベロアブーツ",
      "KRko": "벨루어 부츠",
      "EUru": "велюровые сапоги"
    }
  },
  {
    "id": 529,
    "version": "1.0.0",
    "locale": {
      "USen": "rain boots",
      "EUen": "rain boots",
      "EUde": "Paar Regenstiefel",
      "EUes": "katiuska",
      "USes": "bota de lluvia",
      "EUfr": "paire de bottes de pluie",
      "USfr": "paire de bottes de pluie",
      "EUit": "paio di stivali da pioggia",
      "EUnl": "regenlaarzen",
      "CNzh": "雨靴",
      "TWzh": "雨靴",
      "JPja": "レインブーツ",
      "KRko": "레인 부츠",
      "EUru": "резиновые сапоги"
    }
  },
  {
    "id": 530,
    "version": "1.0.0",
    "locale": {
      "USen": "zori",
      "EUen": "zori",
      "EUde": "Paar Sandalen",
      "EUes": "sandalia de bambú",
      "USes": "sandalia de bambú",
      "EUfr": "paire de zori",
      "USfr": "paire de zori",
      "EUit": "paio di zori",
      "EUnl": "zori",
      "CNzh": "草履拖鞋",
      "TWzh": "草履拖鞋",
      "JPja": "ぞうり",
      "KRko": "가락 신",
      "EUru": "дзори"
    }
  },
  {
    "id": 705,
    "version": "1.0.0",
    "locale": {
      "USen": "trekking shoes",
      "EUen": "trekking shoes",
      "EUde": "Paar Trekkingschuhe",
      "EUes": "zapato de senderismo",
      "USes": "zapato de senderismo",
      "EUfr": "p. de chaussures de rando",
      "USfr": "p. de chaussures de rando",
      "EUit": "paio di scarpe da trekking",
      "EUnl": "wandelschoenen",
      "CNzh": "登山鞋",
      "TWzh": "登山鞋",
      "JPja": "トレッキングシューズ",
      "KRko": "트래킹 슈즈",
      "EUru": "походные ботинки"
    }
  },
  {
    "id": 760,
    "version": "1.0.0",
    "locale": {
      "USen": "paw slippers",
      "EUen": "paw slippers",
      "EUde": "Paar Pfoten",
      "EUes": "pantufla zarpa",
      "USes": "pantufla garra",
      "EUfr": "paire de chaussons animal",
      "USfr": "paire de chaussons animal",
      "EUit": "paio di pantofole a zampa",
      "EUnl": "pootpantoffels",
      "CNzh": "兽爪鞋",
      "TWzh": "動物拖鞋",
      "JPja": "アニマルスリッパ",
      "KRko": "동물 슬리퍼",
      "EUru": "слипперы-лапы"
    }
  },
  {
    "id": 761,
    "version": "1.0.0",
    "locale": {
      "USen": "flip-flops",
      "EUen": "flip-flops",
      "EUde": "Paar Badesandalen",
      "EUes": "chancla",
      "USes": "chancla",
      "EUfr": "paire de tongs",
      "USfr": "paire de sandales",
      "EUit": "paio di infradito",
      "EUnl": "teenslippers",
      "CNzh": "沙滩拖鞋",
      "TWzh": "沙灘拖鞋",
      "JPja": "ビーチサンダル",
      "KRko": "비치 샌들",
      "EUru": "шлепанцы"
    }
  },
  {
    "id": 762,
    "version": "1.0.0",
    "locale": {
      "USen": "mary janes",
      "EUen": "mary janes",
      "EUde": "Paar Riemchenschuhe",
      "EUes": "mercedita",
      "USes": "zapato hebilla negro",
      "EUfr": "paire de babies",
      "USfr": "paire d'espadrilles",
      "EUit": "paio di scarpe con cinturino",
      "EUnl": "kinderschoenen",
      "CNzh": "扣带鞋",
      "TWzh": "扣帶鞋",
      "JPja": "ストラップシューズ",
      "KRko": "메리제인 슈즈",
      "EUru": "туфли с перемычкой"
    }
  },
  {
    "id": 763,
    "version": "1.0.0",
    "locale": {
      "USen": "armor shoes",
      "EUen": "armor shoes",
      "EUde": "Paar Silberrüstungsschuhe",
      "EUes": "escarpe",
      "USes": "escarpe",
      "EUfr": "paire de solerets",
      "USfr": "paire de solerets",
      "EUit": "paio scarpe armatura",
      "EUnl": "ridderlaarzen",
      "CNzh": "铁甲靴",
      "TWzh": "鐵甲鞋",
      "JPja": "アイアンアーマーシューズ",
      "KRko": "아이언 아머 슈즈",
      "EUru": "рыцарские сапоги"
    }
  },
  {
    "id": 764,
    "version": "1.0.0",
    "locale": {
      "USen": "slip-on school shoes",
      "EUen": "slip-on school shoes",
      "EUde": "Paar Uwabaki",
      "EUes": "zapatilla escolar japonesa",
      "USes": "zapatilla escolar japonesa",
      "EUfr": "paire de souliers d'école",
      "USfr": "paire de souliers d'école",
      "EUit": "paio di pantofole da scuola",
      "EUnl": "Japanse schoolschoenen",
      "CNzh": "室内鞋",
      "TWzh": "室內便鞋",
      "JPja": "うわばき",
      "KRko": "학교 실내화",
      "EUru": "увабаки"
    }
  },
  {
    "id": 765,
    "version": "1.0.0",
    "locale": {
      "USen": "pleather ankle booties",
      "EUen": "pleather ankle booties",
      "EUde": "Paar Kunstlederstiefel",
      "EUes": "botín de polipiel",
      "USes": "bota corta cuero sintético",
      "EUfr": "paire de bottines similicuir",
      "USfr": "paire de bottines similicuir",
      "EUit": "paio di stivaletti in ecopelle",
      "EUnl": "kunstleren enkellaarsjes",
      "CNzh": "皮短靴",
      "TWzh": "皮短靴",
      "JPja": "レザーのショートブーツ",
      "KRko": "가죽 앵클 부츠",
      "EUru": "полусапожки из кожзама"
    }
  },
  {
    "id": 766,
    "version": "1.0.0",
    "locale": {
      "USen": "flower sandals",
      "EUen": "flower sandals",
      "EUde": "Paar Blümchensandalen",
      "EUes": "sandalia con flor",
      "USes": "sandalia con flor",
      "EUfr": "paire de sandales fleuries",
      "USfr": "paire de sandales fleuries",
      "EUit": "paio di sandali floreali",
      "EUnl": "sandalen met bloemen",
      "CNzh": "花朵凉鞋",
      "TWzh": "花朵拖鞋",
      "JPja": "フラワーなサンダル",
      "KRko": "플라워 샌들",
      "EUru": "сандалии с цветком"
    }
  },
  {
    "id": 767,
    "version": "1.0.0",
    "locale": {
      "USen": "faux-fur ankle booties",
      "EUen": "faux-fur ankle booties",
      "EUde": "Paar Kunstfellstiefeletten",
      "EUes": "botín de pelo sintético",
      "USes": "bota corta piel sintética",
      "EUfr": "p. bottines fausse fourrure",
      "USfr": "p. bottines fausse fourrure",
      "EUit": "paio stivaletti ecopelliccia",
      "EUnl": "laarsjes met imitatiebont",
      "CNzh": "翻毛短靴",
      "TWzh": "毛毛靴",
      "JPja": "ファーブーツ",
      "KRko": "인조털 부츠",
      "EUru": "полусапожки «под мех»"
    }
  },
  {
    "id": 768,
    "version": "1.0.0",
    "locale": {
      "USen": "leopard pumps",
      "EUen": "leopard pumps",
      "EUde": "Paar Leopardenschuhe",
      "EUes": "manoletina de leopardo",
      "USes": "bailarina de leopardo",
      "EUfr": "paire de ballerines léopard",
      "USfr": "paire de ballerines léopard",
      "EUit": "paio di ballerine maculate",
      "EUnl": "luipaardpumps",
      "CNzh": "豹纹浅口鞋",
      "TWzh": "豹紋低跟鞋",
      "JPja": "アニマルパンプス",
      "KRko": "레오파드 펌프스",
      "EUru": "леопардовые туфли"
    }
  },
  {
    "id": 769,
    "version": "1.0.0",
    "locale": {
      "USen": "beaded sandals",
      "EUen": "beaded sandals",
      "EUde": "Paar Zehensandalen",
      "EUes": "sandalia de cuentas",
      "USes": "sandalia de cuentas",
      "EUfr": "paire de sandales à perles",
      "USfr": "paire de sandales à perles",
      "EUit": "paio di infradito perlati",
      "EUnl": "teenslippers met kraaltjes",
      "CNzh": "珠珠拖鞋",
      "TWzh": "珠珠拖鞋",
      "JPja": "ビーズししゅうのサンダル",
      "KRko": "비즈 자수 샌들",
      "EUru": "сандалии с декором"
    }
  },
  {
    "id": 772,
    "version": "1.0.0",
    "locale": {
      "USen": "boots",
      "EUen": "boots",
      "EUde": "Paar Stiefel",
      "EUes": "bota",
      "USes": "bota",
      "EUfr": "paire de bottines",
      "USfr": "paire de bottes",
      "EUit": "paio di stivali",
      "EUnl": "laarsjes",
      "CNzh": "长靴",
      "TWzh": "長靴",
      "JPja": "ながぐつ",
      "KRko": "장화",
      "EUru": "сапоги"
    }
  },
  {
    "id": 776,
    "version": "1.0.0",
    "locale": {
      "USen": "antique boots",
      "EUen": "antique boots",
      "EUde": "Paar Legendenstiefel",
      "EUes": "bota del medievo",
      "USes": "bota medieval",
      "EUfr": "paire de bottes sept lieues",
      "USfr": "paire de bottes sept lieues",
      "EUit": "paio di stivali leggenda",
      "EUnl": "klassieke laarzen",
      "CNzh": "古老靴子",
      "TWzh": "古老靴子",
      "JPja": "アンティークなブーツ",
      "KRko": "앤티크 부츠",
      "EUru": "старинные сапоги"
    }
  },
  {
    "id": 777,
    "version": "1.0.0",
    "locale": {
      "USen": "gold-armor shoes",
      "EUen": "gold-armor shoes",
      "EUde": "Paar Goldrüstungsschuhe",
      "EUes": "escarpe de oro",
      "USes": "escarpe de oro",
      "EUfr": "paire de solerets or",
      "USfr": "paire de solerets or",
      "EUit": "paio scarpe armatura dorata",
      "EUnl": "gouden ridderlaarzen",
      "CNzh": "金甲靴",
      "TWzh": "金甲鞋",
      "JPja": "ゴールデンアーマーシューズ",
      "KRko": "골든 아머 슈즈",
      "EUru": "латные золотые сапоги"
    }
  },
  {
    "id": 778,
    "version": "1.0.0",
    "locale": {
      "USen": "slippers",
      "EUen": "slippers",
      "EUde": "Paar Filzpantoffeln",
      "EUes": "pantufla",
      "USes": "pantufla",
      "EUfr": "paire de pantoufles",
      "USfr": "paire de pantoufles",
      "EUit": "paio di pantofole",
      "EUnl": "pantoffels",
      "CNzh": "拖鞋",
      "TWzh": "拖鞋",
      "JPja": "スリッパ",
      "KRko": "슬리퍼",
      "EUru": "слипперы"
    }
  },
  {
    "id": 779,
    "version": "1.0.0",
    "locale": {
      "USen": "work boots",
      "EUen": "work boots",
      "EUde": "Paar Arbeitsstiefel",
      "EUes": "bota de trabajo",
      "USes": "bota de trabajo",
      "EUfr": "paire de bottes de travail",
      "USfr": "paire de bottes de travail",
      "EUit": "paio di anfibi",
      "EUnl": "werkschoenen",
      "CNzh": "马丁靴",
      "TWzh": "馬丁靴",
      "JPja": "ワークブーツ",
      "KRko": "워커",
      "EUru": "рабочие сапоги"
    }
  },
  {
    "id": 780,
    "version": "1.0.0",
    "locale": {
      "USen": "moccasin boots",
      "EUen": "moccasin boots",
      "EUde": "Paar Mokassinstiefeletten",
      "EUes": "botín estilo mocasín",
      "USes": "bota corta estilo mocasín",
      "EUfr": "paire de bottines mocassins",
      "USfr": "paire de bottines mocassins",
      "EUit": "paio di stivaletti mocassino",
      "EUnl": "mocassinlaarsjes",
      "CNzh": "莫卡辛靴",
      "TWzh": "莫卡辛靴",
      "JPja": "モカシンブーツ",
      "KRko": "모카신 부츠",
      "EUru": "полусапожки-мокасины"
    }
  },
  {
    "id": 782,
    "version": "1.0.0",
    "locale": {
      "USen": "pom-pom boots",
      "EUen": "pom-pom boots",
      "EUde": "Paar Puschel-Stiefel",
      "EUes": "botín con pompones",
      "USes": "bota corta con pompones",
      "EUfr": "paire de bottes à pompons",
      "USfr": "paire de bottes à pompons",
      "EUit": "paio di stivaletti pon-pon",
      "EUnl": "laarsjes met pompons",
      "CNzh": "毛球靴",
      "TWzh": "毛球靴",
      "JPja": "ポンポンつきブーツ",
      "KRko": "폼폼 부츠",
      "EUru": "сапоги с помпонами"
    }
  },
  {
    "id": 783,
    "version": "1.0.0",
    "locale": {
      "USen": "samurai greaves",
      "EUen": "samurai greaves",
      "EUde": "Paar Samuraistiefel",
      "EUes": "bota de samurái",
      "USes": "bota de samurái",
      "EUfr": "paire de grèves de samouraï",
      "USfr": "paire de grèves de samouraï",
      "EUit": "paio di gambiere da samurai",
      "EUnl": "samoerai-sandalen",
      "CNzh": "盔甲护腿靴",
      "TWzh": "盔甲護腿鞋",
      "JPja": "かっちゅうのすねあて",
      "KRko": "갑옷 다리 보호대",
      "EUru": "поножи воина"
    }
  },
  {
    "id": 784,
    "version": "1.0.0",
    "locale": {
      "USen": "strappy heels",
      "EUen": "strappy heels",
      "EUde": "Paar Riemchenpumps",
      "EUes": "tacón de tiras",
      "USes": "tacón de tiras",
      "EUfr": "paire d'escarpins à bride",
      "USfr": "paire d'escarpins à bride",
      "EUit": "paio ballerine con cinturino",
      "EUnl": "elegante hakjes",
      "CNzh": "扣带浅口鞋",
      "TWzh": "扣帶低跟鞋",
      "JPja": "ストラップつきパンプス",
      "KRko": "스트랩 펌프스",
      "EUru": "туфли c застежками"
    }
  },
  {
    "id": 785,
    "version": "1.0.0",
    "locale": {
      "USen": "house slippers",
      "EUen": "house slippers",
      "EUde": "Paar Pantoffeln",
      "EUes": "pantufla hogareña",
      "USes": "pantufla hogareña",
      "EUfr": "paire de chaussons",
      "USfr": "paire de chaussons",
      "EUit": "paio di pantofole da casa",
      "EUnl": "huissloffen",
      "CNzh": "居家拖鞋",
      "TWzh": "室內拖鞋",
      "JPja": "ルームシューズ",
      "KRko": "실내용 슬리퍼",
      "EUru": "домашние тапочки"
    }
  },
  {
    "id": 786,
    "version": "1.0.0",
    "locale": {
      "USen": "slip-on sandals",
      "EUen": "slip-on sandals",
      "EUde": "Paar Kunststoffschlappen",
      "EUes": "sandalia de plástico",
      "USes": "sandalia de plástico",
      "EUfr": "paire de sabots caoutchouc",
      "USfr": "paire de sabots caoutchouc",
      "EUit": "paio di ciabatte di gomma",
      "EUnl": "plastic sloffen",
      "CNzh": "懒人拖鞋",
      "TWzh": "布希鞋",
      "JPja": "スリッポンサンダル",
      "KRko": "슬립온 샌들",
      "EUru": "пляжные сабо"
    }
  },
  {
    "id": 787,
    "version": "1.0.0",
    "locale": {
      "USen": "slip-on loafers",
      "EUen": "slip-on loafers",
      "EUde": "Paar Schlupfschuhe",
      "EUes": "mocasín de talón bajo",
      "USes": "mocasín de talón bajo",
      "EUfr": "paire de mocassins en toile",
      "USfr": "paire de mocassins en toile",
      "EUit": "paio di mocassini casual",
      "EUnl": "casual instappers",
      "CNzh": "懒人鞋",
      "TWzh": "懶人鞋",
      "JPja": "スリッポン",
      "KRko": "슬립온",
      "EUru": "лоферы без шнурков"
    }
  },
  {
    "id": 789,
    "version": "1.0.0",
    "locale": {
      "USen": "shiny bow platform shoes",
      "EUen": "shiny bow platform shoes",
      "EUde": "Paar Prinzessinnenschuhe",
      "EUes": "zapato muñequita",
      "USes": "zapato muñequita",
      "EUfr": "paire de babies à rubans",
      "USfr": "paire d'escarpins à rubans",
      "EUit": "paio di scarpette bambolina",
      "EUnl": "schoenen met enkelbandjes",
      "CNzh": "洛丽塔鞋",
      "TWzh": "蘿莉塔鞋",
      "JPja": "ロリータシューズ",
      "KRko": "리본 레이스 슈즈",
      "EUru": "милые туфли"
    }
  },
  {
    "id": 791,
    "version": "1.0.0",
    "locale": {
      "USen": "ballet slippers",
      "EUen": "ballet slippers",
      "EUde": "Paar Ballettschuhe",
      "EUes": "zapatilla de ballet",
      "USes": "zapatilla de ballet",
      "EUfr": "paire de chaussons danse",
      "USfr": "paire de chaussons danse",
      "EUit": "paio di scarpette da punta",
      "EUnl": "balletschoenen",
      "CNzh": "芭蕾舞鞋",
      "TWzh": "芭蕾舞鞋",
      "JPja": "バレエシューズ",
      "KRko": "발레 슈즈",
      "EUru": "пуанты"
    }
  },
  {
    "id": 792,
    "version": "1.0.0",
    "locale": {
      "USen": "visual-punk boots",
      "EUen": "visual-punk boots",
      "EUde": "Paar Visual-Kei-Stiefel",
      "EUes": "bota punk",
      "USes": "bota punk",
      "EUfr": "paire de bottes visual kei",
      "USfr": "paire de bottes visual kei",
      "EUit": "paio di stivali visual kei",
      "EUnl": "Japanse punklaarzen",
      "CNzh": "视觉系靴",
      "TWzh": "視覺系靴",
      "JPja": "ヴィジュアルけいブーツ",
      "KRko": "펑크 스타일 부츠",
      "EUru": "панковские сапоги"
    }
  },
  {
    "id": 794,
    "version": "1.0.0",
    "locale": {
      "USen": "rubber-toe high tops",
      "EUen": "rubber-toe high tops",
      "EUde": "Paar Knöchelturnschuhe",
      "EUes": "zapatilla alta con puntera",
      "USes": "tenis alto con puntera",
      "EUfr": "p. tennis skate montantes",
      "USfr": "p. espa. skate montantes",
      "EUit": "paio di sneaker alte",
      "EUnl": "sneakers met rubber neus",
      "CNzh": "高筒帆布鞋",
      "TWzh": "高筒帆布鞋",
      "JPja": "ラバートゥハイカットスニーカー",
      "KRko": "러버토 하이컷 스니커",
      "EUru": "высокие кеды"
    }
  },
  {
    "id": 795,
    "version": "1.0.0",
    "locale": {
      "USen": "wooden clogs",
      "EUen": "wooden clogs",
      "EUde": "Paar Holzpantoffeln",
      "EUes": "zueco florido",
      "USes": "zueco florido",
      "EUfr": "paire de sabots décorés",
      "USfr": "paire de sabots décorés",
      "EUit": "paio di zoccoli di legno",
      "EUnl": "klompen",
      "CNzh": "木鞋",
      "TWzh": "木鞋",
      "JPja": "きぐつ",
      "KRko": "네덜란드 나막신",
      "EUru": "деревянные клоги"
    }
  },
  {
    "id": 796,
    "version": "1.0.0",
    "locale": {
      "USen": "comfy sandals",
      "EUen": "comfy sandals",
      "EUde": "Paar Pantoletten",
      "EUes": "sandalia holgada",
      "USes": "sandalia holgada",
      "EUfr": "paire sandales confortables",
      "USfr": "paire sandales confortables",
      "EUit": "paio di sandali comodi",
      "EUnl": "comfortabele sandalen",
      "CNzh": "双带凉鞋",
      "TWzh": "雙帶拖鞋",
      "JPja": "コンフォートサンダル",
      "KRko": "컴포트 샌들",
      "EUru": "пробковые пантолеты"
    }
  },
  {
    "id": 797,
    "version": "1.0.0",
    "locale": {
      "USen": "gladiator sandals",
      "EUen": "gladiator sandals",
      "EUde": "Paar Gladiator-Sandalen",
      "EUes": "sandalia gladiador",
      "USes": "sandalia gladiador",
      "EUfr": "paire de spartiates",
      "USfr": "paire de spartiates",
      "EUit": "paio di sandali gladiatore",
      "EUnl": "gladiatorensandalen",
      "CNzh": "罗马凉鞋",
      "TWzh": "羅馬涼鞋",
      "JPja": "グラディエーターサンダル",
      "KRko": "글레디에이터 샌들",
      "EUru": "сандалии гладиатора"
    }
  },
  {
    "id": 799,
    "version": "1.0.0",
    "locale": {
      "USen": "zap boots",
      "EUen": "zap boots",
      "EUde": "Paar Superheldenstiefel",
      "EUes": "superbota",
      "USes": "superbota",
      "EUfr": "paire de bottes de héros",
      "USfr": "paire de bottes de héros",
      "EUit": "paio di stivali da eroe",
      "EUnl": "superlaarzen",
      "CNzh": "英雄靴",
      "TWzh": "英雄靴",
      "JPja": "ヒーローブーツ",
      "KRko": "히어로 부츠",
      "EUru": "сапоги супергероя"
    }
  },
  {
    "id": 800,
    "version": "1.0.0",
    "locale": {
      "USen": "basketball shoes",
      "EUen": "basketball shoes",
      "EUde": "Paar Basketballschuhe",
      "EUes": "zapatilla de básquet",
      "USes": "tenis de básquet",
      "EUfr": "paire de baskets",
      "USfr": "p. d'espadrilles basketball",
      "EUit": "paio di scarpe da basket",
      "EUnl": "basketbalschoenen",
      "CNzh": "篮球鞋",
      "TWzh": "籃球鞋",
      "JPja": "バスケットシューズ",
      "KRko": "농구화",
      "EUru": "баскетбольные кеды"
    }
  },
  {
    "id": 801,
    "version": "1.0.0",
    "locale": {
      "USen": "jester's shoes",
      "EUen": "jester's shoes",
      "EUde": "Paar Narrenschuhe",
      "EUes": "zapato de bufón",
      "USes": "zapato de bufón",
      "EUfr": "paire de bottes bouffon",
      "USfr": "paire de bottes bouffon",
      "EUit": "paio di scarpe da giullare",
      "EUnl": "narrenschoenen",
      "CNzh": "小丑鞋",
      "TWzh": "小丑鞋",
      "JPja": "ピエロのくつ",
      "KRko": "피에로 신발",
      "EUru": "ботинки шута"
    }
  },
  {
    "id": 802,
    "version": "1.0.0",
    "locale": {
      "USen": "outdoor sandals",
      "EUen": "outdoor sandals",
      "EUde": "Paar Outdoor-Sandalen",
      "EUes": "sandalia de paseo",
      "USes": "sandalia de paseo",
      "EUfr": "paire de sandales de rando",
      "USfr": "p. sandales de randonnée",
      "EUit": "paio di sandali tecnici",
      "EUnl": "kampeersandalen",
      "CNzh": "户外凉鞋",
      "TWzh": "戶外涼鞋",
      "JPja": "アウトドアサンダル",
      "KRko": "아웃도어 샌들",
      "EUru": "походные сандалии"
    }
  },
  {
    "id": 804,
    "version": "1.0.0",
    "locale": {
      "USen": "cowboy boots",
      "EUen": "cowboy boots",
      "EUde": "Paar Cowboystiefel",
      "EUes": "bota del Oeste",
      "USes": "bota del Oeste",
      "EUfr": "paire de bottes de cow-boy",
      "USfr": "paire de bottes de cowboy",
      "EUit": "paio di stivali da cowboy",
      "EUnl": "cowboylaarzen",
      "CNzh": "西部牛仔靴",
      "TWzh": "西部牛仔靴",
      "JPja": "ウェスタンブーツ",
      "KRko": "웨스턴 부츠",
      "EUru": "ковбойские сапоги"
    }
  },
  {
    "id": 808,
    "version": "1.0.0",
    "locale": {
      "USen": "traditional flower shoes",
      "EUen": "traditional flower shoes",
      "EUde": "Paar Ornamentschuhe",
      "EUes": "zapato florido tradicional",
      "USes": "zapato florido tradicional",
      "EUfr": "paire de ggotshin",
      "USfr": "paire de ggotshin",
      "EUit": "paio di ggotshin",
      "EUnl": "klassieke bloemenschoenen",
      "CNzh": "韩服绣花鞋",
      "TWzh": "繡花鞋",
      "JPja": "コッシン",
      "KRko": "꽃신",
      "EUru": "обувь с цветами"
    }
  },
  {
    "id": 809,
    "version": "1.0.0",
    "locale": {
      "USen": "water sandals",
      "EUen": "water sandals",
      "EUde": "Paar Strandsandalen",
      "EUes": "sandalia de goma",
      "USes": "sandalia de goma",
      "EUfr": "paire sandalettes de plage",
      "USfr": "paire de sandales d'eau",
      "EUit": "paio di sandali da mare",
      "EUnl": "watersandalen",
      "CNzh": "水陆凉鞋",
      "TWzh": "水涼鞋",
      "JPja": "アクアサンダル",
      "KRko": "아쿠아 샌들",
      "EUru": "пляжные сандалии"
    }
  },
  {
    "id": 811,
    "version": "1.0.0",
    "locale": {
      "USen": "cleats",
      "EUen": "cleats",
      "EUde": "Paar Fußballschuhe",
      "EUes": "zapatilla de tacos",
      "USes": "botín",
      "EUfr": "paire de souliers crampons",
      "USfr": "paire de souliers crampons",
      "EUit": "paio di scarpini da calcio",
      "EUnl": "voetbalschoenen",
      "CNzh": "钉鞋",
      "TWzh": "釘鞋",
      "JPja": "スパイク",
      "KRko": "스파이크 슈즈",
      "EUru": "бутсы"
    }
  },
  {
    "id": 812,
    "version": "1.0.0",
    "locale": {
      "USen": "winklepickers",
      "EUen": "winklepickers",
      "EUde": "Paar Pikes",
      "EUes": "zapato de puntera afilada",
      "USes": "zapato de puntera afilada",
      "EUfr": "paire de winklepickers",
      "USfr": "paire de winklepickers",
      "EUit": "paio di scarpe a punta",
      "EUnl": "puntschoenen",
      "CNzh": "尖头鞋",
      "TWzh": "尖頭鞋",
      "JPja": "トンがったクツ",
      "KRko": "뾰족코 구두",
      "EUru": "остроносые туфли"
    }
  },
  {
    "id": 814,
    "version": "1.0.0",
    "locale": {
      "USen": "hi-tech sneakers",
      "EUen": "hi-tech sneakers",
      "EUde": "Paar Hightech-Turnschuhe",
      "EUes": "deportiva alto rendimiento",
      "USes": "tenis de alto rendimiento",
      "EUfr": "paire de tennis high-tech",
      "USfr": "paire d'espa. high-tech",
      "EUit": "paio di sneaker hi-tech",
      "EUnl": "hightech sneakers",
      "CNzh": "气垫鞋",
      "TWzh": "氣墊鞋",
      "JPja": "ハイテクシューズ",
      "KRko": "하이테크 슈즈",
      "EUru": "супермодные кроссовки"
    }
  },
  {
    "id": 815,
    "version": "1.0.0",
    "locale": {
      "USen": "ski boots",
      "EUen": "ski boots",
      "EUde": "Paar Skistiefel",
      "EUes": "bota de esquí",
      "USes": "bota de esquí",
      "EUfr": "paire de bottes de ski",
      "USfr": "paire de bottes de ski",
      "EUit": "paio di scarponi da sci",
      "EUnl": "skilaarzen",
      "CNzh": "滑雪靴",
      "TWzh": "滑雪靴",
      "JPja": "スキーブーツ",
      "KRko": "스키 부츠",
      "EUru": "лыжные ботинки"
    }
  },
  {
    "id": 820,
    "version": "1.0.0",
    "locale": {
      "USen": "lace-up boots",
      "EUen": "lace-up boots",
      "EUde": "Paar Schnürstiefel",
      "EUes": "bota alta",
      "USes": "bota alta",
      "EUfr": "paire de bottes à lacets",
      "USfr": "paire de bottes à lacets",
      "EUit": "paio di stivali con lacci",
      "EUnl": "geveterde laarzen",
      "CNzh": "绑带靴",
      "TWzh": "綁帶靴",
      "JPja": "あみあげブーツ",
      "KRko": "레이스업 부츠",
      "EUru": "ботинки на шнурках"
    }
  },
  {
    "id": 821,
    "version": "1.0.0",
    "locale": {
      "USen": "wrestling shoes",
      "EUen": "wrestling shoes",
      "EUde": "Paar Wrestlingschuhe",
      "EUes": "bota de lucha",
      "USes": "bota de lucha",
      "EUfr": "paire de bottes de catch",
      "USfr": "paire de bottes de lutte",
      "EUit": "paio di scarpe da wrestling",
      "EUnl": "worstelschoenen",
      "CNzh": "摔角鞋",
      "TWzh": "摔角鞋",
      "JPja": "リングシューズ",
      "KRko": "복싱 슈즈",
      "EUru": "борцовские ботинки"
    }
  },
  {
    "id": 839,
    "version": "1.0.0",
    "locale": {
      "USen": "power boots",
      "EUen": "power boots",
      "EUde": "Paar Power-Stiefel",
      "EUes": "bota de energía",
      "USes": "bota de energía",
      "EUfr": "paire bottes de puissance",
      "USfr": "p. de bottes de puissance",
      "EUit": "paio stivali tuta potenziata",
      "EUnl": "superkrachtlaarzen",
      "CNzh": "动力靴",
      "TWzh": "動力靴",
      "JPja": "パワードブーツ",
      "KRko": "파워 부츠",
      "EUru": "силовые ботинки"
    }
  },
  {
    "id": 863,
    "version": "1.0.0",
    "locale": {
      "USen": "space boots",
      "EUen": "space boots",
      "EUde": "Paar Astronautenstiefel",
      "EUes": "bota espacial",
      "USes": "bota espacial",
      "EUfr": "paire de bottes spatiales",
      "USfr": "paire de bottes spatiales",
      "EUit": "paio di stivali spaziali",
      "EUnl": "ruimtelaarzen",
      "CNzh": "太空靴",
      "TWzh": "太空靴",
      "JPja": "スペースブーツ",
      "KRko": "스페이스 부츠",
      "EUru": "ботинки космонавта"
    }
  },
  {
    "id": 864,
    "version": "1.0.0",
    "locale": {
      "USen": "kiddie sneakers",
      "EUen": "kiddie sneakers",
      "EUde": "Paar Kinderturnschuhe",
      "EUes": "deportiva juvenil",
      "USes": "tenis juvenil",
      "EUfr": "paire de baskets enfant",
      "USfr": "paire d'espadrilles enfant",
      "EUit": "paio di sneaker da bimbi",
      "EUnl": "kindersneakers",
      "CNzh": "童用休闲鞋",
      "TWzh": "兒童運動鞋",
      "JPja": "キッズなスニーカー",
      "KRko": "키즈 스니커",
      "EUru": "детские кроссовки"
    }
  },
  {
    "id": 868,
    "version": "1.0.0",
    "locale": {
      "USen": "walking shoes",
      "EUen": "walking shoes",
      "EUde": "Paar Spazierschuhe",
      "EUes": "zapatilla anatómica",
      "USes": "tenis anatómico",
      "EUfr": "p. chaussures confortables",
      "USfr": "p. chaussures confortables",
      "EUit": "paio di scarpe da passeggio",
      "EUnl": "gemakkelijke schoenen",
      "CNzh": "步行鞋",
      "TWzh": "步行鞋",
      "JPja": "ウォーキングシューズ",
      "KRko": "워킹 슈즈",
      "EUru": "легкие слипоны"
    }
  },
  {
    "id": 876,
    "version": "1.0.0",
    "locale": {
      "USen": "restroom slippers",
      "EUen": "restroom slippers",
      "EUde": "Paar Badepantoffeln",
      "EUes": "pantufla aseo",
      "USes": "pantufla de baño",
      "EUfr": "paire de pantoufles de WC",
      "USfr": "p. pantoufles de toilette",
      "EUit": "paio di pantofole da bagno",
      "EUnl": "badkamersloffen",
      "CNzh": "厕所拖鞋",
      "TWzh": "廁所拖鞋",
      "JPja": "トイレスリッパ",
      "KRko": "화장실 슬리퍼",
      "EUru": "туалетные тапочки"
    }
  },
  {
    "id": 878,
    "version": "1.0.0",
    "locale": {
      "USen": "cute sneakers",
      "EUen": "cute sneakers",
      "EUde": "Paar Herzchenturnschuhe",
      "EUes": "zapatilla cuqui",
      "USes": "tenis adorable",
      "EUfr": "paire de baskets cœur",
      "USfr": "paire d'espadrilles cœur",
      "EUit": "paio di sneaker graziose",
      "EUnl": "schattige sneakers",
      "CNzh": "可爱休闲鞋",
      "TWzh": "可愛運動鞋",
      "JPja": "キュートなスニーカー",
      "KRko": "큐트 스니커",
      "EUru": "милые кроссовки"
    }
  },
  {
    "id": 881,
    "version": "1.0.0",
    "locale": {
      "USen": "moccasins",
      "EUen": "moccasins",
      "EUde": "Paar Mokassins",
      "EUes": "mocasín tradicional",
      "USes": "mocasín tradicional",
      "EUfr": "paire de mocassins",
      "USfr": "paire de mocassins",
      "EUit": "paio di mocassini classici",
      "EUnl": "mocassins met strik",
      "CNzh": "莫卡辛鞋",
      "TWzh": "莫卡辛鞋",
      "JPja": "モカシン",
      "KRko": "모카신",
      "EUru": "мокасины"
    }
  },
  {
    "id": 882,
    "version": "1.0.0",
    "locale": {
      "USen": "water shoes",
      "EUen": "water shoes",
      "EUde": "Paar Wassersportschuhe",
      "EUes": "zapato acuático",
      "USes": "zapato acuático",
      "EUfr": "paire de chaussures plage",
      "USfr": "paire de chaussures plage",
      "EUit": "paio di scarpe da scoglio",
      "EUnl": "waterschoenen",
      "CNzh": "水上运动鞋",
      "TWzh": "水上運動鞋",
      "JPja": "マリンシューズ",
      "KRko": "아쿠아 슈즈",
      "EUru": "тапочки для купания"
    }
  },
  {
    "id": 883,
    "version": "1.0.0",
    "locale": {
      "USen": "wingtip shoes",
      "EUen": "wingtip shoes",
      "EUde": "Paar Derbyschuhe",
      "EUes": "zapato de claqué",
      "USes": "zapato de claqué",
      "EUfr": "paire de brogues",
      "USfr": "paire de brogues",
      "EUit": "paio scarpe coda di rondine",
      "EUnl": "wingtip-schoenen",
      "CNzh": "翼纹绅士鞋",
      "TWzh": "翼紋紳士鞋",
      "JPja": "ウイングチップのシューズ",
      "KRko": "윙팁 슈즈",
      "EUru": "классические броги"
    }
  },
  {
    "id": 888,
    "version": "1.0.0",
    "locale": {
      "USen": "ribbon sandals",
      "EUen": "ribbon sandals",
      "EUde": "Paar Schleifchensandalen",
      "EUes": "sandalia gran lazo",
      "USes": "sandalia gran lazo",
      "EUfr": "paire de claquettes à nœud",
      "USfr": "paire de gougounes à nœud",
      "EUit": "paio di sandali con fiocco",
      "EUnl": "slippers met strikken",
      "CNzh": "蝴蝶结拖鞋",
      "TWzh": "蝴蝶結拖鞋",
      "JPja": "リボンサンダル",
      "KRko": "리본 샌들",
      "EUru": "сандалии с бантиком"
    }
  },
  {
    "id": 894,
    "version": "1.0.0",
    "locale": {
      "USen": "sporty sandals",
      "EUen": "sporty sandals",
      "EUde": "Paar Sportsandalen",
      "EUes": "sandalia deportiva",
      "USes": "sandalia deportiva",
      "EUfr": "paire de sandales de sport",
      "USfr": "paire de sandales de sport",
      "EUit": "paio di sandali sportivi",
      "EUnl": "sportsandalen",
      "CNzh": "运动凉鞋",
      "TWzh": "運動涼鞋",
      "JPja": "スポーツサンダル",
      "KRko": "스포츠 샌들",
      "EUru": "спортивные сандалии"
    }
  },
  {
    "id": 924,
    "version": "1.0.0",
    "locale": {
      "USen": "ghillie brogues",
      "EUen": "ghillie brogues",
      "EUde": "Paar Ghillie Brogues",
      "EUes": "zapato calado con cordón",
      "USes": "zapato calado con cordón",
      "EUfr": "paire de ghillie brogues",
      "USfr": "paire de ghillie brogues",
      "EUit": "paio di scarpe inglesine",
      "EUnl": "Schotse veterschoenen",
      "CNzh": "雕花绅士鞋",
      "TWzh": "雕花紳士鞋",
      "JPja": "ギリー・ブローグズ",
      "KRko": "길리 브로그",
      "EUru": "броги"
    }
  },
  {
    "id": 925,
    "version": "1.0.0",
    "locale": {
      "USen": "babouches",
      "EUen": "babouches",
      "EUde": "Paar Babuschen",
      "EUes": "babucha",
      "USes": "babucha",
      "EUfr": "paire de babouches",
      "USfr": "paire de babouches",
      "EUit": "paio di babbucce",
      "EUnl": "babouches",
      "CNzh": "摩洛哥拖鞋",
      "TWzh": "摩洛哥拖鞋",
      "JPja": "バブーシュ",
      "KRko": "바부슈",
      "EUru": "бабуши"
    }
  },
  {
    "id": 938,
    "version": "1.0.0",
    "locale": {
      "USen": "high-tops",
      "EUen": "high-tops",
      "EUde": "Paar Basketballstiefel",
      "EUes": "zapatilla alta",
      "USes": "tenis alto",
      "EUfr": "paire de baskets montantes",
      "USfr": "paire d'espadrilles hautes",
      "EUit": "paio di scarpe alte",
      "EUnl": "hoge sneakers",
      "CNzh": "高筒休闲鞋",
      "TWzh": "高筒運動鞋",
      "JPja": "ハイカットスニーカー",
      "KRko": "하이탑 스니커",
      "EUru": "высокие кроссовки"
    }
  },
  {
    "id": 941,
    "version": "1.0.0",
    "locale": {
      "USen": "steel-toed boots",
      "EUen": "steel-toed boots",
      "EUde": "Paar Stahlkappenschuhe",
      "EUes": "bota con protección",
      "USes": "bota con protección",
      "EUfr": "paire de bottes à coque",
      "USfr": "paire de bottes cap d'acier",
      "EUit": "paio di stivali con rinforzo",
      "EUnl": "laarzen met stalen neus",
      "CNzh": "工程师靴",
      "TWzh": "工程師靴",
      "JPja": "エンジニアブーツ",
      "KRko": "엔지니어 부츠",
      "EUru": "обувь со стальным носком"
    }
  },
  {
    "id": 946,
    "version": "1.0.0",
    "locale": {
      "USen": "rubber-toe sneakers",
      "EUen": "rubber-toe sneakers",
      "EUde": "Paar Kappenturnschuhe",
      "EUes": "zapatilla con puntera",
      "USes": "tenis con puntera de goma",
      "EUfr": "paire de baskets en toile",
      "USfr": "p. espa. à bout caoutchouc",
      "EUit": "paio scarpe punta in gomma",
      "EUnl": "lage sneakers",
      "CNzh": "帆布鞋",
      "TWzh": "帆布鞋",
      "JPja": "ラバートゥスニーカー",
      "KRko": "러버토 스니커",
      "EUru": "прорезиненные кеды"
    }
  },
  {
    "id": 947,
    "version": "1.0.0",
    "locale": {
      "USen": "mage's booties",
      "EUen": "mage's booties",
      "EUde": "Paar Spitz-Stiefelchen",
      "EUes": "botín de hechicería",
      "USes": "bota corta hechicería",
      "EUfr": "paire de bottines pointues",
      "USfr": "paire de bottines de mage",
      "EUit": "paio di stivaletti appuntiti",
      "EUnl": "heksenlaarsjes",
      "CNzh": "尖头靴",
      "TWzh": "尖頭靴",
      "JPja": "とんがりブーツ",
      "KRko": "마술사 부츠",
      "EUru": "чародейские ботинки"
    }
  },
  {
    "id": 1003,
    "version": "1.0.0",
    "locale": {
      "USen": "faux-suede sneakers",
      "EUen": "faux-suede sneakers",
      "EUde": "Paar Veloursturnschuhe",
      "EUes": "zapatilla imitación ante",
      "USes": "tenis gamuza sintética",
      "EUfr": "paire de tennis en suédine",
      "USfr": "paire de tennis en suédine",
      "EUit": "paio sneaker finto camoscio",
      "EUnl": "kunstsuède sneakers",
      "CNzh": "麂皮运动鞋",
      "TWzh": "麂皮運動鞋",
      "JPja": "スエードスニーカー",
      "KRko": "스웨이드 스니커",
      "EUru": "кроссовки «под замшу»"
    }
  },
  {
    "id": 1097,
    "version": "1.0.0",
    "locale": {
      "USen": "kung-fu shoes",
      "EUen": "kung-fu shoes",
      "EUde": "Paar Kung-Fu-Schuhe",
      "EUes": "zapato kung-fu",
      "USes": "zapato kung-fu",
      "EUfr": "p. de chaussons de kung-fu",
      "USfr": "p. de chaussons de kung-fu",
      "EUit": "paio di scarpe da kung fu",
      "EUnl": "kungfuschoenen",
      "CNzh": "功夫鞋",
      "TWzh": "功夫鞋",
      "JPja": "カンフーシューズ",
      "KRko": "쿵푸 신발",
      "EUru": "тапочки для кунг-фу"
    }
  },
  {
    "id": 1098,
    "version": "1.0.0",
    "locale": {
      "USen": "embroidered shoes",
      "EUen": "embroidered shoes",
      "EUde": "Paar Stickschuhe",
      "EUes": "manoletina con bordado",
      "USes": "bailarina con bordado",
      "EUfr": "p. de chaussures brodées",
      "USfr": "p. de chaussures brodées",
      "EUit": "paio di scarpe ricamate",
      "EUnl": "geborduurde schoenen",
      "CNzh": "刺绣鞋",
      "TWzh": "刺繡鞋",
      "JPja": "ししゅうのくつ",
      "KRko": "자수 구두",
      "EUru": "расшитые туфли"
    }
  },
  {
    "id": 1135,
    "version": "1.0.0",
    "locale": {
      "USen": "Labelle pumps",
      "EUen": "Labelle pumps",
      "EUde": "Paar Samthea-Pumps",
      "EUes": "manoletina Trini",
      "USes": "bailarina Trini",
      "EUfr": "paire de ballerines Maria",
      "USfr": "paire de ballerines Maria",
      "EUit": "paio scarpe con tacco Bice",
      "EUnl": "Labelle-pumps",
      "CNzh": "凯丝的浅口鞋",
      "TWzh": "凱絲低跟鞋",
      "JPja": "ケイトのパンプス",
      "KRko": "케이트의 펌프스",
      "EUru": "туфли «Лэйблеск»"
    }
  },
  {
    "id": 1136,
    "version": "1.0.0",
    "locale": {
      "USen": "Labelle sneakers",
      "EUen": "Labelle sneakers",
      "EUde": "Paar Samthea-Sneaker",
      "EUes": "zapatilla Trini",
      "USes": "tenis Trini",
      "EUfr": "paire de baskets Maria",
      "USfr": "paire d'espadrilles Maria",
      "EUit": "paio di sneaker Bice",
      "EUnl": "Labelle-sneakers",
      "CNzh": "凯丝的休闲鞋",
      "TWzh": "凱絲運動鞋",
      "JPja": "ケイトのスニーカー",
      "KRko": "케이트의 스니커",
      "EUru": "кеды «Лэйблеск»"
    }
  },
  {
    "id": 1145,
    "version": "1.0.0",
    "locale": {
      "USen": "Nook Inc. slippers",
      "EUen": "Nook Inc. slippers",
      "EUde": "Paar Nook-Inc.-Pantoffeln",
      "EUes": "pantufla de Nook Inc.",
      "USes": "pantufla de Nook Inc.",
      "EUfr": "p. de chaussons Nook Inc.",
      "USfr": "p. de chaussons Nook Inc.",
      "EUit": "paio di pantofole Nook Inc.",
      "EUnl": "Nook Inc.-sloffen",
      "CNzh": "Nook Inc.拖鞋",
      "TWzh": "Nook Inc.拖鞋",
      "JPja": "たぬきかいはつスリッパ",
      "KRko": "Nook Inc. 슬리퍼",
      "EUru": "тапочки Nook Inc."
    }
  },
  {
    "id": 1184,
    "version": "1.0.0",
    "locale": {
      "USen": "DAL slippers",
      "EUen": "DAL slippers",
      "EUde": "Paar DAL-Pantoffeln",
      "EUes": "pantufla de DAL",
      "USes": "pantufla de DAL",
      "EUfr": "paire de chaussons DAL",
      "USfr": "paire de chaussons DAL",
      "EUit": "paio di pantofole DAL",
      "EUnl": "DAL-sloffen",
      "CNzh": "DAL拖鞋",
      "TWzh": "DAL拖鞋",
      "JPja": "ＤＡＬスリッパ",
      "KRko": "DAL 슬리퍼",
      "EUru": "тапочки DAL"
    }
  },
  {
    "id": 1191,
    "version": "1.0.0",
    "locale": {
      "USen": "recycled boots",
      "EUen": "recycled boots",
      "EUde": "Paar Recyclingstiefel",
      "EUes": "bota reciclada",
      "USes": "bota reciclada",
      "EUfr": "paire de bottes recyclées",
      "USfr": "paire de bottes recyclées",
      "EUit": "paio di stivali riciclati",
      "EUnl": "hergebruikte laarzen",
      "CNzh": "回收长靴",
      "TWzh": "舊長靴",
      "JPja": "リサイクルながぐつ",
      "KRko": "재활용 장화",
      "EUru": "сапоги из утиль-сырья"
    }
  },
  {
    "id": 1211,
    "version": "1.1.0",
    "locale": {
      "USen": "earth-egg shoes",
      "EUen": "earth-egg shoes",
      "EUde": "Paar Erd-Ei-Schuhe",
      "EUes": "zapato de huevo terrestre",
      "USes": "zapato de huevo terrestre",
      "EUfr": "p. chaussures œuf terrestre",
      "USfr": "p. chaussures œuf terrestre",
      "EUit": "paio di scarpe uova terrestri",
      "EUnl": "aarde-ei-schoenen",
      "CNzh": "地面蛋鞋子",
      "TWzh": "地面蛋鞋子",
      "JPja": "じめんのたまごのくつ",
      "KRko": "땅 달걀 신발",
      "EUru": "боты «Земляное яйцо»"
    }
  },
  {
    "id": 1212,
    "version": "1.1.0",
    "locale": {
      "USen": "stone-egg shoes",
      "EUen": "stone-egg shoes",
      "EUde": "Paar Fels-Ei-Schuhe",
      "EUes": "zapato de huevo rupestre",
      "USes": "zapato de huevo rupestre",
      "EUfr": "p. chaussures œuf minéral",
      "USfr": "p. chaussures œuf minéral",
      "EUit": "paio scarpe uova rocciose",
      "EUnl": "steenei-schoenen",
      "CNzh": "岩石蛋鞋子",
      "TWzh": "岩石蛋鞋子",
      "JPja": "いわのたまごのくつ",
      "KRko": "바위 달걀 신발",
      "EUru": "боты «Каменное яйцо»"
    }
  },
  {
    "id": 1213,
    "version": "1.1.0",
    "locale": {
      "USen": "leaf-egg shoes",
      "EUen": "leaf-egg shoes",
      "EUde": "Paar Laub-Ei-Schuhe",
      "EUes": "zapato de huevo boscoso",
      "USes": "zapato de huevo boscoso",
      "EUfr": "p. chaussures œuf feuillu",
      "USfr": "p. chaussures œuf feuillu",
      "EUit": "paio scarpe uova frondose",
      "EUnl": "bladei-schoenen",
      "CNzh": "叶子蛋鞋子",
      "TWzh": "葉子蛋鞋子",
      "JPja": "はっぱのたまごのくつ",
      "KRko": "나뭇잎 달걀 신발",
      "EUru": "боты «Лиственное яйцо»"
    }
  },
  {
    "id": 1214,
    "version": "1.1.0",
    "locale": {
      "USen": "wood-egg shoes",
      "EUen": "wood-egg shoes",
      "EUde": "Paar Holz-Ei-Schuhe",
      "EUes": "zapato de huevo leñoso",
      "USes": "zapato de huevo leñoso",
      "EUfr": "p. chaussures œuf boisé",
      "USfr": "p. chaussures œuf boisé",
      "EUit": "paio scarpe uova boscose",
      "EUnl": "houtei-schoenen",
      "CNzh": "森林蛋鞋子",
      "TWzh": "森林蛋鞋子",
      "JPja": "ウッディなたまごのくつ",
      "KRko": "나무 달걀 신발",
      "EUru": "боты «Лесное яйцо»"
    }
  },
  {
    "id": 1215,
    "version": "1.1.0",
    "locale": {
      "USen": "sky-egg shoes",
      "EUen": "sky-egg shoes",
      "EUde": "Paar Luft-Ei-Schuhe",
      "EUes": "zapato de huevo celeste",
      "USes": "zapato de huevo celeste",
      "EUfr": "p. chaussures œuf aérien",
      "USfr": "p. chaussures œuf aérien",
      "EUit": "paio di scarpe uova celesti",
      "EUnl": "luchtei-schoenen",
      "CNzh": "飞天蛋鞋子",
      "TWzh": "飛天蛋鞋子",
      "JPja": "そらとぶたまごのくつ",
      "KRko": "하늘을 나는 달걀 신발",
      "EUru": "боты «Небесное яйцо»"
    }
  },
  {
    "id": 1216,
    "version": "1.1.0",
    "locale": {
      "USen": "water-egg shoes",
      "EUen": "water-egg shoes",
      "EUde": "Paar Wasser-Ei-Schuhe",
      "EUes": "zapato de huevo acuático",
      "USes": "zapato de huevo acuático",
      "EUfr": "p. chaussures œuf aquatiq.",
      "USfr": "p. chaussures œuf aquatiq.",
      "EUit": "p. scarpe uova acquatiche",
      "EUnl": "waterei-schoenen",
      "CNzh": "鱼儿蛋鞋子",
      "TWzh": "魚兒蛋鞋子",
      "JPja": "サカナのたまごのくつ",
      "KRko": "물고기 달걀 신발",
      "EUru": "боты «Водяное яйцо»"
    }
  },
  {
    "id": 1217,
    "version": "1.2.0",
    "locale": {
      "USen": "wedding pumps",
      "EUen": "wedding pumps",
      "EUde": "Paar Hochzeits-Pumps",
      "EUes": "zapato nupcial con lazo",
      "USes": "zapato nupcial con lazo",
      "EUfr": "p. escarpins de mariage",
      "USfr": "p. escarpins de mariage",
      "EUit": "paio ballerine nuziali fiocco",
      "EUnl": "trouwballerina's",
      "CNzh": "纯白浅口鞋",
      "TWzh": "純白低跟鞋",
      "JPja": "じゅんぱくのパンプス",
      "KRko": "순백 펌프스",
      "EUru": "свадебные лодочки"
    }
  },
  {
    "id": 1218,
    "version": "1.2.0",
    "locale": {
      "USen": "wedding shoes",
      "EUen": "wedding shoes",
      "EUde": "Paar Hochzeitsschuhe",
      "EUes": "zapato nupcial con hebilla",
      "USes": "zapato nupcial con hebilla",
      "EUfr": "p. chaussures de mariage",
      "USfr": "p. chaussures de mariage",
      "EUit": "paio scarpe nuziali fibbia",
      "EUnl": "trouwschoenen",
      "CNzh": "纯白鞋",
      "TWzh": "純白鞋",
      "JPja": "じゅんぱくのシューズ",
      "KRko": "순백 슈즈",
      "EUru": "свадебные туфли"
    }
  },
  {
    "id": 1223,
    "version": "1.3.0",
    "locale": {
      "USen": "mermaid shoes",
      "EUen": "mermaid shoes",
      "EUde": "Paar Nixenschuhe",
      "EUes": "zapato sirena",
      "USes": "zapato sirena",
      "EUfr": "paire de chaussures sirène",
      "USfr": "paire de chaussures sirène",
      "EUit": "paio scarpe sirena",
      "EUnl": "meerminnenballerina's",
      "CNzh": "人鱼鞋",
      "TWzh": "人魚鞋",
      "JPja": "マーメイドなくつ",
      "KRko": "머메이드 구두",
      "EUru": "туфли русалки"
    }
  },
  {
    "id": 1228,
    "version": "1.3.0",
    "locale": {
      "USen": "pirate boots",
      "EUen": "pirate boots",
      "EUde": "Paar Piratenstiefel",
      "EUes": "bota pirata",
      "USes": "bota pirata",
      "EUfr": "paire de bottes de pirate",
      "USfr": "paire de bottes de pirate",
      "EUit": "paio di stivali da pirata",
      "EUnl": "piratenlaarzen",
      "CNzh": "海盗靴",
      "TWzh": "海盜靴",
      "JPja": "かいぞくのブーツ",
      "KRko": "해적 부츠",
      "EUru": "пиратские сапоги"
    }
  },
  {
    "id": 1269,
    "version": "1.5.0",
    "locale": {
      "USen": "flashy animal boots",
      "EUen": "flashy animal boots",
      "EUde": "Paar Tierkostüm-Schuhe",
      "EUes": "bota de animal",
      "USes": "bota de animal",
      "EUfr": "p. de bottes animal flashy",
      "USfr": "p. de bottes animal flashy",
      "EUit": "paio di stivali da animale",
      "EUnl": "dierenlaarzen",
      "CNzh": "鲜艳动物玩偶服靴子",
      "TWzh": "鮮豔動物玩偶裝靴子",
      "JPja": "ハデなアニマルきぐるみブーツ",
      "KRko": "화려한 동물 인형 옷 부츠",
      "EUru": "броские звериные сапоги"
    }
  },
  {
    "id": 1270,
    "version": "1.5.0",
    "locale": {
      "USen": "mage's boots",
      "EUen": "mage's boots",
      "EUde": "Paar Zauberschuhe",
      "EUes": "bota de hechicería",
      "USes": "bota de hechicería",
      "EUfr": "paire de bottes de mage",
      "USfr": "paire de bottes de mage",
      "EUit": "paio di stivali stregoneschi",
      "EUnl": "heksenlaarzen",
      "CNzh": "魔法师靴子",
      "TWzh": "魔法師靴子",
      "JPja": "まほうつかいのブーツ",
      "KRko": "마법사 부츠",
      "EUru": "полусапоги мага"
    }
  }
]
