[
  {
    "id": 1258,
    "version": "1.3.0",
    "locale": {
      "USen": "Nook Inc. wet suit",
      "EUen": "Nook Inc. wet suit",
      "EUde": "Nook-Inc.-Taucheranzug",
      "EUes": "traje de buceo de Nook Inc.",
      "USes": "traje de buceo de Nook Inc.",
      "EUfr": "combi plongée Nook Inc.",
      "USfr": "combi plongée Nook Inc.",
      "EUit": "muta Nook Inc.",
      "EUnl": "Nook Inc.-duikpak",
      "CNzh": "Nook Inc.潜水衣",
      "TWzh": "Nook Inc.潛水衣",
      "JPja": "たぬきかいはつマリンスーツ",
      "KRko": "Nook Inc. 잠수복",
      "EUru": "гидрокостюм Nook Inc."
    }
  },
  {
    "id": 1259,
    "version": "1.3.0",
    "locale": {
      "USen": "leaf-print wet suit",
      "EUen": "leaf-print wet suit",
      "EUde": "Blattmuster-Taucheranzug",
      "EUes": "traje de buceo hoja",
      "USes": "traje de buceo hoja",
      "EUfr": "combi plongée motif feuille",
      "USfr": "combi plongée motif feuille",
      "EUit": "muta con foglia",
      "EUnl": "duikpak met bladerprint",
      "CNzh": "叶子图案潜水衣",
      "TWzh": "葉子圖案潛水衣",
      "JPja": "はっぱがらマリンスーツ",
      "KRko": "나뭇잎 잠수복",
      "EUru": "гидрокостюм с листьями"
    }
  },
  {
    "id": 1260,
    "version": "1.3.0",
    "locale": {
      "USen": "horizontal-striped wet suit",
      "EUen": "horizontal-striped wet suit",
      "EUde": "Streifen-Taucheranzug",
      "EUes": "traje de buceo a rayas",
      "USes": "traje de buceo a rayas",
      "EUfr": "combi plongée à rayures",
      "USfr": "combi plongée à rayures",
      "EUit": "muta a righe orizzontali",
      "EUnl": "gestreepte duikpak",
      "CNzh": "粗横纹潜水衣",
      "TWzh": "粗橫紋潛水衣",
      "JPja": "ボーダーのマリンスーツ",
      "KRko": "줄무늬 잠수복",
      "EUru": "гидрокостюм в полоску"
    }
  }
]
