[
  {
    "id": "Umbrella_05861",
    "version": "1.0.0",
    "locale": {
      "USen": "Toad parasol",
      "EUen": "Toad parasol",
      "EUde": "Punkteschirm",
      "EUes": "parasol de lunares",
      "USes": "parasol a lunares",
      "EUfr": "parapluie à pois rouge",
      "USfr": "parapluie à pois rouge",
      "EUit": "parasole rosso",
      "EUnl": "rode parasol met stippen",
      "CNzh": "红色点点雨伞",
      "TWzh": "紅色圓點雨傘",
      "JPja": "あかいみずたまのかさ",
      "KRko": "빨간 물방울 우산",
      "EUru": "зонт тоада"
    }
  },
  {
    "id": "Umbrella_06840",
    "version": "1.0.0",
    "locale": {
      "USen": "leaf umbrella",
      "EUen": "leaf umbrella",
      "EUde": "Blättchenschirm",
      "EUes": "parasol hoja",
      "USes": "parasol hoja",
      "EUfr": "feuillapluie",
      "USfr": "feuillapluie",
      "EUit": "ombrello foglia",
      "EUnl": "bladparaplu",
      "CNzh": "叶子雨伞",
      "TWzh": "葉子雨傘",
      "JPja": "はっぱのかさ",
      "KRko": "연꽃잎 우산",
      "EUru": "зонт-лист"
    }
  },
  {
    "id": "Umbrella_06904",
    "version": "1.0.0",
    "locale": {
      "USen": "sunny parasol",
      "EUen": "sunny parasol",
      "EUde": "Sommerschirm",
      "EUes": "paraguas girasoles",
      "USes": "paraguas girasoles",
      "EUfr": "parapluie tournesols",
      "USfr": "parapluie tournesols",
      "EUit": "parasole gioioso",
      "EUnl": "zonnige parasol",
      "CNzh": "向日葵雨伞",
      "TWzh": "向日葵雨傘",
      "JPja": "ひまわりのかさ",
      "KRko": "해바라기 우산",
      "EUru": "зонт с подсолнухами"
    }
  },
  {
    "id": "Umbrella_06905",
    "version": "1.0.0",
    "locale": {
      "USen": "snowflake umbrella",
      "EUen": "snowflake umbrella",
      "EUde": "Schneeflockenschirm",
      "EUes": "paraguas nevada",
      "USes": "paraguas nevada",
      "EUfr": "parapluie flocon",
      "USfr": "parapluie flocon",
      "EUit": "ombrello fiocco di neve",
      "EUnl": "sneeuwvlokparaplu",
      "CNzh": "雪花雨伞",
      "TWzh": "雪花雨傘",
      "JPja": "スノーフレークのかさ",
      "KRko": "눈꽃 우산",
      "EUru": "зонт-снежинка"
    }
  },
  {
    "id": "Umbrella_06906",
    "version": "1.0.0",
    "locale": {
      "USen": "hydrangea umbrella",
      "EUen": "hydrangea umbrella",
      "EUde": "Hortensienschirm",
      "EUes": "paraguas hortensias",
      "USes": "paraguas hortensias",
      "EUfr": "parapluie hortensias",
      "USfr": "parapluie hortensias",
      "EUit": "ombrello ortensia",
      "EUnl": "hortensiaparaplu",
      "CNzh": "绣球花雨伞",
      "TWzh": "繡球花雨傘",
      "JPja": "アジサイのかさ",
      "KRko": "수국 우산",
      "EUru": "зонт-гортензия"
    }
  },
  {
    "id": "Umbrella_06907",
    "version": "1.0.0",
    "locale": {
      "USen": "strawberry umbrella",
      "EUen": "strawberry umbrella",
      "EUde": "Erdbeerschirm",
      "EUes": "paraguas fresa",
      "USes": "paraguas fresa",
      "EUfr": "parapluie fraise",
      "USfr": "parapluie fraise",
      "EUit": "ombrello fragola",
      "EUnl": "aardbeiparaplu",
      "CNzh": "草莓雨伞",
      "TWzh": "草莓雨傘",
      "JPja": "いちごのかさ",
      "KRko": "딸기 우산",
      "EUru": "клубничный зонт"
    }
  },
  {
    "id": "Umbrella_06908",
    "version": "1.0.0",
    "locale": {
      "USen": "kiwi umbrella",
      "EUen": "kiwi umbrella",
      "EUde": "Kiwischirm",
      "EUes": "paraguas kiwi",
      "USes": "paraguas kiwi",
      "EUfr": "parapluie kiwi",
      "USfr": "parapluie kiwi",
      "EUit": "ombrello kiwi",
      "EUnl": "kiwiparaplu",
      "CNzh": "奇异果雨伞",
      "TWzh": "奇異果雨傘",
      "JPja": "キウイのかさ",
      "KRko": "키위 우산",
      "EUru": "зонт-киви"
    }
  },
  {
    "id": "Umbrella_06909",
    "version": "1.0.0",
    "locale": {
      "USen": "watermelon umbrella",
      "EUen": "watermelon umbrella",
      "EUde": "Wassermelonenschirm",
      "EUes": "paraguas sandía",
      "USes": "paraguas sandía",
      "EUfr": "parapluie pastèque",
      "USfr": "parapluie melon d'eau",
      "EUit": "ombrello anguria",
      "EUnl": "watermeloenparaplu",
      "CNzh": "西瓜雨伞",
      "TWzh": "西瓜雨傘",
      "JPja": "スイカのかさ",
      "KRko": "수박 우산",
      "EUru": "арбузный зонт"
    }
  },
  {
    "id": "Umbrella_06910",
    "version": "1.0.0",
    "locale": {
      "USen": "pineapple umbrella",
      "EUen": "pineapple umbrella",
      "EUde": "Ananasschirm",
      "EUes": "paraguas piña",
      "USes": "paraguas piña",
      "EUfr": "parapluie ananas",
      "USfr": "parapluie ananas",
      "EUit": "ombrello ananas",
      "EUnl": "ananasparaplu",
      "CNzh": "凤梨雨伞",
      "TWzh": "鳳梨雨傘",
      "JPja": "パイナップルのかさ",
      "KRko": "파인애플 우산",
      "EUru": "ананасный зонт"
    }
  },
  {
    "id": "Umbrella_06911",
    "version": "1.0.0",
    "locale": {
      "USen": "grape umbrella",
      "EUen": "grape umbrella",
      "EUde": "Traubenschirm",
      "EUes": "paraguas uvas",
      "USes": "paraguas uva",
      "EUfr": "parapluie raisin",
      "USfr": "parapluie raisin",
      "EUit": "ombrello uva",
      "EUnl": "druivenparaplu",
      "CNzh": "葡萄雨伞",
      "TWzh": "葡萄雨傘",
      "JPja": "ぶどうのかさ",
      "KRko": "포도 우산",
      "EUru": "виноградный зонт"
    }
  },
  {
    "id": "Umbrella_06912",
    "version": "1.0.0",
    "locale": {
      "USen": "orange umbrella",
      "EUen": "orange umbrella",
      "EUde": "Orangenschirm",
      "EUes": "paraguas naranja",
      "USes": "paraguas naranja",
      "EUfr": "parapluie orange",
      "USfr": "parapluie orange",
      "EUit": "ombrello arancia",
      "EUnl": "sinaasappelparaplu",
      "CNzh": "橘子雨伞",
      "TWzh": "橘子雨傘",
      "JPja": "オレンジのかさ",
      "KRko": "오렌지 우산",
      "EUru": "апельсиновый зонт"
    }
  },
  {
    "id": "Umbrella_06913",
    "version": "1.0.0",
    "locale": {
      "USen": "raindrop umbrella",
      "EUen": "raindrop umbrella",
      "EUde": "Tropfenschirm",
      "EUes": "paraguas gotas de lluvia",
      "USes": "paraguas gotas de lluvia",
      "EUfr": "parapluie motif pluie",
      "USfr": "parapluie motif pluie",
      "EUit": "ombrello gocce di pioggia",
      "EUnl": "regendruppelsparaplu",
      "CNzh": "雨点雨伞",
      "TWzh": "雨點雨傘",
      "JPja": "レイニーなかさ",
      "KRko": "비 내리는 우산",
      "EUru": "зонт с каплями"
    }
  },
  {
    "id": "Umbrella_06914",
    "version": "1.0.0",
    "locale": {
      "USen": "mini-flower-print umbrella",
      "EUen": "mini-flower-print umbrella",
      "EUde": "Blümchenschirm",
      "EUes": "paraguas florecitas",
      "USes": "paraguas florecitas",
      "EUfr": "parapluie imprimé fleurettes",
      "USfr": "parapluie imprimé fleurettes",
      "EUit": "ombrello fiorellini",
      "EUnl": "bloemenparaplu",
      "CNzh": "碎花纹雨伞",
      "TWzh": "碎花雨傘",
      "JPja": "こばながらのかさ",
      "KRko": "잔꽃무늬 우산",
      "EUru": "зонт в мелкий цветочек"
    }
  },
  {
    "id": "Umbrella_06915",
    "version": "1.0.0",
    "locale": {
      "USen": "black lace umbrella",
      "EUen": "black lace umbrella",
      "EUde": "Spitzenschirm",
      "EUes": "paraguas de encaje",
      "USes": "paraguas de encaje",
      "EUfr": "ombrelle dentelle noire",
      "USfr": "ombrelle dentelle noire",
      "EUit": "ombrello ricami nero",
      "EUnl": "zwarte kanten paraplu",
      "CNzh": "黑色蕾丝雨伞",
      "TWzh": "黑色蕾絲雨傘",
      "JPja": "くろいレースのかさ",
      "KRko": "검정 레이스 우산",
      "EUru": "черный кружевной зонт"
    }
  },
  {
    "id": "Umbrella_06916",
    "version": "1.0.0",
    "locale": {
      "USen": "striped umbrella",
      "EUen": "striped umbrella",
      "EUde": "Streifenschirm",
      "EUes": "paraguas rayas",
      "USes": "paraguas a rayas",
      "EUfr": "parapluie à rayures",
      "USfr": "parapluie à rayures",
      "EUit": "ombrello a righe",
      "EUnl": "gestreepte paraplu",
      "CNzh": "条纹雨伞",
      "TWzh": "條紋雨傘",
      "JPja": "ストライプのかさ",
      "KRko": "줄무늬 우산",
      "EUru": "зонт в полоску"
    }
  },
  {
    "id": "Umbrella_06917",
    "version": "1.0.0",
    "locale": {
      "USen": "tartan-check umbrella",
      "EUen": "tartan-check umbrella",
      "EUde": "Schottenmusterschirm",
      "EUes": "paraguas tartán",
      "USes": "paraguas escocés",
      "EUfr": "parapluie tartan",
      "USfr": "parapluie tartan",
      "EUit": "ombrello tartan",
      "EUnl": "tartanparaplu",
      "CNzh": "苏格兰格纹雨伞",
      "TWzh": "蘇格蘭格紋雨傘",
      "JPja": "タータンチェックのかさ",
      "KRko": "타탄 체크 우산",
      "EUru": "зонт в клетку"
    }
  },
  {
    "id": "Umbrella_06918",
    "version": "1.0.0",
    "locale": {
      "USen": "patterned vinyl umbrella",
      "EUen": "patterned vinyl umbrella",
      "EUde": "Pünktchen-Plastikschirm",
      "EUes": "paraguas de vinilo a topos",
      "USes": "paraguas de vinilo a lunares",
      "EUfr": "parapluie vinyle à motifs",
      "USfr": "parapluie vinyle à motifs",
      "EUit": "ombrello plastica decorato",
      "EUnl": "vinylparaplu met patroon",
      "CNzh": "花纹透明雨伞",
      "TWzh": "花紋透明雨傘",
      "JPja": "ガラいりビニールがさ",
      "KRko": "도트 무늬 비닐 우산",
      "EUru": "зонт из винила с узором"
    }
  },
  {
    "id": "Umbrella_06919",
    "version": "1.0.0",
    "locale": {
      "USen": "bat umbrella",
      "EUen": "bat umbrella",
      "EUde": "Flederschirm",
      "EUes": "paraguas negro",
      "USes": "paraguas negro",
      "EUfr": "parapluie noir",
      "USfr": "parapluie noir",
      "EUit": "ombrello tetro",
      "EUnl": "vleermuisparaplu",
      "CNzh": "蝙蝠雨伞",
      "TWzh": "蝙蝠雨傘",
      "JPja": "こうもりがさ",
      "KRko": "박쥐 우산",
      "EUru": "чернокрылый зонт"
    }
  },
  {
    "id": "Umbrella_06923",
    "version": "1.0.0",
    "locale": {
      "USen": "camo umbrella",
      "EUen": "camo umbrella",
      "EUde": "Tarnschirm",
      "EUes": "paraguas camuflaje",
      "USes": "paraguas camuflaje",
      "EUfr": "parapluie camouflage",
      "USfr": "parapluie camouflage",
      "EUit": "ombrello mimetico",
      "EUnl": "camouflageparaplu",
      "CNzh": "迷彩雨伞",
      "TWzh": "迷彩雨傘",
      "JPja": "めいさいのかさ",
      "KRko": "밀리터리 우산",
      "EUru": "камуфляжный зонт"
    }
  },
  {
    "id": "Umbrella_06924",
    "version": "1.0.0",
    "locale": {
      "USen": "ghost umbrella",
      "EUen": "ghost umbrella",
      "EUde": "Geisterschirm",
      "EUes": "paraguas amuleto",
      "USes": "paraguas amuleto",
      "EUfr": "parapluie bonze",
      "USfr": "parapluie bonze",
      "EUit": "ombrello fantasma",
      "EUnl": "spookparaplu",
      "CNzh": "晴天娃娃雨伞",
      "TWzh": "晴天娃娃雨傘",
      "JPja": "てるてるぼうずのかさ",
      "KRko": "해나와라 우산",
      "EUru": "призрачный зонт"
    }
  },
  {
    "id": "Umbrella_06925",
    "version": "1.0.0",
    "locale": {
      "USen": "frog umbrella",
      "EUen": "frog umbrella",
      "EUde": "Froschschirm",
      "EUes": "paraguas rana",
      "USes": "paraguas rana",
      "EUfr": "parapluie grenouille",
      "USfr": "parapluie grenouille",
      "EUit": "ombrello rana",
      "EUnl": "kikkerparaplu",
      "CNzh": "青蛙雨伞",
      "TWzh": "青蛙雨傘",
      "JPja": "カエルのかさ",
      "KRko": "개구리 우산",
      "EUru": "лягушачий зонт"
    }
  },
  {
    "id": "Umbrella_06926",
    "version": "1.0.0",
    "locale": {
      "USen": "candy umbrella",
      "EUen": "candy umbrella",
      "EUde": "Karoschirm",
      "EUes": "paraguas vichy",
      "USes": "paraguas vichy",
      "EUfr": "parapluie vichy fraise",
      "USfr": "parapluie vichy fraise",
      "EUit": "ombrello caramella",
      "EUnl": "roze geruite paraplu",
      "CNzh": "草莓嘉顿格雨伞",
      "TWzh": "草莓嘉頓格雨傘",
      "JPja": "いちごギンガムのかさ",
      "KRko": "딸기 깅엄 우산",
      "EUru": "зонт в леденцовых тонах"
    }
  },
  {
    "id": "Umbrella_07164",
    "version": "1.0.0",
    "locale": {
      "USen": "pink umbrella",
      "EUen": "pink umbrella",
      "EUde": "Pink-Schirm",
      "EUes": "paraguas rosa",
      "USes": "paraguas rosa",
      "EUfr": "parapluie rose",
      "USfr": "parapluie rose",
      "EUit": "ombrello rosa",
      "EUnl": "roze paraplu",
      "CNzh": "粉红色纯色雨伞",
      "TWzh": "粉紅色無圖案雨傘",
      "JPja": "ピンクのむじのかさ",
      "KRko": "핑크 우산",
      "EUru": "розовый зонт"
    }
  },
  {
    "id": "Umbrella_07165",
    "version": "1.0.0",
    "locale": {
      "USen": "vinyl umbrella",
      "EUen": "vinyl umbrella",
      "EUde": "Plastikschirm",
      "EUes": "paraguas de vinilo",
      "USes": "paraguas de vinilo",
      "EUfr": "parapluie vinyle",
      "USfr": "parapluie vinyle",
      "EUit": "ombrello di plastica",
      "EUnl": "vinylparaplu",
      "CNzh": "透明雨伞",
      "TWzh": "透明雨傘",
      "JPja": "ビニールがさ",
      "KRko": "비닐 우산",
      "EUru": "зонт из винила"
    }
  },
  {
    "id": "Umbrella_07166",
    "version": "1.0.0",
    "locale": {
      "USen": "two-tone umbrella",
      "EUen": "two-tone umbrella",
      "EUde": "Zweifarbschirm",
      "EUes": "paraguas bicolor",
      "USes": "paraguas bicolor",
      "EUfr": "parapluie bicolore",
      "USfr": "parapluie bicolore",
      "EUit": "ombrello bicolore",
      "EUnl": "tweekleurige paraplu",
      "CNzh": "撞色雨伞",
      "TWzh": "撞色雨傘",
      "JPja": "ツートンなかさ",
      "KRko": "투톤 우산",
      "EUru": "двуцветный зонт"
    }
  },
  {
    "id": "Umbrella_07167",
    "version": "1.0.0",
    "locale": {
      "USen": "bear umbrella",
      "EUen": "bear umbrella",
      "EUde": "Bärenschirm",
      "EUes": "paraguas oso",
      "USes": "paraguas oso",
      "EUfr": "parapluie ours",
      "USfr": "parapluie ours",
      "EUit": "ombrello orso",
      "EUnl": "beerparaplu",
      "CNzh": "熊熊雨伞",
      "TWzh": "熊熊雨傘",
      "JPja": "クマのかさ",
      "KRko": "곰 우산",
      "EUru": "зонт с медвежонком"
    }
  },
  {
    "id": "Umbrella_07169",
    "version": "1.0.0",
    "locale": {
      "USen": "maple-leaf umbrella",
      "EUen": "maple-leaf umbrella",
      "EUde": "Ahornschirm",
      "EUes": "parasol hoja de arce",
      "USes": "parasol hoja de arce",
      "EUfr": "parapluie feuille d'érable",
      "USfr": "parapluie feuille d'érable",
      "EUit": "ombrello foglia d'acero",
      "EUnl": "esdoornbladparaplu",
      "CNzh": "枫叶雨伞",
      "TWzh": "楓葉雨傘",
      "JPja": "もみじのかさ",
      "KRko": "단풍잎 우산",
      "EUru": "кленовый лист-зонт"
    }
  },
  {
    "id": "Umbrella_07170",
    "version": "1.0.0",
    "locale": {
      "USen": "panda umbrella",
      "EUen": "panda umbrella",
      "EUde": "Pandaschirm",
      "EUes": "paraguas panda",
      "USes": "paraguas panda",
      "EUfr": "parapluie panda",
      "USfr": "parapluie panda",
      "EUit": "ombrello panda",
      "EUnl": "pandaparaplu",
      "CNzh": "熊猫雨伞",
      "TWzh": "熊貓雨傘",
      "JPja": "パンダのかさ",
      "KRko": "팬더 우산",
      "EUru": "зонт с пандой"
    }
  },
  {
    "id": "Umbrella_07171",
    "version": "1.0.0",
    "locale": {
      "USen": "exquisite parasol",
      "EUen": "exquisite parasol",
      "EUde": "Asienschirm",
      "EUes": "sombrilla oriental",
      "USes": "sombrilla oriental",
      "EUfr": "ombrelle magnifique",
      "USfr": "ombrelle magnifique",
      "EUit": "parasole dinastia",
      "EUnl": "verfijnde parasol",
      "CNzh": "东方风雨伞",
      "TWzh": "東方風雨傘",
      "JPja": "オリエンタルなかさ",
      "KRko": "오리엔탈 우산",
      "EUru": "изысканный зонт"
    }
  },
  {
    "id": "Umbrella_07172",
    "version": "1.0.0",
    "locale": {
      "USen": "logo umbrella",
      "EUen": "logo umbrella",
      "EUde": "Logoschirm",
      "EUes": "paraguas logotipo",
      "USes": "paraguas logotipo",
      "EUfr": "parapluie à logo",
      "USfr": "parapluie à logo",
      "EUit": "ombrello con logo",
      "EUnl": "logoparaplu",
      "CNzh": "Logo雨伞",
      "TWzh": "Logo雨傘",
      "JPja": "ロゴいりのかさ",
      "KRko": "로고 우산",
      "EUru": "зонт с логотипом"
    }
  },
  {
    "id": "Umbrella_07173",
    "version": "1.0.0",
    "locale": {
      "USen": "spider umbrella",
      "EUen": "spider umbrella",
      "EUde": "Spinnwebenschirm",
      "EUes": "parasol telaraña",
      "USes": "parasol telaraña",
      "EUfr": "parapluie arachnide",
      "USfr": "parapluie arachnide",
      "EUit": "ombrello ragnatela",
      "EUnl": "spinnenwebparaplu",
      "CNzh": "蜘蛛网雨伞",
      "TWzh": "蜘蛛網雨傘",
      "JPja": "スパイダーなかさ",
      "KRko": "스파이더 우산",
      "EUru": "зонт с паутиной"
    }
  },
  {
    "id": "Umbrella_07174",
    "version": "1.0.0",
    "locale": {
      "USen": "mush umbrella",
      "EUen": "mush umbrella",
      "EUde": "Pilzregenschirm",
      "EUes": "parasol seta",
      "USes": "parasol hongo",
      "EUfr": "parapluie champi",
      "USfr": "parapluie champignon",
      "EUit": "ombrello fungo",
      "EUnl": "paddenstoelparaplu",
      "CNzh": "蘑菇雨伞",
      "TWzh": "蘑菇雨傘",
      "JPja": "キノコのかさ",
      "KRko": "버섯 우산",
      "EUru": "зонт-гриб"
    }
  },
  {
    "id": "Umbrella_07175",
    "version": "1.0.0",
    "locale": {
      "USen": "fairy-tale umbrella",
      "EUen": "fairy-tale umbrella",
      "EUde": "Märchenschirm",
      "EUes": "parasol de cuento",
      "USes": "parasol de cuento",
      "EUfr": "parapluie conte de fées",
      "USfr": "parapluie conte de fées",
      "EUit": "ombrello favola",
      "EUnl": "sprookjesparaplu",
      "CNzh": "童话风雨伞",
      "TWzh": "童話風雨傘",
      "JPja": "メルヘンなかさ",
      "KRko": "메르헨 우산",
      "EUru": "сказочный зонт"
    }
  },
  {
    "id": "Umbrella_07176",
    "version": "1.0.0",
    "locale": {
      "USen": "pink shiny-bows parasol",
      "EUen": "pink shiny-bows parasol",
      "EUde": "Pink-Niedlich-Schirm",
      "EUes": "parasol muñequita rosa",
      "USes": "parasol muñequita rosa",
      "EUfr": "ombrelle à rubans rose",
      "USfr": "ombrelle à rubans rose",
      "EUit": "parasole bambolina rosa",
      "EUnl": "roze strikjesparasol",
      "CNzh": "粉红色洛丽塔雨伞",
      "TWzh": "粉紅色蘿莉塔雨傘",
      "JPja": "ピンクのロリータがさ",
      "KRko": "핑크 리본 레이스 우산",
      "EUru": "зонт с розов. бантиками"
    }
  },
  {
    "id": "Umbrella_07177",
    "version": "1.0.0",
    "locale": {
      "USen": "kabuki umbrella",
      "EUen": "kabuki umbrella",
      "EUde": "Kabuki-Schirm",
      "EUes": "sombrilla kabuki",
      "USes": "sombrilla kabuki",
      "EUfr": "ombrelle kabuki",
      "USfr": "ombrelle kabuki",
      "EUit": "ombrello kabuki",
      "EUnl": "kabukiparasol",
      "CNzh": "歌舞伎雨伞",
      "TWzh": "歌舞伎雨傘",
      "JPja": "かぶきなかさ",
      "KRko": "가부키 우산",
      "EUru": "зонт кабуки"
    }
  },
  {
    "id": "Umbrella_07178",
    "version": "1.0.0",
    "locale": {
      "USen": "paper parasol",
      "EUen": "paper parasol",
      "EUde": "Papierschirmchen",
      "EUes": "sombrilla de papel",
      "USes": "parasol de papel",
      "EUfr": "ombrelle papier",
      "USfr": "ombrelle papier",
      "EUit": "parasole cinese",
      "EUnl": "papieren parasol",
      "CNzh": "油纸伞",
      "TWzh": "油紙傘",
      "JPja": "ばんがさ",
      "KRko": "대나무 우산",
      "EUru": "бумажный зонт"
    }
  },
  {
    "id": "Umbrella_07179",
    "version": "1.0.0",
    "locale": {
      "USen": "rainbow umbrella",
      "EUen": "rainbow umbrella",
      "EUde": "Regenbogenschirm",
      "EUes": "parasol arcoíris",
      "USes": "parasol arcoíris",
      "EUfr": "parapluie arc-en-ciel",
      "USfr": "parapluie arc-en-ciel",
      "EUit": "ombrello arcobaleno",
      "EUnl": "regenboogparaplu",
      "CNzh": "彩虹雨伞",
      "TWzh": "彩虹雨傘",
      "JPja": "レインボーなかさ",
      "KRko": "무지개 우산",
      "EUru": "радужный зонт"
    }
  },
  {
    "id": "Umbrella_07180",
    "version": "1.0.0",
    "locale": {
      "USen": "gelato umbrella",
      "EUen": "gelato umbrella",
      "EUde": "3-Farben-Schirm",
      "EUes": "paraguas tricolor",
      "USes": "paraguas tricolor",
      "EUfr": "parapluie Rome",
      "USfr": "parapluie Rome",
      "EUit": "ombrello spicchi",
      "EUnl": "tricoloreparaplu",
      "CNzh": "三色雨伞",
      "TWzh": "三色雨傘",
      "JPja": "トリコロールなかさ",
      "KRko": "3색 우산",
      "EUru": "трехцветный зонт"
    }
  },
  {
    "id": "Umbrella_07181",
    "version": "1.0.0",
    "locale": {
      "USen": "petal parasol",
      "EUen": "petal parasol",
      "EUde": "Margeritenschirm",
      "EUes": "parasol margarita",
      "USes": "parasol margarita",
      "EUfr": "ombrelle marguerite",
      "USfr": "ombrelle marguerite",
      "EUit": "parasole petalo",
      "EUnl": "margrietparasol",
      "CNzh": "小雏菊雨伞",
      "TWzh": "小雛菊雨傘",
      "JPja": "マーガレットのかさ",
      "KRko": "국화꽃 우산",
      "EUru": "зонт-ромашка"
    }
  },
  {
    "id": "Umbrella_07182",
    "version": "1.0.0",
    "locale": {
      "USen": "busted umbrella",
      "EUen": "busted umbrella",
      "EUde": "Antikschirm",
      "EUes": "paraguas roto",
      "USes": "paraguas roto",
      "EUfr": "parapluie cassé",
      "USfr": "parapluie cassé",
      "EUit": "ombrello rotto",
      "EUnl": "kapotte paraplu",
      "CNzh": "坏掉的雨伞",
      "TWzh": "壞掉的雨傘",
      "JPja": "こわれたかさ",
      "KRko": "부러진 우산",
      "EUru": "сломанный зонт"
    }
  },
  {
    "id": "Umbrella_07183",
    "version": "1.0.0",
    "locale": {
      "USen": "purple chic umbrella",
      "EUen": "purple chic umbrella",
      "EUde": "Violett-Klassikschirm",
      "EUes": "parasol gótico morado",
      "USes": "parasol gótico morado",
      "EUfr": "ombrelle chic violette",
      "USfr": "ombrelle chic mauve",
      "EUit": "ombrello viola chic",
      "EUnl": "paarse chique paraplu",
      "CNzh": "紫色典雅雨伞",
      "TWzh": "紫色典雅雨傘",
      "JPja": "むらさきのシックなかさ",
      "KRko": "보라 시크 우산",
      "EUru": "шикарный фиолет. зонт"
    }
  },
  {
    "id": "Umbrella_08767",
    "version": "1.0.0",
    "locale": {
      "USen": "ladybug umbrella",
      "EUen": "ladybug umbrella",
      "EUde": "Marienkäferschirm",
      "EUes": "paraguas mariquita",
      "USes": "paraguas catarina",
      "EUfr": "parapluie coccinelle",
      "USfr": "parapluie coccinelle",
      "EUit": "ombrello coccinella",
      "EUnl": "lieveheersbeestjeparaplu",
      "CNzh": "瓢虫雨伞",
      "TWzh": "瓢蟲雨傘",
      "JPja": "テントウムシのかさ",
      "KRko": "무당벌레 우산",
      "EUru": "зонт «Божья коровка»"
    }
  },
  {
    "id": "Umbrella_08768",
    "version": "1.0.0",
    "locale": {
      "USen": "fish umbrella",
      "EUen": "fish umbrella",
      "EUde": "Fischschirm",
      "EUes": "paraguas peces",
      "USes": "paraguas peces",
      "EUfr": "parapluie poissons",
      "USfr": "parapluie poissons",
      "EUit": "ombrello pesci",
      "EUnl": "visparaplu",
      "CNzh": "鱼儿雨伞",
      "TWzh": "魚兒雨傘",
      "JPja": "サカナのかさ",
      "KRko": "물고기 우산",
      "EUru": "зонт с рыбкой"
    }
  },
  {
    "id": "Umbrella_09560",
    "version": "1.0.0",
    "locale": {
      "USen": "DAL umbrella",
      "EUen": "DAL umbrella",
      "EUde": "DAL-Schirm",
      "EUes": "paraguas de DAL",
      "USes": "paraguas de DAL",
      "EUfr": "parapluie Dodo Airlines",
      "USfr": "parapluie Dodo Airlines",
      "EUit": "ombrello DAL",
      "EUnl": "DAL-paraplu",
      "CNzh": "DAL雨伞",
      "TWzh": "DAL雨傘",
      "JPja": "ＤＡＬのかさ",
      "KRko": "DAL 우산",
      "EUru": "зонт DAL"
    }
  },
  {
    "id": "Umbrella_09561",
    "version": "1.0.0",
    "locale": {
      "USen": "Nook Inc. umbrella",
      "EUen": "Nook Inc. umbrella",
      "EUde": "Nook-Inc.-Schirm",
      "EUes": "paraguas de Nook Inc.",
      "USes": "paraguas de Nook Inc.",
      "EUfr": "parapluie Nook Inc.",
      "USfr": "parapluie Nook Inc.",
      "EUit": "ombrello Nook Inc.",
      "EUnl": "Nook Inc.-paraplu",
      "CNzh": "Nook Inc.雨伞",
      "TWzh": "Nook Inc.雨傘",
      "JPja": "たぬきかいはつのかさ",
      "KRko": "Nook Inc. 우산",
      "EUru": "зонт Nook Inc."
    }
  },
  {
    "id": "Umbrella_09945",
    "version": "1.0.0",
    "locale": {
      "USen": "cherry-blossom umbrella",
      "EUen": "cherry-blossom umbrella",
      "EUde": "Kirschblütenschirm",
      "EUes": "paraguas flor de cerezo",
      "USes": "paraguas flor de cerezo",
      "EUfr": "parapluie fleur de cerisier",
      "USfr": "parapluie fleur de cerisier",
      "EUit": "ombrello fiore di ciliegio",
      "EUnl": "kersenbloesemparaplu",
      "CNzh": "樱花雨伞",
      "TWzh": "櫻花雨傘",
      "JPja": "さくらのかさ",
      "KRko": "벚꽃 우산",
      "EUru": "зонт «Цветок вишни»"
    }
  },
  {
    "id": "Umbrella_09946",
    "version": "1.0.0",
    "locale": {
      "USen": "lacy parasol",
      "EUen": "lacy parasol",
      "EUde": "Damenschirmchen",
      "EUes": "parasol encaje",
      "USes": "parasol encaje",
      "EUfr": "ombrelle en dentelle",
      "USfr": "ombrelle en dentelle",
      "EUit": "parasole ricami",
      "EUnl": "kanten parasol",
      "CNzh": "蕾丝雨伞",
      "TWzh": "蕾絲雨傘",
      "JPja": "レースのかさ",
      "KRko": "레이스 우산",
      "EUru": "кружевной зонт"
    }
  },
  {
    "id": "Umbrella_09947",
    "version": "1.0.0",
    "locale": {
      "USen": "peach umbrella",
      "EUen": "peach umbrella",
      "EUde": "Pfirsichschirm",
      "EUes": "paraguas melocotón",
      "USes": "paraguas durazno",
      "EUfr": "parapluie pêche",
      "USfr": "parapluie pêche",
      "EUit": "ombrello pesca",
      "EUnl": "perzikparaplu",
      "CNzh": "桃子雨伞",
      "TWzh": "桃子雨傘",
      "JPja": "モモのかさ",
      "KRko": "복숭아 우산",
      "EUru": "персиковый зонт"
    }
  },
  {
    "id": "Umbrella_09948",
    "version": "1.0.0",
    "locale": {
      "USen": "apple umbrella",
      "EUen": "apple umbrella",
      "EUde": "Apfelschirm",
      "EUes": "paraguas manzana",
      "USes": "paraguas manzana",
      "EUfr": "parapluie pomme",
      "USfr": "parapluie pomme",
      "EUit": "ombrello mela",
      "EUnl": "appelparaplu",
      "CNzh": "苹果雨伞",
      "TWzh": "蘋果雨傘",
      "JPja": "リンゴのかさ",
      "KRko": "사과 우산",
      "EUru": "яблочный зонт"
    }
  },
  {
    "id": "Umbrella_09949",
    "version": "1.0.0",
    "locale": {
      "USen": "cherry umbrella",
      "EUen": "cherry umbrella",
      "EUde": "Kirschschirm",
      "EUes": "paraguas cerezas",
      "USes": "paraguas cerezas",
      "EUfr": "parapluie cerises",
      "USfr": "parapluie cerises",
      "EUit": "ombrello ciliegie",
      "EUnl": "kersenparaplu",
      "CNzh": "樱桃雨伞",
      "TWzh": "櫻桃雨傘",
      "JPja": "さくらんぼのかさ",
      "KRko": "체리 우산",
      "EUru": "вишневый зонт"
    }
  },
  {
    "id": "Umbrella_09950",
    "version": "1.0.0",
    "locale": {
      "USen": "pear umbrella",
      "EUen": "pear umbrella",
      "EUde": "Birnenschirm",
      "EUes": "paraguas pera",
      "USes": "paraguas pera",
      "EUfr": "parapluie poire",
      "USfr": "parapluie poire",
      "EUit": "ombrello pera",
      "EUnl": "perenparaplu",
      "CNzh": "梨子雨伞",
      "TWzh": "梨子雨傘",
      "JPja": "ナシのかさ",
      "KRko": "배 우산",
      "EUru": "грушевый зонт"
    }
  },
  {
    "id": "Umbrella_09951",
    "version": "1.0.0",
    "locale": {
      "USen": "melon umbrella",
      "EUen": "melon umbrella",
      "EUde": "Melonenschirm",
      "EUes": "paraguas melón",
      "USes": "paraguas melón",
      "EUfr": "parapluie vichy melon",
      "USfr": "parapluie vichy melon",
      "EUit": "ombrello melone",
      "EUnl": "groengeruite paraplu",
      "CNzh": "嫩叶嘉顿格纹雨伞",
      "TWzh": "嫩綠嘉頓格雨傘",
      "JPja": "わかばギンガムのかさ",
      "KRko": "새싹 깅엄 우산",
      "EUru": "дынный зонт"
    }
  },
  {
    "id": "Umbrella_09952",
    "version": "1.0.0",
    "locale": {
      "USen": "mint umbrella",
      "EUen": "mint umbrella",
      "EUde": "Minzschirm",
      "EUes": "paraguas menta",
      "USes": "paraguas menta",
      "EUfr": "parapluie vichy menthe",
      "USfr": "parapluie vichy menthe",
      "EUit": "ombrello menta",
      "EUnl": "groen-zwartgeruite paraplu",
      "CNzh": "薄荷嘉顿格纹雨伞",
      "TWzh": "薄荷綠嘉頓格雨傘",
      "JPja": "ミントギンガムのかさ",
      "KRko": "민트 깅엄 우산",
      "EUru": "мятный зонт"
    }
  },
  {
    "id": "Umbrella_09953",
    "version": "1.0.0",
    "locale": {
      "USen": "picnic umbrella",
      "EUen": "picnic umbrella",
      "EUde": "Picknickschirm",
      "EUes": "paraguas pícnic",
      "USes": "paraguas pícnic",
      "EUfr": "parapluie vichy cassis",
      "USfr": "parapluie vichy cassis",
      "EUit": "ombrello picnic",
      "EUnl": "paarsgeruite paraplu",
      "CNzh": "莓果嘉顿格纹雨伞",
      "TWzh": "莓果嘉頓格雨傘",
      "JPja": "ベリーギンガムのかさ",
      "KRko": "베리 깅엄 우산",
      "EUru": "зонт для пикника"
    }
  },
  {
    "id": "Umbrella_09954",
    "version": "1.0.0",
    "locale": {
      "USen": "lemon umbrella",
      "EUen": "lemon umbrella",
      "EUde": "Zitrusschirm",
      "EUes": "paraguas limón",
      "USes": "paraguas limón",
      "EUfr": "parapluie vichy citron",
      "USfr": "parapluie vichy citron",
      "EUit": "ombrello limone",
      "EUnl": "geelgeruite paraplu",
      "CNzh": "柠檬嘉顿格纹雨伞",
      "TWzh": "檸檬嘉頓格雨傘",
      "JPja": "レモンギンガムのかさ",
      "KRko": "레몬 깅엄 우산",
      "EUru": "лимонный зонт"
    }
  },
  {
    "id": "Umbrella_09955",
    "version": "1.0.0",
    "locale": {
      "USen": "eggy parasol",
      "EUen": "eggy parasol",
      "EUde": "Eigelbschirm",
      "EUes": "parasol sol",
      "USes": "parasol sol",
      "EUfr": "parapluie à pois jaune",
      "USfr": "parapluie à pois jaune",
      "EUit": "parasole bolle giallo",
      "EUnl": "gele parasol met stippen",
      "CNzh": "黄色点点雨伞",
      "TWzh": "黃色圓點雨傘",
      "JPja": "きいろみずたまのかさ",
      "KRko": "노란 물방울 우산",
      "EUru": "яичный зонт"
    }
  },
  {
    "id": "Umbrella_09956",
    "version": "1.0.0",
    "locale": {
      "USen": "blue dot parasol",
      "EUen": "blue dot parasol",
      "EUde": "Wolkenschirm",
      "EUes": "parasol mar",
      "USes": "parasol mar",
      "EUfr": "parapluie à pois bleu",
      "USfr": "parapluie à pois bleu",
      "EUit": "parasole bolle blu",
      "EUnl": "blauwe parasol met stippen",
      "CNzh": "蓝色点点雨伞",
      "TWzh": "藍色圓點雨傘",
      "JPja": "あおいみずたまのかさ",
      "KRko": "파란 물방울 우산",
      "EUru": "синий зонт в горох"
    }
  },
  {
    "id": "Umbrella_09957",
    "version": "1.0.0",
    "locale": {
      "USen": "beach umbrella",
      "EUen": "beach umbrella",
      "EUde": "Strandschirm",
      "EUes": "paraguas playa",
      "USes": "paraguas playa",
      "EUfr": "parapluie de plage",
      "USfr": "parapluie de plage",
      "EUit": "ombrello da mare",
      "EUnl": "strandbalparaplu",
      "CNzh": "沙滩伞",
      "TWzh": "沙灘傘",
      "JPja": "ビーチなかさ",
      "KRko": "해변가 우산",
      "EUru": "пляжный зонт"
    }
  },
  {
    "id": "Umbrella_09958",
    "version": "1.0.0",
    "locale": {
      "USen": "red umbrella",
      "EUen": "red umbrella",
      "EUde": "Rubinschirm",
      "EUes": "paraguas rojo",
      "USes": "paraguas rojo",
      "EUfr": "parapluie rouge",
      "USfr": "parapluie rouge",
      "EUit": "ombrello rosso",
      "EUnl": "rode paraplu",
      "CNzh": "红色纯色雨伞",
      "TWzh": "紅色無圖案雨傘",
      "JPja": "あかいむじのかさ",
      "KRko": "빨간 우산",
      "EUru": "красный зонт"
    }
  },
  {
    "id": "Umbrella_09959",
    "version": "1.0.0",
    "locale": {
      "USen": "blue umbrella",
      "EUen": "blue umbrella",
      "EUde": "Aquaschirm",
      "EUes": "paraguas azul",
      "USes": "paraguas azul",
      "EUfr": "parapluie bleu",
      "USfr": "parapluie bleu",
      "EUit": "ombrello blu",
      "EUnl": "blauwe paraplu",
      "CNzh": "蓝色纯色雨伞",
      "TWzh": "藍色無圖案雨傘",
      "JPja": "あおいむじのかさ",
      "KRko": "파란 우산",
      "EUru": "синий зонт"
    }
  },
  {
    "id": "Umbrella_09960",
    "version": "1.0.0",
    "locale": {
      "USen": "green umbrella",
      "EUen": "green umbrella",
      "EUde": "Smaragdschirm",
      "EUes": "paraguas verde",
      "USes": "paraguas verde",
      "EUfr": "parapluie vert",
      "USfr": "parapluie vert",
      "EUit": "ombrello verde",
      "EUnl": "groene paraplu",
      "CNzh": "绿色纯色雨伞",
      "TWzh": "綠色無圖案雨傘",
      "JPja": "みどりのむじのかさ",
      "KRko": "초록 우산",
      "EUru": "зеленый зонт"
    }
  },
  {
    "id": "Umbrella_12133",
    "version": "1.0.0",
    "locale": {
      "USen": "purple shiny-bows parasol",
      "EUen": "purple shiny-bows parasol",
      "EUde": "Lila-Niedlich-Schirm",
      "EUes": "parasol muñequita lila",
      "USes": "parasol muñequita morado",
      "EUfr": "ombrelle à rubans violette",
      "USfr": "ombrelle à rubans mauve",
      "EUit": "parasole bambolina viola",
      "EUnl": "paarse strikjesparasol",
      "CNzh": "紫色洛丽塔雨伞",
      "TWzh": "紫色蘿莉塔雨傘",
      "JPja": "パープルのロリータがさ",
      "KRko": "퍼플 리본 레이스 우산",
      "EUru": "зонт с фиолет. бантиками"
    }
  },
  {
    "id": "Umbrella_12134",
    "version": "1.0.0",
    "locale": {
      "USen": "blue shiny-bows parasol",
      "EUen": "blue shiny-bows parasol",
      "EUde": "Blau-Niedlich-Schirm",
      "EUes": "parasol muñequita azul",
      "USes": "parasol muñequita azul",
      "EUfr": "ombrelle à rubans bleue",
      "USfr": "ombrelle à rubans bleue",
      "EUit": "parasole bambolina blu",
      "EUnl": "blauwe strikjesparasol",
      "CNzh": "蓝色洛丽塔雨伞",
      "TWzh": "藍色蘿莉塔雨傘",
      "JPja": "ブルーのロリータがさ",
      "KRko": "블루 리본 레이스 우산",
      "EUru": "зонт с синими бантиками"
    }
  },
  {
    "id": "Umbrella_12135",
    "version": "1.0.0",
    "locale": {
      "USen": "white shiny-bows parasol",
      "EUen": "white shiny-bows parasol",
      "EUde": "Weiß-Niedlich-Schirm",
      "EUes": "parasol muñequita blanco",
      "USes": "parasol muñequita blanco",
      "EUfr": "ombrelle à rubans blanche",
      "USfr": "ombrelle à rubans blanche",
      "EUit": "parasole bambolina bianco",
      "EUnl": "witte strikjesparasol",
      "CNzh": "白色洛丽塔雨伞",
      "TWzh": "白色蘿莉塔雨傘",
      "JPja": "ホワイトのロリータがさ",
      "KRko": "화이트 리본 레이스 우산",
      "EUru": "зонт с белыми бантиками"
    }
  },
  {
    "id": "Umbrella_12136",
    "version": "1.0.0",
    "locale": {
      "USen": "green chic umbrella",
      "EUen": "green chic umbrella",
      "EUde": "Grün-Klassikschirm",
      "EUes": "parasol gótico verde",
      "USes": "parasol gótico verde",
      "EUfr": "ombrelle chic verte",
      "USfr": "ombrelle chic verte",
      "EUit": "ombrello verde chic",
      "EUnl": "groene chique paraplu",
      "CNzh": "绿色典雅雨伞",
      "TWzh": "綠色典雅雨傘",
      "JPja": "みどりのシックなかさ",
      "KRko": "초록 시크 우산",
      "EUru": "шикарный зеленый зонт"
    }
  },
  {
    "id": "Umbrella_12137",
    "version": "1.0.0",
    "locale": {
      "USen": "black chic umbrella",
      "EUen": "black chic umbrella",
      "EUde": "Schwarz-Klassikschirm",
      "EUes": "parasol gótico negro",
      "USes": "parasol gótico negro",
      "EUfr": "ombrelle chic noire",
      "USfr": "ombrelle chic noire",
      "EUit": "ombrello nero chic",
      "EUnl": "zwarte chique paraplu",
      "CNzh": "黑色典雅雨伞",
      "TWzh": "黑色典雅雨傘",
      "JPja": "くろいシックなかさ",
      "KRko": "검정 시크 우산",
      "EUru": "шикарный черный зонт"
    }
  },
  {
    "id": "Umbrella_12138",
    "version": "1.0.0",
    "locale": {
      "USen": "red chic umbrella",
      "EUen": "red chic umbrella",
      "EUde": "Rot-Klassikschirm",
      "EUes": "parasol gótico rojo",
      "USes": "parasol gótico rojo",
      "EUfr": "ombrelle chic rouge",
      "USfr": "ombrelle chic rouge",
      "EUit": "ombrello rosso chic",
      "EUnl": "rode chique paraplu",
      "CNzh": "红色典雅雨伞",
      "TWzh": "紅色典雅雨傘",
      "JPja": "あかいシックなかさ",
      "KRko": "빨간 시크 우산",
      "EUru": "шикарный красный зонт"
    }
  }
]
